reference_date,location,horizon,target,target_end_date,output_type,output_type_id,value
2026-10-10,US,0,wk inc flu hosp,2026-10-10,quantile,0.01,2763
2026-10-10,US,0,wk inc flu hosp,2026-10-10,quantile,0.025,3024
2026-10-10,US,0,wk inc flu hosp,2026-10-10,quantile,0.05,3248
2026-10-10,US,0,wk inc flu hosp,2026-10-10,quantile,0.1,3505
2026-10-10,US,0,wk inc flu hosp,2026-10-10,quantile,0.15,3680
2026-10-10,US,0,wk inc flu hosp,2026-10-10,quantile,0.2,3820
2026-10-10,US,0,wk inc flu hosp,2026-10-10,quantile,0.25,3941
2026-10-10,US,0,wk inc flu hosp,2026-10-10,quantile,0.3,4050
2026-10-10,US,0,wk inc flu hosp,2026-10-10,quantile,0.35,4152
2026-10-10,US,0,wk inc flu hosp,2026-10-10,quantile,0.4,4248
2026-10-10,US,0,wk inc flu hosp,2026-10-10,quantile,0.45,4342
2026-10-10,US,0,wk inc flu hosp,2026-10-10,quantile,0.5,4435
2026-10-10,US,0,wk inc flu hosp,2026-10-10,quantile,0.55,4529
2026-10-10,US,0,wk inc flu hosp,2026-10-10,quantile,0.6,4626
2026-10-10,US,0,wk inc flu hosp,2026-10-10,quantile,0.65,4729
2026-10-10,US,0,wk inc flu hosp,2026-10-10,quantile,0.7,4840
2026-10-10,US,0,wk inc flu hosp,2026-10-10,quantile,0.75,4964
2026-10-10,US,0,wk inc flu hosp,2026-10-10,quantile,0.8,5109
2026-10-10,US,0,wk inc flu hosp,2026-10-10,quantile,0.85,5287
2026-10-10,US,0,wk inc flu hosp,2026-10-10,quantile,0.9,5530
2026-10-10,US,0,wk inc flu hosp,2026-10-10,quantile,0.95,5932
2026-10-10,US,0,wk inc flu hosp,2026-10-10,quantile,0.975,6325
2026-10-10,US,0,wk inc flu hosp,2026-10-10,quantile,0.99,6846
2026-10-10,US,1,wk inc flu hosp,2026-10-17,quantile,0.01,2935
2026-10-10,US,1,wk inc flu hosp,2026-10-17,quantile,0.025,3380
2026-10-10,US,1,wk inc flu hosp,2026-10-17,quantile,0.05,3755
2026-10-10,US,1,wk inc flu hosp,2026-10-17,quantile,0.1,4182
2026-10-10,US,1,wk inc flu hosp,2026-10-17,quantile,0.15,4472
2026-10-10,US,1,wk inc flu hosp,2026-10-17,quantile,0.2,4706
2026-10-10,US,1,wk inc flu hosp,2026-10-17,quantile,0.25,4909
2026-10-10,US,1,wk inc flu hosp,2026-10-17,quantile,0.3,5092
2026-10-10,US,1,wk inc flu hosp,2026-10-17,quantile,0.35,5263
2026-10-10,US,1,wk inc flu hosp,2026-10-17,quantile,0.4,5424
2026-10-10,US,1,wk inc flu hosp,2026-10-17,quantile,0.45,5582
2026-10-10,US,1,wk inc flu hosp,2026-10-17,quantile,0.5,5738
2026-10-10,US,1,wk inc flu hosp,2026-10-17,quantile,0.55,5896
2026-10-10,US,1,wk inc flu hosp,2026-10-17,quantile,0.6,6062
2026-10-10,US,1,wk inc flu hosp,2026-10-17,quantile,0.65,6241
2026-10-10,US,1,wk inc flu hosp,2026-10-17,quantile,0.7,6438
2026-10-10,US,1,wk inc flu hosp,2026-10-17,quantile,0.75,6665
2026-10-10,US,1,wk inc flu hosp,2026-10-17,quantile,0.8,6937
2026-10-10,US,1,wk inc flu hosp,2026-10-17,quantile,0.85,7283
2026-10-10,US,1,wk inc flu hosp,2026-10-17,quantile,0.9,7770
2026-10-10,US,1,wk inc flu hosp,2026-10-17,quantile,0.95,8615
2026-10-10,US,1,wk inc flu hosp,2026-10-17,quantile,0.975,9499
2026-10-10,US,1,wk inc flu hosp,2026-10-17,quantile,0.99,10770
2026-10-10,US,2,wk inc flu hosp,2026-10-24,quantile,0.01,2972
2026-10-10,US,2,wk inc flu hosp,2026-10-24,quantile,0.025,3659
2026-10-10,US,2,wk inc flu hosp,2026-10-24,quantile,0.05,4249
2026-10-10,US,2,wk inc flu hosp,2026-10-24,quantile,0.1,4917
2026-10-10,US,2,wk inc flu hosp,2026-10-24,quantile,0.15,5370
2026-10-10,US,2,wk inc flu hosp,2026-10-24,quantile,0.2,5738
2026-10-10,US,2,wk inc flu hosp,2026-10-24,quantile,0.25,6060
2026-10-10,US,2,wk inc flu hosp,2026-10-24,quantile,0.3,6352
2026-10-10,US,2,wk inc flu hosp,2026-10-24,quantile,0.35,6624
2026-10-10,US,2,wk inc flu hosp,2026-10-24,quantile,0.4,6880
2026-10-10,US,2,wk inc flu hosp,2026-10-24,quantile,0.45,7129
2026-10-10,US,2,wk inc flu hosp,2026-10-24,quantile,0.5,7377
2026-10-10,US,2,wk inc flu hosp,2026-10-24,quantile,0.55,7633
2026-10-10,US,2,wk inc flu hosp,2026-10-24,quantile,0.6,7906
2026-10-10,US,2,wk inc flu hosp,2026-10-24,quantile,0.65,8206
2026-10-10,US,2,wk inc flu hosp,2026-10-24,quantile,0.7,8546
2026-10-10,US,2,wk inc flu hosp,2026-10-24,quantile,0.75,8945
2026-10-10,US,2,wk inc flu hosp,2026-10-24,quantile,0.8,9434
2026-10-10,US,2,wk inc flu hosp,2026-10-24,quantile,0.85,10074
2026-10-10,US,2,wk inc flu hosp,2026-10-24,quantile,0.9,11002
2026-10-10,US,2,wk inc flu hosp,2026-10-24,quantile,0.95,12691
2026-10-10,US,2,wk inc flu hosp,2026-10-24,quantile,0.975,14593
2026-10-10,US,2,wk inc flu hosp,2026-10-24,quantile,0.99,17536
2026-10-10,US,3,wk inc flu hosp,2026-10-31,quantile,0.01,2967
2026-10-10,US,3,wk inc flu hosp,2026-10-31,quantile,0.025,3914
2026-10-10,US,3,wk inc flu hosp,2026-10-31,quantile,0.05,4756
2026-10-10,US,3,wk inc flu hosp,2026-10-31,quantile,0.1,5730
2026-10-10,US,3,wk inc flu hosp,2026-10-31,quantile,0.15,6393
2026-10-10,US,3,wk inc flu hosp,2026-10-31,quantile,0.2,6937
2026-10-10,US,3,wk inc flu hosp,2026-10-31,quantile,0.25,7417
2026-10-10,US,3,wk inc flu hosp,2026-10-31,quantile,0.3,7857
2026-10-10,US,3,wk inc flu hosp,2026-10-31,quantile,0.35,8265
2026-10-10,US,3,wk inc flu hosp,2026-10-31,quantile,0.4,8649
2026-10-10,US,3,wk inc flu hosp,2026-10-31,quantile,0.45,9021
2026-10-10,US,3,wk inc flu hosp,2026-10-31,quantile,0.5,9396
2026-10-10,US,3,wk inc flu hosp,2026-10-31,quantile,0.55,9791
2026-10-10,US,3,wk inc flu hosp,2026-10-31,quantile,0.6,10223
2026-10-10,US,3,wk inc flu hosp,2026-10-31,quantile,0.65,10708
2026-10-10,US,3,wk inc flu hosp,2026-10-31,quantile,0.7,11265
2026-10-10,US,3,wk inc flu hosp,2026-10-31,quantile,0.75,11926
2026-10-10,US,3,wk inc flu hosp,2026-10-31,quantile,0.8,12749
2026-10-10,US,3,wk inc flu hosp,2026-10-31,quantile,0.85,13850
2026-10-10,US,3,wk inc flu hosp,2026-10-31,quantile,0.9,15481
2026-10-10,US,3,wk inc flu hosp,2026-10-31,quantile,0.95,18585
2026-10-10,US,3,wk inc flu hosp,2026-10-31,quantile,0.975,22289
2026-10-10,US,3,wk inc flu hosp,2026-10-31,quantile,0.99,28294
2026-10-10,01,0,wk inc flu hosp,2026-10-10,quantile,0.01,28
2026-10-10,01,0,wk inc flu hosp,2026-10-10,quantile,0.025,34
2026-10-10,01,0,wk inc flu hosp,2026-10-10,quantile,0.05,39
2026-10-10,01,0,wk inc flu hosp,2026-10-10,quantile,0.1,45
2026-10-10,01,0,wk inc flu hosp,2026-10-10,quantile,0.15,49
2026-10-10,01,0,wk inc flu hosp,2026-10-10,quantile,0.2,53
2026-10-10,01,0,wk inc flu hosp,2026-10-10,quantile,0.25,56
2026-10-10,01,0,wk inc flu hosp,2026-10-10,quantile,0.3,59
2026-10-10,01,0,wk inc flu hosp,2026-10-10,quantile,0.35,62
2026-10-10,01,0,wk inc flu hosp,2026-10-10,quantile,0.4,65
2026-10-10,01,0,wk inc flu hosp,2026-10-10,quantile,0.45,68
2026-10-10,01,0,wk inc flu hosp,2026-10-10,quantile,0.5,71
2026-10-10,01,0,wk inc flu hosp,2026-10-10,quantile,0.55,74
2026-10-10,01,0,wk inc flu hosp,2026-10-10,quantile,0.6,77
2026-10-10,01,0,wk inc flu hosp,2026-10-10,quantile,0.65,80
2026-10-10,01,0,wk inc flu hosp,2026-10-10,quantile,0.7,83
2026-10-10,01,0,wk inc flu hosp,2026-10-10,quantile,0.75,87
2026-10-10,01,0,wk inc flu hosp,2026-10-10,quantile,0.8,92
2026-10-10,01,0,wk inc flu hosp,2026-10-10,quantile,0.85,97
2026-10-10,01,0,wk inc flu hosp,2026-10-10,quantile,0.9,105
2026-10-10,01,0,wk inc flu hosp,2026-10-10,quantile,0.95,117
2026-10-10,01,0,wk inc flu hosp,2026-10-10,quantile,0.975,128
2026-10-10,01,0,wk inc flu hosp,2026-10-10,quantile,0.99,143
2026-10-10,01,1,wk inc flu hosp,2026-10-17,quantile,0.01,28
2026-10-10,01,1,wk inc flu hosp,2026-10-17,quantile,0.025,36
2026-10-10,01,1,wk inc flu hosp,2026-10-17,quantile,0.05,43
2026-10-10,01,1,wk inc flu hosp,2026-10-17,quantile,0.1,53
2026-10-10,01,1,wk inc flu hosp,2026-10-17,quantile,0.15,60
2026-10-10,01,1,wk inc flu hosp,2026-10-17,quantile,0.2,65
2026-10-10,01,1,wk inc flu hosp,2026-10-17,quantile,0.25,70
2026-10-10,01,1,wk inc flu hosp,2026-10-17,quantile,0.3,75
2026-10-10,01,1,wk inc flu hosp,2026-10-17,quantile,0.35,80
2026-10-10,01,1,wk inc flu hosp,2026-10-17,quantile,0.4,84
2026-10-10,01,1,wk inc flu hosp,2026-10-17,quantile,0.45,88
2026-10-10,01,1,wk inc flu hosp,2026-10-17,quantile,0.5,93
2026-10-10,01,1,wk inc flu hosp,2026-10-17,quantile,0.55,98
2026-10-10,01,1,wk inc flu hosp,2026-10-17,quantile,0.6,103
2026-10-10,01,1,wk inc flu hosp,2026-10-17,quantile,0.65,108
2026-10-10,01,1,wk inc flu hosp,2026-10-17,quantile,0.7,114
2026-10-10,01,1,wk inc flu hosp,2026-10-17,quantile,0.75,120
2026-10-10,01,1,wk inc flu hosp,2026-10-17,quantile,0.8,128
2026-10-10,01,1,wk inc flu hosp,2026-10-17,quantile,0.85,138
2026-10-10,01,1,wk inc flu hosp,2026-10-17,quantile,0.9,152
2026-10-10,01,1,wk inc flu hosp,2026-10-17,quantile,0.95,175
2026-10-10,01,1,wk inc flu hosp,2026-10-17,quantile,0.975,200
2026-10-10,01,1,wk inc flu hosp,2026-10-17,quantile,0.99,238
2026-10-10,01,2,wk inc flu hosp,2026-10-24,quantile,0.01,26
2026-10-10,01,2,wk inc flu hosp,2026-10-24,quantile,0.025,37
2026-10-10,01,2,wk inc flu hosp,2026-10-24,quantile,0.05,48
2026-10-10,01,2,wk inc flu hosp,2026-10-24,quantile,0.1,61
2026-10-10,01,2,wk inc flu hosp,2026-10-24,quantile,0.15,71
2026-10-10,01,2,wk inc flu hosp,2026-10-24,quantile,0.2,79
2026-10-10,01,2,wk inc flu hosp,2026-10-24,quantile,0.25,87
2026-10-10,01,2,wk inc flu hosp,2026-10-24,quantile,0.3,94
2026-10-10,01,2,wk inc flu hosp,2026-10-24,quantile,0.35,101
2026-10-10,01,2,wk inc flu hosp,2026-10-24,quantile,0.4,108
2026-10-10,01,2,wk inc flu hosp,2026-10-24,quantile,0.45,114
2026-10-10,01,2,wk inc flu hosp,2026-10-24,quantile,0.5,121
2026-10-10,01,2,wk inc flu hosp,2026-10-24,quantile,0.55,129
2026-10-10,01,2,wk inc flu hosp,2026-10-24,quantile,0.6,137
2026-10-10,01,2,wk inc flu hosp,2026-10-24,quantile,0.65,145
2026-10-10,01,2,wk inc flu hosp,2026-10-24,quantile,0.7,155
2026-10-10,01,2,wk inc flu hosp,2026-10-24,quantile,0.75,166
2026-10-10,01,2,wk inc flu hosp,2026-10-24,quantile,0.8,179
2026-10-10,01,2,wk inc flu hosp,2026-10-24,quantile,0.85,195
2026-10-10,01,2,wk inc flu hosp,2026-10-24,quantile,0.9,219
2026-10-10,01,2,wk inc flu hosp,2026-10-24,quantile,0.95,264
2026-10-10,01,2,wk inc flu hosp,2026-10-24,quantile,0.975,316
2026-10-10,01,2,wk inc flu hosp,2026-10-24,quantile,0.99,407
2026-10-10,01,3,wk inc flu hosp,2026-10-31,quantile,0.01,25
2026-10-10,01,3,wk inc flu hosp,2026-10-31,quantile,0.025,39
2026-10-10,01,3,wk inc flu hosp,2026-10-31,quantile,0.05,53
2026-10-10,01,3,wk inc flu hosp,2026-10-31,quantile,0.1,71
2026-10-10,01,3,wk inc flu hosp,2026-10-31,quantile,0.15,84
2026-10-10,01,3,wk inc flu hosp,2026-10-31,quantile,0.2,96
2026-10-10,01,3,wk inc flu hosp,2026-10-31,quantile,0.25,107
2026-10-10,01,3,wk inc flu hosp,2026-10-31,quantile,0.3,117
2026-10-10,01,3,wk inc flu hosp,2026-10-31,quantile,0.35,127
2026-10-10,01,3,wk inc flu hosp,2026-10-31,quantile,0.4,137
2026-10-10,01,3,wk inc flu hosp,2026-10-31,quantile,0.45,147
2026-10-10,01,3,wk inc flu hosp,2026-10-31,quantile,0.5,157
2026-10-10,01,3,wk inc flu hosp,2026-10-31,quantile,0.55,168
2026-10-10,01,3,wk inc flu hosp,2026-10-31,quantile,0.6,180
2026-10-10,01,3,wk inc flu hosp,2026-10-31,quantile,0.65,193
2026-10-10,01,3,wk inc flu hosp,2026-10-31,quantile,0.7,207
2026-10-10,01,3,wk inc flu hosp,2026-10-31,quantile,0.75,224
2026-10-10,01,3,wk inc flu hosp,2026-10-31,quantile,0.8,245
2026-10-10,01,3,wk inc flu hosp,2026-10-31,quantile,0.85,272
2026-10-10,01,3,wk inc flu hosp,2026-10-31,quantile,0.9,311
2026-10-10,01,3,wk inc flu hosp,2026-10-31,quantile,0.95,388
2026-10-10,01,3,wk inc flu hosp,2026-10-31,quantile,0.975,488
2026-10-10,01,3,wk inc flu hosp,2026-10-31,quantile,0.99,688
2026-10-10,02,0,wk inc flu hosp,2026-10-10,quantile,0.01,6
2026-10-10,02,0,wk inc flu hosp,2026-10-10,quantile,0.025,8
2026-10-10,02,0,wk inc flu hosp,2026-10-10,quantile,0.05,11
2026-10-10,02,0,wk inc flu hosp,2026-10-10,quantile,0.1,15
2026-10-10,02,0,wk inc flu hosp,2026-10-10,quantile,0.15,18
2026-10-10,02,0,wk inc flu hosp,2026-10-10,quantile,0.2,20
2026-10-10,02,0,wk inc flu hosp,2026-10-10,quantile,0.25,23
2026-10-10,02,0,wk inc flu hosp,2026-10-10,quantile,0.3,25
2026-10-10,02,0,wk inc flu hosp,2026-10-10,quantile,0.35,27
2026-10-10,02,0,wk inc flu hosp,2026-10-10,quantile,0.4,29
2026-10-10,02,0,wk inc flu hosp,2026-10-10,quantile,0.45,31
2026-10-10,02,0,wk inc flu hosp,2026-10-10,quantile,0.5,33
2026-10-10,02,0,wk inc flu hosp,2026-10-10,quantile,0.55,35
2026-10-10,02,0,wk inc flu hosp,2026-10-10,quantile,0.6,38
2026-10-10,02,0,wk inc flu hosp,2026-10-10,quantile,0.65,40
2026-10-10,02,0,wk inc flu hosp,2026-10-10,quantile,0.7,43
2026-10-10,02,0,wk inc flu hosp,2026-10-10,quantile,0.75,46
2026-10-10,02,0,wk inc flu hosp,2026-10-10,quantile,0.8,49
2026-10-10,02,0,wk inc flu hosp,2026-10-10,quantile,0.85,53
2026-10-10,02,0,wk inc flu hosp,2026-10-10,quantile,0.9,59
2026-10-10,02,0,wk inc flu hosp,2026-10-10,quantile,0.95,68
2026-10-10,02,0,wk inc flu hosp,2026-10-10,quantile,0.975,76
2026-10-10,02,0,wk inc flu hosp,2026-10-10,quantile,0.99,87
2026-10-10,02,1,wk inc flu hosp,2026-10-17,quantile,0.01,4
2026-10-10,02,1,wk inc flu hosp,2026-10-17,quantile,0.025,7
2026-10-10,02,1,wk inc flu hosp,2026-10-17,quantile,0.05,10
2026-10-10,02,1,wk inc flu hosp,2026-10-17,quantile,0.1,15
2026-10-10,02,1,wk inc flu hosp,2026-10-17,quantile,0.15,19
2026-10-10,02,1,wk inc flu hosp,2026-10-17,quantile,0.2,23
2026-10-10,02,1,wk inc flu hosp,2026-10-17,quantile,0.25,26
2026-10-10,02,1,wk inc flu hosp,2026-10-17,quantile,0.3,30
2026-10-10,02,1,wk inc flu hosp,2026-10-17,quantile,0.35,33
2026-10-10,02,1,wk inc flu hosp,2026-10-17,quantile,0.4,36
2026-10-10,02,1,wk inc flu hosp,2026-10-17,quantile,0.45,39
2026-10-10,02,1,wk inc flu hosp,2026-10-17,quantile,0.5,42
2026-10-10,02,1,wk inc flu hosp,2026-10-17,quantile,0.55,46
2026-10-10,02,1,wk inc flu hosp,2026-10-17,quantile,0.6,49
2026-10-10,02,1,wk inc flu hosp,2026-10-17,quantile,0.65,53
2026-10-10,02,1,wk inc flu hosp,2026-10-17,quantile,0.7,57
2026-10-10,02,1,wk inc flu hosp,2026-10-17,quantile,0.75,62
2026-10-10,02,1,wk inc flu hosp,2026-10-17,quantile,0.8,68
2026-10-10,02,1,wk inc flu hosp,2026-10-17,quantile,0.85,75
2026-10-10,02,1,wk inc flu hosp,2026-10-17,quantile,0.9,84
2026-10-10,02,1,wk inc flu hosp,2026-10-17,quantile,0.95,100
2026-10-10,02,1,wk inc flu hosp,2026-10-17,quantile,0.975,116
2026-10-10,02,1,wk inc flu hosp,2026-10-17,quantile,0.99,138
2026-10-10,02,2,wk inc flu hosp,2026-10-24,quantile,0.01,3
2026-10-10,02,2,wk inc flu hosp,2026-10-24,quantile,0.025,6
2026-10-10,02,2,wk inc flu hosp,2026-10-24,quantile,0.05,10
2026-10-10,02,2,wk inc flu hosp,2026-10-24,quantile,0.1,16
2026-10-10,02,2,wk inc flu hosp,2026-10-24,quantile,0.15,21
2026-10-10,02,2,wk inc flu hosp,2026-10-24,quantile,0.2,26
2026-10-10,02,2,wk inc flu hosp,2026-10-24,quantile,0.25,31
2026-10-10,02,2,wk inc flu hosp,2026-10-24,quantile,0.3,35
2026-10-10,02,2,wk inc flu hosp,2026-10-24,quantile,0.35,40
2026-10-10,02,2,wk inc flu hosp,2026-10-24,quantile,0.4,44
2026-10-10,02,2,wk inc flu hosp,2026-10-24,quantile,0.45,49
2026-10-10,02,2,wk inc flu hosp,2026-10-24,quantile,0.5,53
2026-10-10,02,2,wk inc flu hosp,2026-10-24,quantile,0.55,58
2026-10-10,02,2,wk inc flu hosp,2026-10-24,quantile,0.6,64
2026-10-10,02,2,wk inc flu hosp,2026-10-24,quantile,0.65,69
2026-10-10,02,2,wk inc flu hosp,2026-10-24,quantile,0.7,76
2026-10-10,02,2,wk inc flu hosp,2026-10-24,quantile,0.75,83
2026-10-10,02,2,wk inc flu hosp,2026-10-24,quantile,0.8,92
2026-10-10,02,2,wk inc flu hosp,2026-10-24,quantile,0.85,103
2026-10-10,02,2,wk inc flu hosp,2026-10-24,quantile,0.9,118
2026-10-10,02,2,wk inc flu hosp,2026-10-24,quantile,0.95,145
2026-10-10,02,2,wk inc flu hosp,2026-10-24,quantile,0.975,174
2026-10-10,02,2,wk inc flu hosp,2026-10-24,quantile,0.99,215
2026-10-10,02,3,wk inc flu hosp,2026-10-31,quantile,0.01,2
2026-10-10,02,3,wk inc flu hosp,2026-10-31,quantile,0.025,5
2026-10-10,02,3,wk inc flu hosp,2026-10-31,quantile,0.05,10
2026-10-10,02,3,wk inc flu hosp,2026-10-31,quantile,0.1,17
2026-10-10,02,3,wk inc flu hosp,2026-10-31,quantile,0.15,24
2026-10-10,02,3,wk inc flu hosp,2026-10-31,quantile,0.2,30
2026-10-10,02,3,wk inc flu hosp,2026-10-31,quantile,0.25,36
2026-10-10,02,3,wk inc flu hosp,2026-10-31,quantile,0.3,42
2026-10-10,02,3,wk inc flu hosp,2026-10-31,quantile,0.35,48
2026-10-10,02,3,wk inc flu hosp,2026-10-31,quantile,0.4,54
2026-10-10,02,3,wk inc flu hosp,2026-10-31,quantile,0.45,60
2026-10-10,02,3,wk inc flu hosp,2026-10-31,quantile,0.5,66
2026-10-10,02,3,wk inc flu hosp,2026-10-31,quantile,0.55,73
2026-10-10,02,3,wk inc flu hosp,2026-10-31,quantile,0.6,80
2026-10-10,02,3,wk inc flu hosp,2026-10-31,quantile,0.65,88
2026-10-10,02,3,wk inc flu hosp,2026-10-31,quantile,0.7,97
2026-10-10,02,3,wk inc flu hosp,2026-10-31,quantile,0.75,107
2026-10-10,02,3,wk inc flu hosp,2026-10-31,quantile,0.8,119
2026-10-10,02,3,wk inc flu hosp,2026-10-31,quantile,0.85,135
2026-10-10,02,3,wk inc flu hosp,2026-10-31,quantile,0.9,158
2026-10-10,02,3,wk inc flu hosp,2026-10-31,quantile,0.95,199
2026-10-10,02,3,wk inc flu hosp,2026-10-31,quantile,0.975,244
2026-10-10,02,3,wk inc flu hosp,2026-10-31,quantile,0.99,309
2026-10-10,04,0,wk inc flu hosp,2026-10-10,quantile,0.01,25
2026-10-10,04,0,wk inc flu hosp,2026-10-10,quantile,0.025,30
2026-10-10,04,0,wk inc flu hosp,2026-10-10,quantile,0.05,35
2026-10-10,04,0,wk inc flu hosp,2026-10-10,quantile,0.1,42
2026-10-10,04,0,wk inc flu hosp,2026-10-10,quantile,0.15,47
2026-10-10,04,0,wk inc flu hosp,2026-10-10,quantile,0.2,50
2026-10-10,04,0,wk inc flu hosp,2026-10-10,quantile,0.25,54
2026-10-10,04,0,wk inc flu hosp,2026-10-10,quantile,0.3,57
2026-10-10,04,0,wk inc flu hosp,2026-10-10,quantile,0.35,60
2026-10-10,04,0,wk inc flu hosp,2026-10-10,quantile,0.4,63
2026-10-10,04,0,wk inc flu hosp,2026-10-10,quantile,0.45,66
2026-10-10,04,0,wk inc flu hosp,2026-10-10,quantile,0.5,69
2026-10-10,04,0,wk inc flu hosp,2026-10-10,quantile,0.55,72
2026-10-10,04,0,wk inc flu hosp,2026-10-10,quantile,0.6,76
2026-10-10,04,0,wk inc flu hosp,2026-10-10,quantile,0.65,79
2026-10-10,04,0,wk inc flu hosp,2026-10-10,quantile,0.7,83
2026-10-10,04,0,wk inc flu hosp,2026-10-10,quantile,0.75,87
2026-10-10,04,0,wk inc flu hosp,2026-10-10,quantile,0.8,92
2026-10-10,04,0,wk inc flu hosp,2026-10-10,quantile,0.85,98
2026-10-10,04,0,wk inc flu hosp,2026-10-10,quantile,0.9,106
2026-10-10,04,0,wk inc flu hosp,2026-10-10,quantile,0.95,120
2026-10-10,04,0,wk inc flu hosp,2026-10-10,quantile,0.975,134
2026-10-10,04,0,wk inc flu hosp,2026-10-10,quantile,0.99,153
2026-10-10,04,1,wk inc flu hosp,2026-10-17,quantile,0.01,25
2026-10-10,04,1,wk inc flu hosp,2026-10-17,quantile,0.025,33
2026-10-10,04,1,wk inc flu hosp,2026-10-17,quantile,0.05,40
2026-10-10,04,1,wk inc flu hosp,2026-10-17,quantile,0.1,50
2026-10-10,04,1,wk inc flu hosp,2026-10-17,quantile,0.15,57
2026-10-10,04,1,wk inc flu hosp,2026-10-17,quantile,0.2,63
2026-10-10,04,1,wk inc flu hosp,2026-10-17,quantile,0.25,68
2026-10-10,04,1,wk inc flu hosp,2026-10-17,quantile,0.3,73
2026-10-10,04,1,wk inc flu hosp,2026-10-17,quantile,0.35,78
2026-10-10,04,1,wk inc flu hosp,2026-10-17,quantile,0.4,83
2026-10-10,04,1,wk inc flu hosp,2026-10-17,quantile,0.45,88
2026-10-10,04,1,wk inc flu hosp,2026-10-17,quantile,0.5,92
2026-10-10,04,1,wk inc flu hosp,2026-10-17,quantile,0.55,98
2026-10-10,04,1,wk inc flu hosp,2026-10-17,quantile,0.6,103
2026-10-10,04,1,wk inc flu hosp,2026-10-17,quantile,0.65,109
2026-10-10,04,1,wk inc flu hosp,2026-10-17,quantile,0.7,115
2026-10-10,04,1,wk inc flu hosp,2026-10-17,quantile,0.75,122
2026-10-10,04,1,wk inc flu hosp,2026-10-17,quantile,0.8,131
2026-10-10,04,1,wk inc flu hosp,2026-10-17,quantile,0.85,142
2026-10-10,04,1,wk inc flu hosp,2026-10-17,quantile,0.9,158
2026-10-10,04,1,wk inc flu hosp,2026-10-17,quantile,0.95,188
2026-10-10,04,1,wk inc flu hosp,2026-10-17,quantile,0.975,223
2026-10-10,04,1,wk inc flu hosp,2026-10-17,quantile,0.99,277
2026-10-10,04,2,wk inc flu hosp,2026-10-24,quantile,0.01,25
2026-10-10,04,2,wk inc flu hosp,2026-10-24,quantile,0.025,35
2026-10-10,04,2,wk inc flu hosp,2026-10-24,quantile,0.05,45
2026-10-10,04,2,wk inc flu hosp,2026-10-24,quantile,0.1,58
2026-10-10,04,2,wk inc flu hosp,2026-10-24,quantile,0.15,69
2026-10-10,04,2,wk inc flu hosp,2026-10-24,quantile,0.2,77
2026-10-10,04,2,wk inc flu hosp,2026-10-24,quantile,0.25,85
2026-10-10,04,2,wk inc flu hosp,2026-10-24,quantile,0.3,93
2026-10-10,04,2,wk inc flu hosp,2026-10-24,quantile,0.35,100
2026-10-10,04,2,wk inc flu hosp,2026-10-24,quantile,0.4,107
2026-10-10,04,2,wk inc flu hosp,2026-10-24,quantile,0.45,115
2026-10-10,04,2,wk inc flu hosp,2026-10-24,quantile,0.5,122
2026-10-10,04,2,wk inc flu hosp,2026-10-24,quantile,0.55,130
2026-10-10,04,2,wk inc flu hosp,2026-10-24,quantile,0.6,139
2026-10-10,04,2,wk inc flu hosp,2026-10-24,quantile,0.65,148
2026-10-10,04,2,wk inc flu hosp,2026-10-24,quantile,0.7,158
2026-10-10,04,2,wk inc flu hosp,2026-10-24,quantile,0.75,170
2026-10-10,04,2,wk inc flu hosp,2026-10-24,quantile,0.8,185
2026-10-10,04,2,wk inc flu hosp,2026-10-24,quantile,0.85,205
2026-10-10,04,2,wk inc flu hosp,2026-10-24,quantile,0.9,235
2026-10-10,04,2,wk inc flu hosp,2026-10-24,quantile,0.95,296
2026-10-10,04,2,wk inc flu hosp,2026-10-24,quantile,0.975,373
2026-10-10,04,2,wk inc flu hosp,2026-10-24,quantile,0.99,503
2026-10-10,04,3,wk inc flu hosp,2026-10-31,quantile,0.01,24
2026-10-10,04,3,wk inc flu hosp,2026-10-31,quantile,0.025,37
2026-10-10,04,3,wk inc flu hosp,2026-10-31,quantile,0.05,50
2026-10-10,04,3,wk inc flu hosp,2026-10-31,quantile,0.1,68
2026-10-10,04,3,wk inc flu hosp,2026-10-31,quantile,0.15,82
2026-10-10,04,3,wk inc flu hosp,2026-10-31,quantile,0.2,94
2026-10-10,04,3,wk inc flu hosp,2026-10-31,quantile,0.25,105
2026-10-10,04,3,wk inc flu hosp,2026-10-31,quantile,0.3,116
2026-10-10,04,3,wk inc flu hosp,2026-10-31,quantile,0.35,127
2026-10-10,04,3,wk inc flu hosp,2026-10-31,quantile,0.4,137
2026-10-10,04,3,wk inc flu hosp,2026-10-31,quantile,0.45,148
2026-10-10,04,3,wk inc flu hosp,2026-10-31,quantile,0.5,159
2026-10-10,04,3,wk inc flu hosp,2026-10-31,quantile,0.55,171
2026-10-10,04,3,wk inc flu hosp,2026-10-31,quantile,0.6,184
2026-10-10,04,3,wk inc flu hosp,2026-10-31,quantile,0.65,198
2026-10-10,04,3,wk inc flu hosp,2026-10-31,quantile,0.7,214
2026-10-10,04,3,wk inc flu hosp,2026-10-31,quantile,0.75,233
2026-10-10,04,3,wk inc flu hosp,2026-10-31,quantile,0.8,256
2026-10-10,04,3,wk inc flu hosp,2026-10-31,quantile,0.85,289
2026-10-10,04,3,wk inc flu hosp,2026-10-31,quantile,0.9,342
2026-10-10,04,3,wk inc flu hosp,2026-10-31,quantile,0.95,456
2026-10-10,04,3,wk inc flu hosp,2026-10-31,quantile,0.975,608
2026-10-10,04,3,wk inc flu hosp,2026-10-31,quantile,0.99,877
2026-10-10,05,0,wk inc flu hosp,2026-10-10,quantile,0.01,3
2026-10-10,05,0,wk inc flu hosp,2026-10-10,quantile,0.025,5
2026-10-10,05,0,wk inc flu hosp,2026-10-10,quantile,0.05,6
2026-10-10,05,0,wk inc flu hosp,2026-10-10,quantile,0.1,8
2026-10-10,05,0,wk inc flu hosp,2026-10-10,quantile,0.15,10
2026-10-10,05,0,wk inc flu hosp,2026-10-10,quantile,0.2,12
2026-10-10,05,0,wk inc flu hosp,2026-10-10,quantile,0.25,13
2026-10-10,05,0,wk inc flu hosp,2026-10-10,quantile,0.3,14
2026-10-10,05,0,wk inc flu hosp,2026-10-10,quantile,0.35,16
2026-10-10,05,0,wk inc flu hosp,2026-10-10,quantile,0.4,17
2026-10-10,05,0,wk inc flu hosp,2026-10-10,quantile,0.45,18
2026-10-10,05,0,wk inc flu hosp,2026-10-10,quantile,0.5,20
2026-10-10,05,0,wk inc flu hosp,2026-10-10,quantile,0.55,21
2026-10-10,05,0,wk inc flu hosp,2026-10-10,quantile,0.6,23
2026-10-10,05,0,wk inc flu hosp,2026-10-10,quantile,0.65,24
2026-10-10,05,0,wk inc flu hosp,2026-10-10,quantile,0.7,26
2026-10-10,05,0,wk inc flu hosp,2026-10-10,quantile,0.75,28
2026-10-10,05,0,wk inc flu hosp,2026-10-10,quantile,0.8,31
2026-10-10,05,0,wk inc flu hosp,2026-10-10,quantile,0.85,34
2026-10-10,05,0,wk inc flu hosp,2026-10-10,quantile,0.9,38
2026-10-10,05,0,wk inc flu hosp,2026-10-10,quantile,0.95,45
2026-10-10,05,0,wk inc flu hosp,2026-10-10,quantile,0.975,53
2026-10-10,05,0,wk inc flu hosp,2026-10-10,quantile,0.99,62
2026-10-10,05,1,wk inc flu hosp,2026-10-17,quantile,0.01,3
2026-10-10,05,1,wk inc flu hosp,2026-10-17,quantile,0.025,5
2026-10-10,05,1,wk inc flu hosp,2026-10-17,quantile,0.05,7
2026-10-10,05,1,wk inc flu hosp,2026-10-17,quantile,0.1,10
2026-10-10,05,1,wk inc flu hosp,2026-10-17,quantile,0.15,13
2026-10-10,05,1,wk inc flu hosp,2026-10-17,quantile,0.2,15
2026-10-10,05,1,wk inc flu hosp,2026-10-17,quantile,0.25,17
2026-10-10,05,1,wk inc flu hosp,2026-10-17,quantile,0.3,19
2026-10-10,05,1,wk inc flu hosp,2026-10-17,quantile,0.35,21
2026-10-10,05,1,wk inc flu hosp,2026-10-17,quantile,0.4,23
2026-10-10,05,1,wk inc flu hosp,2026-10-17,quantile,0.45,25
2026-10-10,05,1,wk inc flu hosp,2026-10-17,quantile,0.5,27
2026-10-10,05,1,wk inc flu hosp,2026-10-17,quantile,0.55,29
2026-10-10,05,1,wk inc flu hosp,2026-10-17,quantile,0.6,31
2026-10-10,05,1,wk inc flu hosp,2026-10-17,quantile,0.65,34
2026-10-10,05,1,wk inc flu hosp,2026-10-17,quantile,0.7,37
2026-10-10,05,1,wk inc flu hosp,2026-10-17,quantile,0.75,41
2026-10-10,05,1,wk inc flu hosp,2026-10-17,quantile,0.8,45
2026-10-10,05,1,wk inc flu hosp,2026-10-17,quantile,0.85,50
2026-10-10,05,1,wk inc flu hosp,2026-10-17,quantile,0.9,58
2026-10-10,05,1,wk inc flu hosp,2026-10-17,quantile,0.95,71
2026-10-10,05,1,wk inc flu hosp,2026-10-17,quantile,0.975,86
2026-10-10,05,1,wk inc flu hosp,2026-10-17,quantile,0.99,109
2026-10-10,05,2,wk inc flu hosp,2026-10-24,quantile,0.01,3
2026-10-10,05,2,wk inc flu hosp,2026-10-24,quantile,0.025,5
2026-10-10,05,2,wk inc flu hosp,2026-10-24,quantile,0.05,8
2026-10-10,05,2,wk inc flu hosp,2026-10-24,quantile,0.1,12
2026-10-10,05,2,wk inc flu hosp,2026-10-24,quantile,0.15,15
2026-10-10,05,2,wk inc flu hosp,2026-10-24,quantile,0.2,18
2026-10-10,05,2,wk inc flu hosp,2026-10-24,quantile,0.25,21
2026-10-10,05,2,wk inc flu hosp,2026-10-24,quantile,0.3,24
2026-10-10,05,2,wk inc flu hosp,2026-10-24,quantile,0.35,27
2026-10-10,05,2,wk inc flu hosp,2026-10-24,quantile,0.4,30
2026-10-10,05,2,wk inc flu hosp,2026-10-24,quantile,0.45,33
2026-10-10,05,2,wk inc flu hosp,2026-10-24,quantile,0.5,36
2026-10-10,05,2,wk inc flu hosp,2026-10-24,quantile,0.55,40
2026-10-10,05,2,wk inc flu hosp,2026-10-24,quantile,0.6,43
2026-10-10,05,2,wk inc flu hosp,2026-10-24,quantile,0.65,48
2026-10-10,05,2,wk inc flu hosp,2026-10-24,quantile,0.7,52
2026-10-10,05,2,wk inc flu hosp,2026-10-24,quantile,0.75,58
2026-10-10,05,2,wk inc flu hosp,2026-10-24,quantile,0.8,65
2026-10-10,05,2,wk inc flu hosp,2026-10-24,quantile,0.85,74
2026-10-10,05,2,wk inc flu hosp,2026-10-24,quantile,0.9,87
2026-10-10,05,2,wk inc flu hosp,2026-10-24,quantile,0.95,112
2026-10-10,05,2,wk inc flu hosp,2026-10-24,quantile,0.975,141
2026-10-10,05,2,wk inc flu hosp,2026-10-24,quantile,0.99,190
2026-10-10,05,3,wk inc flu hosp,2026-10-31,quantile,0.01,3
2026-10-10,05,3,wk inc flu hosp,2026-10-31,quantile,0.025,6
2026-10-10,05,3,wk inc flu hosp,2026-10-31,quantile,0.05,9
2026-10-10,05,3,wk inc flu hosp,2026-10-31,quantile,0.1,15
2026-10-10,05,3,wk inc flu hosp,2026-10-31,quantile,0.15,19
2026-10-10,05,3,wk inc flu hosp,2026-10-31,quantile,0.2,23
2026-10-10,05,3,wk inc flu hosp,2026-10-31,quantile,0.25,27
2026-10-10,05,3,wk inc flu hosp,2026-10-31,quantile,0.3,31
2026-10-10,05,3,wk inc flu hosp,2026-10-31,quantile,0.35,35
2026-10-10,05,3,wk inc flu hosp,2026-10-31,quantile,0.4,39
2026-10-10,05,3,wk inc flu hosp,2026-10-31,quantile,0.45,43
2026-10-10,05,3,wk inc flu hosp,2026-10-31,quantile,0.5,48
2026-10-10,05,3,wk inc flu hosp,2026-10-31,quantile,0.55,53
2026-10-10,05,3,wk inc flu hosp,2026-10-31,quantile,0.6,59
2026-10-10,05,3,wk inc flu hosp,2026-10-31,quantile,0.65,66
2026-10-10,05,3,wk inc flu hosp,2026-10-31,quantile,0.7,73
2026-10-10,05,3,wk inc flu hosp,2026-10-31,quantile,0.75,82
2026-10-10,05,3,wk inc flu hosp,2026-10-31,quantile,0.8,93
2026-10-10,05,3,wk inc flu hosp,2026-10-31,quantile,0.85,107
2026-10-10,05,3,wk inc flu hosp,2026-10-31,quantile,0.9,129
2026-10-10,05,3,wk inc flu hosp,2026-10-31,quantile,0.95,170
2026-10-10,05,3,wk inc flu hosp,2026-10-31,quantile,0.975,225
2026-10-10,05,3,wk inc flu hosp,2026-10-31,quantile,0.99,318
2026-10-10,06,0,wk inc flu hosp,2026-10-10,quantile,0.01,384
2026-10-10,06,0,wk inc flu hosp,2026-10-10,quantile,0.025,428
2026-10-10,06,0,wk inc flu hosp,2026-10-10,quantile,0.05,466
2026-10-10,06,0,wk inc flu hosp,2026-10-10,quantile,0.1,511
2026-10-10,06,0,wk inc flu hosp,2026-10-10,quantile,0.15,541
2026-10-10,06,0,wk inc flu hosp,2026-10-10,quantile,0.2,566
2026-10-10,06,0,wk inc flu hosp,2026-10-10,quantile,0.25,587
2026-10-10,06,0,wk inc flu hosp,2026-10-10,quantile,0.3,606
2026-10-10,06,0,wk inc flu hosp,2026-10-10,quantile,0.35,625
2026-10-10,06,0,wk inc flu hosp,2026-10-10,quantile,0.4,642
2026-10-10,06,0,wk inc flu hosp,2026-10-10,quantile,0.45,660
2026-10-10,06,0,wk inc flu hosp,2026-10-10,quantile,0.5,677
2026-10-10,06,0,wk inc flu hosp,2026-10-10,quantile,0.55,695
2026-10-10,06,0,wk inc flu hosp,2026-10-10,quantile,0.6,713
2026-10-10,06,0,wk inc flu hosp,2026-10-10,quantile,0.65,732
2026-10-10,06,0,wk inc flu hosp,2026-10-10,quantile,0.7,752
2026-10-10,06,0,wk inc flu hosp,2026-10-10,quantile,0.75,775
2026-10-10,06,0,wk inc flu hosp,2026-10-10,quantile,0.8,801
2026-10-10,06,0,wk inc flu hosp,2026-10-10,quantile,0.85,832
2026-10-10,06,0,wk inc flu hosp,2026-10-10,quantile,0.9,873
2026-10-10,06,0,wk inc flu hosp,2026-10-10,quantile,0.95,938
2026-10-10,06,0,wk inc flu hosp,2026-10-10,quantile,0.975,1000
2026-10-10,06,0,wk inc flu hosp,2026-10-10,quantile,0.99,1079
2026-10-10,06,1,wk inc flu hosp,2026-10-17,quantile,0.01,384
2026-10-10,06,1,wk inc flu hosp,2026-10-17,quantile,0.025,459
2026-10-10,06,1,wk inc flu hosp,2026-10-17,quantile,0.05,525
2026-10-10,06,1,wk inc flu hosp,2026-10-17,quantile,0.1,600
2026-10-10,06,1,wk inc flu hosp,2026-10-17,quantile,0.15,652
2026-10-10,06,1,wk inc flu hosp,2026-10-17,quantile,0.2,693
2026-10-10,06,1,wk inc flu hosp,2026-10-17,quantile,0.25,728
2026-10-10,06,1,wk inc flu hosp,2026-10-17,quantile,0.3,761
2026-10-10,06,1,wk inc flu hosp,2026-10-17,quantile,0.35,791
2026-10-10,06,1,wk inc flu hosp,2026-10-17,quantile,0.4,821
2026-10-10,06,1,wk inc flu hosp,2026-10-17,quantile,0.45,850
2026-10-10,06,1,wk inc flu hosp,2026-10-17,quantile,0.5,880
2026-10-10,06,1,wk inc flu hosp,2026-10-17,quantile,0.55,910
2026-10-10,06,1,wk inc flu hosp,2026-10-17,quantile,0.6,941
2026-10-10,06,1,wk inc flu hosp,2026-10-17,quantile,0.65,974
2026-10-10,06,1,wk inc flu hosp,2026-10-17,quantile,0.7,1009
2026-10-10,06,1,wk inc flu hosp,2026-10-17,quantile,0.75,1048
2026-10-10,06,1,wk inc flu hosp,2026-10-17,quantile,0.8,1094
2026-10-10,06,1,wk inc flu hosp,2026-10-17,quantile,0.85,1149
2026-10-10,06,1,wk inc flu hosp,2026-10-17,quantile,0.9,1222
2026-10-10,06,1,wk inc flu hosp,2026-10-17,quantile,0.95,1343
2026-10-10,06,1,wk inc flu hosp,2026-10-17,quantile,0.975,1462
2026-10-10,06,1,wk inc flu hosp,2026-10-17,quantile,0.99,1620
2026-10-10,06,2,wk inc flu hosp,2026-10-24,quantile,0.01,369
2026-10-10,06,2,wk inc flu hosp,2026-10-24,quantile,0.025,481
2026-10-10,06,2,wk inc flu hosp,2026-10-24,quantile,0.05,580
2026-10-10,06,2,wk inc flu hosp,2026-10-24,quantile,0.1,697
2026-10-10,06,2,wk inc flu hosp,2026-10-24,quantile,0.15,777
2026-10-10,06,2,wk inc flu hosp,2026-10-24,quantile,0.2,841
2026-10-10,06,2,wk inc flu hosp,2026-10-24,quantile,0.25,897
2026-10-10,06,2,wk inc flu hosp,2026-10-24,quantile,0.3,947
2026-10-10,06,2,wk inc flu hosp,2026-10-24,quantile,0.35,995
2026-10-10,06,2,wk inc flu hosp,2026-10-24,quantile,0.4,1042
2026-10-10,06,2,wk inc flu hosp,2026-10-24,quantile,0.45,1089
2026-10-10,06,2,wk inc flu hosp,2026-10-24,quantile,0.5,1136
2026-10-10,06,2,wk inc flu hosp,2026-10-24,quantile,0.55,1185
2026-10-10,06,2,wk inc flu hosp,2026-10-24,quantile,0.6,1236
2026-10-10,06,2,wk inc flu hosp,2026-10-24,quantile,0.65,1290
2026-10-10,06,2,wk inc flu hosp,2026-10-24,quantile,0.7,1348
2026-10-10,06,2,wk inc flu hosp,2026-10-24,quantile,0.75,1414
2026-10-10,06,2,wk inc flu hosp,2026-10-24,quantile,0.8,1490
2026-10-10,06,2,wk inc flu hosp,2026-10-24,quantile,0.85,1584
2026-10-10,06,2,wk inc flu hosp,2026-10-24,quantile,0.9,1713
2026-10-10,06,2,wk inc flu hosp,2026-10-24,quantile,0.95,1934
2026-10-10,06,2,wk inc flu hosp,2026-10-24,quantile,0.975,2161
2026-10-10,06,2,wk inc flu hosp,2026-10-24,quantile,0.99,2488
2026-10-10,06,3,wk inc flu hosp,2026-10-31,quantile,0.01,354
2026-10-10,06,3,wk inc flu hosp,2026-10-31,quantile,0.025,502
2026-10-10,06,3,wk inc flu hosp,2026-10-31,quantile,0.05,638
2026-10-10,06,3,wk inc flu hosp,2026-10-31,quantile,0.1,804
2026-10-10,06,3,wk inc flu hosp,2026-10-31,quantile,0.15,919
2026-10-10,06,3,wk inc flu hosp,2026-10-31,quantile,0.2,1012
2026-10-10,06,3,wk inc flu hosp,2026-10-31,quantile,0.25,1092
2026-10-10,06,3,wk inc flu hosp,2026-10-31,quantile,0.3,1165
2026-10-10,06,3,wk inc flu hosp,2026-10-31,quantile,0.35,1236
2026-10-10,06,3,wk inc flu hosp,2026-10-31,quantile,0.4,1306
2026-10-10,06,3,wk inc flu hosp,2026-10-31,quantile,0.45,1377
2026-10-10,06,3,wk inc flu hosp,2026-10-31,quantile,0.5,1449
2026-10-10,06,3,wk inc flu hosp,2026-10-31,quantile,0.55,1524
2026-10-10,06,3,wk inc flu hosp,2026-10-31,quantile,0.6,1603
2026-10-10,06,3,wk inc flu hosp,2026-10-31,quantile,0.65,1687
2026-10-10,06,3,wk inc flu hosp,2026-10-31,quantile,0.7,1779
2026-10-10,06,3,wk inc flu hosp,2026-10-31,quantile,0.75,1882
2026-10-10,06,3,wk inc flu hosp,2026-10-31,quantile,0.8,2003
2026-10-10,06,3,wk inc flu hosp,2026-10-31,quantile,0.85,2155
2026-10-10,06,3,wk inc flu hosp,2026-10-31,quantile,0.9,2369
2026-10-10,06,3,wk inc flu hosp,2026-10-31,quantile,0.95,2747
2026-10-10,06,3,wk inc flu hosp,2026-10-31,quantile,0.975,3150
2026-10-10,06,3,wk inc flu hosp,2026-10-31,quantile,0.99,3778
2026-10-10,08,0,wk inc flu hosp,2026-10-10,quantile,0.01,19
2026-10-10,08,0,wk inc flu hosp,2026-10-10,quantile,0.025,23
2026-10-10,08,0,wk inc flu hosp,2026-10-10,quantile,0.05,27
2026-10-10,08,0,wk inc flu hosp,2026-10-10,quantile,0.1,33
2026-10-10,08,0,wk inc flu hosp,2026-10-10,quantile,0.15,36
2026-10-10,08,0,wk inc flu hosp,2026-10-10,quantile,0.2,39
2026-10-10,08,0,wk inc flu hosp,2026-10-10,quantile,0.25,42
2026-10-10,08,0,wk inc flu hosp,2026-10-10,quantile,0.3,44
2026-10-10,08,0,wk inc flu hosp,2026-10-10,quantile,0.35,47
2026-10-10,08,0,wk inc flu hosp,2026-10-10,quantile,0.4,49
2026-10-10,08,0,wk inc flu hosp,2026-10-10,quantile,0.45,51
2026-10-10,08,0,wk inc flu hosp,2026-10-10,quantile,0.5,54
2026-10-10,08,0,wk inc flu hosp,2026-10-10,quantile,0.55,56
2026-10-10,08,0,wk inc flu hosp,2026-10-10,quantile,0.6,59
2026-10-10,08,0,wk inc flu hosp,2026-10-10,quantile,0.65,61
2026-10-10,08,0,wk inc flu hosp,2026-10-10,quantile,0.7,64
2026-10-10,08,0,wk inc flu hosp,2026-10-10,quantile,0.75,67
2026-10-10,08,0,wk inc flu hosp,2026-10-10,quantile,0.8,71
2026-10-10,08,0,wk inc flu hosp,2026-10-10,quantile,0.85,76
2026-10-10,08,0,wk inc flu hosp,2026-10-10,quantile,0.9,82
2026-10-10,08,0,wk inc flu hosp,2026-10-10,quantile,0.95,93
2026-10-10,08,0,wk inc flu hosp,2026-10-10,quantile,0.975,104
2026-10-10,08,0,wk inc flu hosp,2026-10-10,quantile,0.99,118
2026-10-10,08,1,wk inc flu hosp,2026-10-17,quantile,0.01,20
2026-10-10,08,1,wk inc flu hosp,2026-10-17,quantile,0.025,26
2026-10-10,08,1,wk inc flu hosp,2026-10-17,quantile,0.05,32
2026-10-10,08,1,wk inc flu hosp,2026-10-17,quantile,0.1,40
2026-10-10,08,1,wk inc flu hosp,2026-10-17,quantile,0.15,46
2026-10-10,08,1,wk inc flu hosp,2026-10-17,quantile,0.2,51
2026-10-10,08,1,wk inc flu hosp,2026-10-17,quantile,0.25,55
2026-10-10,08,1,wk inc flu hosp,2026-10-17,quantile,0.3,59
2026-10-10,08,1,wk inc flu hosp,2026-10-17,quantile,0.35,63
2026-10-10,08,1,wk inc flu hosp,2026-10-17,quantile,0.4,67
2026-10-10,08,1,wk inc flu hosp,2026-10-17,quantile,0.45,71
2026-10-10,08,1,wk inc flu hosp,2026-10-17,quantile,0.5,75
2026-10-10,08,1,wk inc flu hosp,2026-10-17,quantile,0.55,79
2026-10-10,08,1,wk inc flu hosp,2026-10-17,quantile,0.6,83
2026-10-10,08,1,wk inc flu hosp,2026-10-17,quantile,0.65,88
2026-10-10,08,1,wk inc flu hosp,2026-10-17,quantile,0.7,93
2026-10-10,08,1,wk inc flu hosp,2026-10-17,quantile,0.75,99
2026-10-10,08,1,wk inc flu hosp,2026-10-17,quantile,0.8,106
2026-10-10,08,1,wk inc flu hosp,2026-10-17,quantile,0.85,115
2026-10-10,08,1,wk inc flu hosp,2026-10-17,quantile,0.9,128
2026-10-10,08,1,wk inc flu hosp,2026-10-17,quantile,0.95,152
2026-10-10,08,1,wk inc flu hosp,2026-10-17,quantile,0.975,177
2026-10-10,08,1,wk inc flu hosp,2026-10-17,quantile,0.99,213
2026-10-10,08,2,wk inc flu hosp,2026-10-24,quantile,0.01,19
2026-10-10,08,2,wk inc flu hosp,2026-10-24,quantile,0.025,28
2026-10-10,08,2,wk inc flu hosp,2026-10-24,quantile,0.05,37
2026-10-10,08,2,wk inc flu hosp,2026-10-24,quantile,0.1,48
2026-10-10,08,2,wk inc flu hosp,2026-10-24,quantile,0.15,57
2026-10-10,08,2,wk inc flu hosp,2026-10-24,quantile,0.2,65
2026-10-10,08,2,wk inc flu hosp,2026-10-24,quantile,0.25,71
2026-10-10,08,2,wk inc flu hosp,2026-10-24,quantile,0.3,78
2026-10-10,08,2,wk inc flu hosp,2026-10-24,quantile,0.35,84
2026-10-10,08,2,wk inc flu hosp,2026-10-24,quantile,0.4,90
2026-10-10,08,2,wk inc flu hosp,2026-10-24,quantile,0.45,96
2026-10-10,08,2,wk inc flu hosp,2026-10-24,quantile,0.5,102
2026-10-10,08,2,wk inc flu hosp,2026-10-24,quantile,0.55,109
2026-10-10,08,2,wk inc flu hosp,2026-10-24,quantile,0.6,116
2026-10-10,08,2,wk inc flu hosp,2026-10-24,quantile,0.65,124
2026-10-10,08,2,wk inc flu hosp,2026-10-24,quantile,0.7,133
2026-10-10,08,2,wk inc flu hosp,2026-10-24,quantile,0.75,143
2026-10-10,08,2,wk inc flu hosp,2026-10-24,quantile,0.8,156
2026-10-10,08,2,wk inc flu hosp,2026-10-24,quantile,0.85,172
2026-10-10,08,2,wk inc flu hosp,2026-10-24,quantile,0.9,198
2026-10-10,08,2,wk inc flu hosp,2026-10-24,quantile,0.95,246
2026-10-10,08,2,wk inc flu hosp,2026-10-24,quantile,0.975,299
2026-10-10,08,2,wk inc flu hosp,2026-10-24,quantile,0.99,379
2026-10-10,08,3,wk inc flu hosp,2026-10-31,quantile,0.01,19
2026-10-10,08,3,wk inc flu hosp,2026-10-31,quantile,0.025,30
2026-10-10,08,3,wk inc flu hosp,2026-10-31,quantile,0.05,42
2026-10-10,08,3,wk inc flu hosp,2026-10-31,quantile,0.1,58
2026-10-10,08,3,wk inc flu hosp,2026-10-31,quantile,0.15,70
2026-10-10,08,3,wk inc flu hosp,2026-10-31,quantile,0.2,81
2026-10-10,08,3,wk inc flu hosp,2026-10-31,quantile,0.25,91
2026-10-10,08,3,wk inc flu hosp,2026-10-31,quantile,0.3,100
2026-10-10,08,3,wk inc flu hosp,2026-10-31,quantile,0.35,109
2026-10-10,08,3,wk inc flu hosp,2026-10-31,quantile,0.4,118
2026-10-10,08,3,wk inc flu hosp,2026-10-31,quantile,0.45,128
2026-10-10,08,3,wk inc flu hosp,2026-10-31,quantile,0.5,137
2026-10-10,08,3,wk inc flu hosp,2026-10-31,quantile,0.55,147
2026-10-10,08,3,wk inc flu hosp,2026-10-31,quantile,0.6,159
2026-10-10,08,3,wk inc flu hosp,2026-10-31,quantile,0.65,171
2026-10-10,08,3,wk inc flu hosp,2026-10-31,quantile,0.7,185
2026-10-10,08,3,wk inc flu hosp,2026-10-31,quantile,0.75,202
2026-10-10,08,3,wk inc flu hosp,2026-10-31,quantile,0.8,223
2026-10-10,08,3,wk inc flu hosp,2026-10-31,quantile,0.85,252
2026-10-10,08,3,wk inc flu hosp,2026-10-31,quantile,0.9,297
2026-10-10,08,3,wk inc flu hosp,2026-10-31,quantile,0.95,383
2026-10-10,08,3,wk inc flu hosp,2026-10-31,quantile,0.975,482
2026-10-10,08,3,wk inc flu hosp,2026-10-31,quantile,0.99,631
2026-10-10,09,0,wk inc flu hosp,2026-10-10,quantile,0.01,6
2026-10-10,09,0,wk inc flu hosp,2026-10-10,quantile,0.025,8
2026-10-10,09,0,wk inc flu hosp,2026-10-10,quantile,0.05,10
2026-10-10,09,0,wk inc flu hosp,2026-10-10,quantile,0.1,12
2026-10-10,09,0,wk inc flu hosp,2026-10-10,quantile,0.15,13
2026-10-10,09,0,wk inc flu hosp,2026-10-10,quantile,0.2,15
2026-10-10,09,0,wk inc flu hosp,2026-10-10,quantile,0.25,16
2026-10-10,09,0,wk inc flu hosp,2026-10-10,quantile,0.3,17
2026-10-10,09,0,wk inc flu hosp,2026-10-10,quantile,0.35,18
2026-10-10,09,0,wk inc flu hosp,2026-10-10,quantile,0.4,19
2026-10-10,09,0,wk inc flu hosp,2026-10-10,quantile,0.45,21
2026-10-10,09,0,wk inc flu hosp,2026-10-10,quantile,0.5,22
2026-10-10,09,0,wk inc flu hosp,2026-10-10,quantile,0.55,23
2026-10-10,09,0,wk inc flu hosp,2026-10-10,quantile,0.6,24
2026-10-10,09,0,wk inc flu hosp,2026-10-10,quantile,0.65,26
2026-10-10,09,0,wk inc flu hosp,2026-10-10,quantile,0.7,27
2026-10-10,09,0,wk inc flu hosp,2026-10-10,quantile,0.75,29
2026-10-10,09,0,wk inc flu hosp,2026-10-10,quantile,0.8,31
2026-10-10,09,0,wk inc flu hosp,2026-10-10,quantile,0.85,33
2026-10-10,09,0,wk inc flu hosp,2026-10-10,quantile,0.9,37
2026-10-10,09,0,wk inc flu hosp,2026-10-10,quantile,0.95,43
2026-10-10,09,0,wk inc flu hosp,2026-10-10,quantile,0.975,50
2026-10-10,09,0,wk inc flu hosp,2026-10-10,quantile,0.99,58
2026-10-10,09,1,wk inc flu hosp,2026-10-17,quantile,0.01,7
2026-10-10,09,1,wk inc flu hosp,2026-10-17,quantile,0.025,9
2026-10-10,09,1,wk inc flu hosp,2026-10-17,quantile,0.05,11
2026-10-10,09,1,wk inc flu hosp,2026-10-17,quantile,0.1,14
2026-10-10,09,1,wk inc flu hosp,2026-10-17,quantile,0.15,17
2026-10-10,09,1,wk inc flu hosp,2026-10-17,quantile,0.2,19
2026-10-10,09,1,wk inc flu hosp,2026-10-17,quantile,0.25,21
2026-10-10,09,1,wk inc flu hosp,2026-10-17,quantile,0.3,22
2026-10-10,09,1,wk inc flu hosp,2026-10-17,quantile,0.35,24
2026-10-10,09,1,wk inc flu hosp,2026-10-17,quantile,0.4,26
2026-10-10,09,1,wk inc flu hosp,2026-10-17,quantile,0.45,28
2026-10-10,09,1,wk inc flu hosp,2026-10-17,quantile,0.5,29
2026-10-10,09,1,wk inc flu hosp,2026-10-17,quantile,0.55,31
2026-10-10,09,1,wk inc flu hosp,2026-10-17,quantile,0.6,33
2026-10-10,09,1,wk inc flu hosp,2026-10-17,quantile,0.65,36
2026-10-10,09,1,wk inc flu hosp,2026-10-17,quantile,0.7,38
2026-10-10,09,1,wk inc flu hosp,2026-10-17,quantile,0.75,42
2026-10-10,09,1,wk inc flu hosp,2026-10-17,quantile,0.8,45
2026-10-10,09,1,wk inc flu hosp,2026-10-17,quantile,0.85,51
2026-10-10,09,1,wk inc flu hosp,2026-10-17,quantile,0.9,58
2026-10-10,09,1,wk inc flu hosp,2026-10-17,quantile,0.95,73
2026-10-10,09,1,wk inc flu hosp,2026-10-17,quantile,0.975,89
2026-10-10,09,1,wk inc flu hosp,2026-10-17,quantile,0.99,112
2026-10-10,09,2,wk inc flu hosp,2026-10-24,quantile,0.01,7
2026-10-10,09,2,wk inc flu hosp,2026-10-24,quantile,0.025,10
2026-10-10,09,2,wk inc flu hosp,2026-10-24,quantile,0.05,13
2026-10-10,09,2,wk inc flu hosp,2026-10-24,quantile,0.1,17
2026-10-10,09,2,wk inc flu hosp,2026-10-24,quantile,0.15,21
2026-10-10,09,2,wk inc flu hosp,2026-10-24,quantile,0.2,23
2026-10-10,09,2,wk inc flu hosp,2026-10-24,quantile,0.25,26
2026-10-10,09,2,wk inc flu hosp,2026-10-24,quantile,0.3,29
2026-10-10,09,2,wk inc flu hosp,2026-10-24,quantile,0.35,31
2026-10-10,09,2,wk inc flu hosp,2026-10-24,quantile,0.4,34
2026-10-10,09,2,wk inc flu hosp,2026-10-24,quantile,0.45,36
2026-10-10,09,2,wk inc flu hosp,2026-10-24,quantile,0.5,39
2026-10-10,09,2,wk inc flu hosp,2026-10-24,quantile,0.55,42
2026-10-10,09,2,wk inc flu hosp,2026-10-24,quantile,0.6,46
2026-10-10,09,2,wk inc flu hosp,2026-10-24,quantile,0.65,50
2026-10-10,09,2,wk inc flu hosp,2026-10-24,quantile,0.7,54
2026-10-10,09,2,wk inc flu hosp,2026-10-24,quantile,0.75,60
2026-10-10,09,2,wk inc flu hosp,2026-10-24,quantile,0.8,67
2026-10-10,09,2,wk inc flu hosp,2026-10-24,quantile,0.85,77
2026-10-10,09,2,wk inc flu hosp,2026-10-24,quantile,0.9,93
2026-10-10,09,2,wk inc flu hosp,2026-10-24,quantile,0.95,126
2026-10-10,09,2,wk inc flu hosp,2026-10-24,quantile,0.975,164
2026-10-10,09,2,wk inc flu hosp,2026-10-24,quantile,0.99,219
2026-10-10,09,3,wk inc flu hosp,2026-10-31,quantile,0.01,7
2026-10-10,09,3,wk inc flu hosp,2026-10-31,quantile,0.025,11
2026-10-10,09,3,wk inc flu hosp,2026-10-31,quantile,0.05,15
2026-10-10,09,3,wk inc flu hosp,2026-10-31,quantile,0.1,21
2026-10-10,09,3,wk inc flu hosp,2026-10-31,quantile,0.15,25
2026-10-10,09,3,wk inc flu hosp,2026-10-31,quantile,0.2,29
2026-10-10,09,3,wk inc flu hosp,2026-10-31,quantile,0.25,33
2026-10-10,09,3,wk inc flu hosp,2026-10-31,quantile,0.3,36
2026-10-10,09,3,wk inc flu hosp,2026-10-31,quantile,0.35,40
2026-10-10,09,3,wk inc flu hosp,2026-10-31,quantile,0.4,44
2026-10-10,09,3,wk inc flu hosp,2026-10-31,quantile,0.45,48
2026-10-10,09,3,wk inc flu hosp,2026-10-31,quantile,0.5,52
2026-10-10,09,3,wk inc flu hosp,2026-10-31,quantile,0.55,57
2026-10-10,09,3,wk inc flu hosp,2026-10-31,quantile,0.6,62
2026-10-10,09,3,wk inc flu hosp,2026-10-31,quantile,0.65,68
2026-10-10,09,3,wk inc flu hosp,2026-10-31,quantile,0.7,76
2026-10-10,09,3,wk inc flu hosp,2026-10-31,quantile,0.75,85
2026-10-10,09,3,wk inc flu hosp,2026-10-31,quantile,0.8,97
2026-10-10,09,3,wk inc flu hosp,2026-10-31,quantile,0.85,116
2026-10-10,09,3,wk inc flu hosp,2026-10-31,quantile,0.9,147
2026-10-10,09,3,wk inc flu hosp,2026-10-31,quantile,0.95,214
2026-10-10,09,3,wk inc flu hosp,2026-10-31,quantile,0.975,292
2026-10-10,09,3,wk inc flu hosp,2026-10-31,quantile,0.99,403
2026-10-10,10,0,wk inc flu hosp,2026-10-10,quantile,0.01,0
2026-10-10,10,0,wk inc flu hosp,2026-10-10,quantile,0.025,0
2026-10-10,10,0,wk inc flu hosp,2026-10-10,quantile,0.05,0
2026-10-10,10,0,wk inc flu hosp,2026-10-10,quantile,0.1,1
2026-10-10,10,0,wk inc flu hosp,2026-10-10,quantile,0.15,1
2026-10-10,10,0,wk inc flu hosp,2026-10-10,quantile,0.2,1
2026-10-10,10,0,wk inc flu hosp,2026-10-10,quantile,0.25,2
2026-10-10,10,0,wk inc flu hosp,2026-10-10,quantile,0.3,2
2026-10-10,10,0,wk inc flu hosp,2026-10-10,quantile,0.35,3
2026-10-10,10,0,wk inc flu hosp,2026-10-10,quantile,0.4,3
2026-10-10,10,0,wk inc flu hosp,2026-10-10,quantile,0.45,4
2026-10-10,10,0,wk inc flu hosp,2026-10-10,quantile,0.5,4
2026-10-10,10,0,wk inc flu hosp,2026-10-10,quantile,0.55,5
2026-10-10,10,0,wk inc flu hosp,2026-10-10,quantile,0.6,5
2026-10-10,10,0,wk inc flu hosp,2026-10-10,quantile,0.65,6
2026-10-10,10,0,wk inc flu hosp,2026-10-10,quantile,0.7,7
2026-10-10,10,0,wk inc flu hosp,2026-10-10,quantile,0.75,8
2026-10-10,10,0,wk inc flu hosp,2026-10-10,quantile,0.8,9
2026-10-10,10,0,wk inc flu hosp,2026-10-10,quantile,0.85,11
2026-10-10,10,0,wk inc flu hosp,2026-10-10,quantile,0.9,13
2026-10-10,10,0,wk inc flu hosp,2026-10-10,quantile,0.95,17
2026-10-10,10,0,wk inc flu hosp,2026-10-10,quantile,0.975,21
2026-10-10,10,0,wk inc flu hosp,2026-10-10,quantile,0.99,27
2026-10-10,10,1,wk inc flu hosp,2026-10-17,quantile,0.01,0
2026-10-10,10,1,wk inc flu hosp,2026-10-17,quantile,0.025,0
2026-10-10,10,1,wk inc flu hosp,2026-10-17,quantile,0.05,0
2026-10-10,10,1,wk inc flu hosp,2026-10-17,quantile,0.1,1
2026-10-10,10,1,wk inc flu hosp,2026-10-17,quantile,0.15,1
2026-10-10,10,1,wk inc flu hosp,2026-10-17,quantile,0.2,2
2026-10-10,10,1,wk inc flu hosp,2026-10-17,quantile,0.25,2
2026-10-10,10,1,wk inc flu hosp,2026-10-17,quantile,0.3,3
2026-10-10,10,1,wk inc flu hosp,2026-10-17,quantile,0.35,4
2026-10-10,10,1,wk inc flu hosp,2026-10-17,quantile,0.4,4
2026-10-10,10,1,wk inc flu hosp,2026-10-17,quantile,0.45,5
2026-10-10,10,1,wk inc flu hosp,2026-10-17,quantile,0.5,6
2026-10-10,10,1,wk inc flu hosp,2026-10-17,quantile,0.55,6
2026-10-10,10,1,wk inc flu hosp,2026-10-17,quantile,0.6,7
2026-10-10,10,1,wk inc flu hosp,2026-10-17,quantile,0.65,8
2026-10-10,10,1,wk inc flu hosp,2026-10-17,quantile,0.7,10
2026-10-10,10,1,wk inc flu hosp,2026-10-17,quantile,0.75,11
2026-10-10,10,1,wk inc flu hosp,2026-10-17,quantile,0.8,13
2026-10-10,10,1,wk inc flu hosp,2026-10-17,quantile,0.85,15
2026-10-10,10,1,wk inc flu hosp,2026-10-17,quantile,0.9,19
2026-10-10,10,1,wk inc flu hosp,2026-10-17,quantile,0.95,25
2026-10-10,10,1,wk inc flu hosp,2026-10-17,quantile,0.975,32
2026-10-10,10,1,wk inc flu hosp,2026-10-17,quantile,0.99,44
2026-10-10,10,2,wk inc flu hosp,2026-10-24,quantile,0.01,0
2026-10-10,10,2,wk inc flu hosp,2026-10-24,quantile,0.025,0
2026-10-10,10,2,wk inc flu hosp,2026-10-24,quantile,0.05,0
2026-10-10,10,2,wk inc flu hosp,2026-10-24,quantile,0.1,1
2026-10-10,10,2,wk inc flu hosp,2026-10-24,quantile,0.15,2
2026-10-10,10,2,wk inc flu hosp,2026-10-24,quantile,0.2,3
2026-10-10,10,2,wk inc flu hosp,2026-10-24,quantile,0.25,3
2026-10-10,10,2,wk inc flu hosp,2026-10-24,quantile,0.3,4
2026-10-10,10,2,wk inc flu hosp,2026-10-24,quantile,0.35,5
2026-10-10,10,2,wk inc flu hosp,2026-10-24,quantile,0.4,6
2026-10-10,10,2,wk inc flu hosp,2026-10-24,quantile,0.45,7
2026-10-10,10,2,wk inc flu hosp,2026-10-24,quantile,0.5,8
2026-10-10,10,2,wk inc flu hosp,2026-10-24,quantile,0.55,9
2026-10-10,10,2,wk inc flu hosp,2026-10-24,quantile,0.6,10
2026-10-10,10,2,wk inc flu hosp,2026-10-24,quantile,0.65,12
2026-10-10,10,2,wk inc flu hosp,2026-10-24,quantile,0.7,13
2026-10-10,10,2,wk inc flu hosp,2026-10-24,quantile,0.75,15
2026-10-10,10,2,wk inc flu hosp,2026-10-24,quantile,0.8,18
2026-10-10,10,2,wk inc flu hosp,2026-10-24,quantile,0.85,22
2026-10-10,10,2,wk inc flu hosp,2026-10-24,quantile,0.9,28
2026-10-10,10,2,wk inc flu hosp,2026-10-24,quantile,0.95,39
2026-10-10,10,2,wk inc flu hosp,2026-10-24,quantile,0.975,53
2026-10-10,10,2,wk inc flu hosp,2026-10-24,quantile,0.99,75
2026-10-10,10,3,wk inc flu hosp,2026-10-31,quantile,0.01,0
2026-10-10,10,3,wk inc flu hosp,2026-10-31,quantile,0.025,0
2026-10-10,10,3,wk inc flu hosp,2026-10-31,quantile,0.05,1
2026-10-10,10,3,wk inc flu hosp,2026-10-31,quantile,0.1,1
2026-10-10,10,3,wk inc flu hosp,2026-10-31,quantile,0.15,2
2026-10-10,10,3,wk inc flu hosp,2026-10-31,quantile,0.2,3
2026-10-10,10,3,wk inc flu hosp,2026-10-31,quantile,0.25,4
2026-10-10,10,3,wk inc flu hosp,2026-10-31,quantile,0.3,5
2026-10-10,10,3,wk inc flu hosp,2026-10-31,quantile,0.35,6
2026-10-10,10,3,wk inc flu hosp,2026-10-31,quantile,0.4,8
2026-10-10,10,3,wk inc flu hosp,2026-10-31,quantile,0.45,9
2026-10-10,10,3,wk inc flu hosp,2026-10-31,quantile,0.5,10
2026-10-10,10,3,wk inc flu hosp,2026-10-31,quantile,0.55,12
2026-10-10,10,3,wk inc flu hosp,2026-10-31,quantile,0.6,14
2026-10-10,10,3,wk inc flu hosp,2026-10-31,quantile,0.65,16
2026-10-10,10,3,wk inc flu hosp,2026-10-31,quantile,0.7,18
2026-10-10,10,3,wk inc flu hosp,2026-10-31,quantile,0.75,22
2026-10-10,10,3,wk inc flu hosp,2026-10-31,quantile,0.8,26
2026-10-10,10,3,wk inc flu hosp,2026-10-31,quantile,0.85,32
2026-10-10,10,3,wk inc flu hosp,2026-10-31,quantile,0.9,41
2026-10-10,10,3,wk inc flu hosp,2026-10-31,quantile,0.95,61
2026-10-10,10,3,wk inc flu hosp,2026-10-31,quantile,0.975,87
2026-10-10,10,3,wk inc flu hosp,2026-10-31,quantile,0.99,129
2026-10-10,11,0,wk inc flu hosp,2026-10-10,quantile,0.01,0
2026-10-10,11,0,wk inc flu hosp,2026-10-10,quantile,0.025,0
2026-10-10,11,0,wk inc flu hosp,2026-10-10,quantile,0.05,1
2026-10-10,11,0,wk inc flu hosp,2026-10-10,quantile,0.1,1
2026-10-10,11,0,wk inc flu hosp,2026-10-10,quantile,0.15,2
2026-10-10,11,0,wk inc flu hosp,2026-10-10,quantile,0.2,2
2026-10-10,11,0,wk inc flu hosp,2026-10-10,quantile,0.25,3
2026-10-10,11,0,wk inc flu hosp,2026-10-10,quantile,0.3,4
2026-10-10,11,0,wk inc flu hosp,2026-10-10,quantile,0.35,4
2026-10-10,11,0,wk inc flu hosp,2026-10-10,quantile,0.4,5
2026-10-10,11,0,wk inc flu hosp,2026-10-10,quantile,0.45,5
2026-10-10,11,0,wk inc flu hosp,2026-10-10,quantile,0.5,6
2026-10-10,11,0,wk inc flu hosp,2026-10-10,quantile,0.55,6
2026-10-10,11,0,wk inc flu hosp,2026-10-10,quantile,0.6,7
2026-10-10,11,0,wk inc flu hosp,2026-10-10,quantile,0.65,8
2026-10-10,11,0,wk inc flu hosp,2026-10-10,quantile,0.7,9
2026-10-10,11,0,wk inc flu hosp,2026-10-10,quantile,0.75,10
2026-10-10,11,0,wk inc flu hosp,2026-10-10,quantile,0.8,11
2026-10-10,11,0,wk inc flu hosp,2026-10-10,quantile,0.85,12
2026-10-10,11,0,wk inc flu hosp,2026-10-10,quantile,0.9,14
2026-10-10,11,0,wk inc flu hosp,2026-10-10,quantile,0.95,17
2026-10-10,11,0,wk inc flu hosp,2026-10-10,quantile,0.975,21
2026-10-10,11,0,wk inc flu hosp,2026-10-10,quantile,0.99,26
2026-10-10,11,1,wk inc flu hosp,2026-10-17,quantile,0.01,0
2026-10-10,11,1,wk inc flu hosp,2026-10-17,quantile,0.025,0
2026-10-10,11,1,wk inc flu hosp,2026-10-17,quantile,0.05,1
2026-10-10,11,1,wk inc flu hosp,2026-10-17,quantile,0.1,2
2026-10-10,11,1,wk inc flu hosp,2026-10-17,quantile,0.15,3
2026-10-10,11,1,wk inc flu hosp,2026-10-17,quantile,0.2,3
2026-10-10,11,1,wk inc flu hosp,2026-10-17,quantile,0.25,4
2026-10-10,11,1,wk inc flu hosp,2026-10-17,quantile,0.3,5
2026-10-10,11,1,wk inc flu hosp,2026-10-17,quantile,0.35,6
2026-10-10,11,1,wk inc flu hosp,2026-10-17,quantile,0.4,6
2026-10-10,11,1,wk inc flu hosp,2026-10-17,quantile,0.45,7
2026-10-10,11,1,wk inc flu hosp,2026-10-17,quantile,0.5,8
2026-10-10,11,1,wk inc flu hosp,2026-10-17,quantile,0.55,9
2026-10-10,11,1,wk inc flu hosp,2026-10-17,quantile,0.6,10
2026-10-10,11,1,wk inc flu hosp,2026-10-17,quantile,0.65,11
2026-10-10,11,1,wk inc flu hosp,2026-10-17,quantile,0.7,12
2026-10-10,11,1,wk inc flu hosp,2026-10-17,quantile,0.75,14
2026-10-10,11,1,wk inc flu hosp,2026-10-17,quantile,0.8,15
2026-10-10,11,1,wk inc flu hosp,2026-10-17,quantile,0.85,17
2026-10-10,11,1,wk inc flu hosp,2026-10-17,quantile,0.9,20
2026-10-10,11,1,wk inc flu hosp,2026-10-17,quantile,0.95,26
2026-10-10,11,1,wk inc flu hosp,2026-10-17,quantile,0.975,32
2026-10-10,11,1,wk inc flu hosp,2026-10-17,quantile,0.99,41
2026-10-10,11,2,wk inc flu hosp,2026-10-24,quantile,0.01,0
2026-10-10,11,2,wk inc flu hosp,2026-10-24,quantile,0.025,0
2026-10-10,11,2,wk inc flu hosp,2026-10-24,quantile,0.05,1
2026-10-10,11,2,wk inc flu hosp,2026-10-24,quantile,0.1,2
2026-10-10,11,2,wk inc flu hosp,2026-10-24,quantile,0.15,4
2026-10-10,11,2,wk inc flu hosp,2026-10-24,quantile,0.2,5
2026-10-10,11,2,wk inc flu hosp,2026-10-24,quantile,0.25,6
2026-10-10,11,2,wk inc flu hosp,2026-10-24,quantile,0.3,7
2026-10-10,11,2,wk inc flu hosp,2026-10-24,quantile,0.35,8
2026-10-10,11,2,wk inc flu hosp,2026-10-24,quantile,0.4,9
2026-10-10,11,2,wk inc flu hosp,2026-10-24,quantile,0.45,10
2026-10-10,11,2,wk inc flu hosp,2026-10-24,quantile,0.5,11
2026-10-10,11,2,wk inc flu hosp,2026-10-24,quantile,0.55,13
2026-10-10,11,2,wk inc flu hosp,2026-10-24,quantile,0.6,14
2026-10-10,11,2,wk inc flu hosp,2026-10-24,quantile,0.65,16
2026-10-10,11,2,wk inc flu hosp,2026-10-24,quantile,0.7,17
2026-10-10,11,2,wk inc flu hosp,2026-10-24,quantile,0.75,19
2026-10-10,11,2,wk inc flu hosp,2026-10-24,quantile,0.8,22
2026-10-10,11,2,wk inc flu hosp,2026-10-24,quantile,0.85,25
2026-10-10,11,2,wk inc flu hosp,2026-10-24,quantile,0.9,30
2026-10-10,11,2,wk inc flu hosp,2026-10-24,quantile,0.95,40
2026-10-10,11,2,wk inc flu hosp,2026-10-24,quantile,0.975,51
2026-10-10,11,2,wk inc flu hosp,2026-10-24,quantile,0.99,69
2026-10-10,11,3,wk inc flu hosp,2026-10-31,quantile,0.01,0
2026-10-10,11,3,wk inc flu hosp,2026-10-31,quantile,0.025,1
2026-10-10,11,3,wk inc flu hosp,2026-10-31,quantile,0.05,2
2026-10-10,11,3,wk inc flu hosp,2026-10-31,quantile,0.1,3
2026-10-10,11,3,wk inc flu hosp,2026-10-31,quantile,0.15,5
2026-10-10,11,3,wk inc flu hosp,2026-10-31,quantile,0.2,6
2026-10-10,11,3,wk inc flu hosp,2026-10-31,quantile,0.25,8
2026-10-10,11,3,wk inc flu hosp,2026-10-31,quantile,0.3,9
2026-10-10,11,3,wk inc flu hosp,2026-10-31,quantile,0.35,11
2026-10-10,11,3,wk inc flu hosp,2026-10-31,quantile,0.4,12
2026-10-10,11,3,wk inc flu hosp,2026-10-31,quantile,0.45,14
2026-10-10,11,3,wk inc flu hosp,2026-10-31,quantile,0.5,16
2026-10-10,11,3,wk inc flu hosp,2026-10-31,quantile,0.55,17
2026-10-10,11,3,wk inc flu hosp,2026-10-31,quantile,0.6,19
2026-10-10,11,3,wk inc flu hosp,2026-10-31,quantile,0.65,22
2026-10-10,11,3,wk inc flu hosp,2026-10-31,quantile,0.7,24
2026-10-10,11,3,wk inc flu hosp,2026-10-31,quantile,0.75,27
2026-10-10,11,3,wk inc flu hosp,2026-10-31,quantile,0.8,31
2026-10-10,11,3,wk inc flu hosp,2026-10-31,quantile,0.85,36
2026-10-10,11,3,wk inc flu hosp,2026-10-31,quantile,0.9,45
2026-10-10,11,3,wk inc flu hosp,2026-10-31,quantile,0.95,62
2026-10-10,11,3,wk inc flu hosp,2026-10-31,quantile,0.975,83
2026-10-10,11,3,wk inc flu hosp,2026-10-31,quantile,0.99,117
2026-10-10,12,0,wk inc flu hosp,2026-10-10,quantile,0.01,480
2026-10-10,12,0,wk inc flu hosp,2026-10-10,quantile,0.025,538
2026-10-10,12,0,wk inc flu hosp,2026-10-10,quantile,0.05,586
2026-10-10,12,0,wk inc flu hosp,2026-10-10,quantile,0.1,638
2026-10-10,12,0,wk inc flu hosp,2026-10-10,quantile,0.15,672
2026-10-10,12,0,wk inc flu hosp,2026-10-10,quantile,0.2,700
2026-10-10,12,0,wk inc flu hosp,2026-10-10,quantile,0.25,723
2026-10-10,12,0,wk inc flu hosp,2026-10-10,quantile,0.3,744
2026-10-10,12,0,wk inc flu hosp,2026-10-10,quantile,0.35,763
2026-10-10,12,0,wk inc flu hosp,2026-10-10,quantile,0.4,782
2026-10-10,12,0,wk inc flu hosp,2026-10-10,quantile,0.45,801
2026-10-10,12,0,wk inc flu hosp,2026-10-10,quantile,0.5,819
2026-10-10,12,0,wk inc flu hosp,2026-10-10,quantile,0.55,838
2026-10-10,12,0,wk inc flu hosp,2026-10-10,quantile,0.6,858
2026-10-10,12,0,wk inc flu hosp,2026-10-10,quantile,0.65,878
2026-10-10,12,0,wk inc flu hosp,2026-10-10,quantile,0.7,901
2026-10-10,12,0,wk inc flu hosp,2026-10-10,quantile,0.75,925
2026-10-10,12,0,wk inc flu hosp,2026-10-10,quantile,0.8,954
2026-10-10,12,0,wk inc flu hosp,2026-10-10,quantile,0.85,989
2026-10-10,12,0,wk inc flu hosp,2026-10-10,quantile,0.9,1035
2026-10-10,12,0,wk inc flu hosp,2026-10-10,quantile,0.95,1108
2026-10-10,12,0,wk inc flu hosp,2026-10-10,quantile,0.975,1180
2026-10-10,12,0,wk inc flu hosp,2026-10-10,quantile,0.99,1278
2026-10-10,12,1,wk inc flu hosp,2026-10-17,quantile,0.01,485
2026-10-10,12,1,wk inc flu hosp,2026-10-17,quantile,0.025,602
2026-10-10,12,1,wk inc flu hosp,2026-10-17,quantile,0.05,695
2026-10-10,12,1,wk inc flu hosp,2026-10-17,quantile,0.1,794
2026-10-10,12,1,wk inc flu hosp,2026-10-17,quantile,0.15,857
2026-10-10,12,1,wk inc flu hosp,2026-10-17,quantile,0.2,906
2026-10-10,12,1,wk inc flu hosp,2026-10-17,quantile,0.25,948
2026-10-10,12,1,wk inc flu hosp,2026-10-17,quantile,0.3,984
2026-10-10,12,1,wk inc flu hosp,2026-10-17,quantile,0.35,1018
2026-10-10,12,1,wk inc flu hosp,2026-10-17,quantile,0.4,1051
2026-10-10,12,1,wk inc flu hosp,2026-10-17,quantile,0.45,1083
2026-10-10,12,1,wk inc flu hosp,2026-10-17,quantile,0.5,1115
2026-10-10,12,1,wk inc flu hosp,2026-10-17,quantile,0.55,1149
2026-10-10,12,1,wk inc flu hosp,2026-10-17,quantile,0.6,1183
2026-10-10,12,1,wk inc flu hosp,2026-10-17,quantile,0.65,1221
2026-10-10,12,1,wk inc flu hosp,2026-10-17,quantile,0.7,1261
2026-10-10,12,1,wk inc flu hosp,2026-10-17,quantile,0.75,1307
2026-10-10,12,1,wk inc flu hosp,2026-10-17,quantile,0.8,1361
2026-10-10,12,1,wk inc flu hosp,2026-10-17,quantile,0.85,1426
2026-10-10,12,1,wk inc flu hosp,2026-10-17,quantile,0.9,1516
2026-10-10,12,1,wk inc flu hosp,2026-10-17,quantile,0.95,1667
2026-10-10,12,1,wk inc flu hosp,2026-10-17,quantile,0.975,1827
2026-10-10,12,1,wk inc flu hosp,2026-10-17,quantile,0.99,2080
2026-10-10,12,2,wk inc flu hosp,2026-10-24,quantile,0.01,469
2026-10-10,12,2,wk inc flu hosp,2026-10-24,quantile,0.025,647
2026-10-10,12,2,wk inc flu hosp,2026-10-24,quantile,0.05,795
2026-10-10,12,2,wk inc flu hosp,2026-10-24,quantile,0.1,958
2026-10-10,12,2,wk inc flu hosp,2026-10-24,quantile,0.15,1063
2026-10-10,12,2,wk inc flu hosp,2026-10-24,quantile,0.2,1143
2026-10-10,12,2,wk inc flu hosp,2026-10-24,quantile,0.25,1210
2026-10-10,12,2,wk inc flu hosp,2026-10-24,quantile,0.3,1270
2026-10-10,12,2,wk inc flu hosp,2026-10-24,quantile,0.35,1326
2026-10-10,12,2,wk inc flu hosp,2026-10-24,quantile,0.4,1379
2026-10-10,12,2,wk inc flu hosp,2026-10-24,quantile,0.45,1431
2026-10-10,12,2,wk inc flu hosp,2026-10-24,quantile,0.5,1483
2026-10-10,12,2,wk inc flu hosp,2026-10-24,quantile,0.55,1538
2026-10-10,12,2,wk inc flu hosp,2026-10-24,quantile,0.6,1595
2026-10-10,12,2,wk inc flu hosp,2026-10-24,quantile,0.65,1657
2026-10-10,12,2,wk inc flu hosp,2026-10-24,quantile,0.7,1726
2026-10-10,12,2,wk inc flu hosp,2026-10-24,quantile,0.75,1804
2026-10-10,12,2,wk inc flu hosp,2026-10-24,quantile,0.8,1896
2026-10-10,12,2,wk inc flu hosp,2026-10-24,quantile,0.85,2012
2026-10-10,12,2,wk inc flu hosp,2026-10-24,quantile,0.9,2172
2026-10-10,12,2,wk inc flu hosp,2026-10-24,quantile,0.95,2456
2026-10-10,12,2,wk inc flu hosp,2026-10-24,quantile,0.975,2777
2026-10-10,12,2,wk inc flu hosp,2026-10-24,quantile,0.99,3309
2026-10-10,12,3,wk inc flu hosp,2026-10-31,quantile,0.01,460
2026-10-10,12,3,wk inc flu hosp,2026-10-31,quantile,0.025,685
2026-10-10,12,3,wk inc flu hosp,2026-10-31,quantile,0.05,888
2026-10-10,12,3,wk inc flu hosp,2026-10-31,quantile,0.1,1124
2026-10-10,12,3,wk inc flu hosp,2026-10-31,quantile,0.15,1278
2026-10-10,12,3,wk inc flu hosp,2026-10-31,quantile,0.2,1395
2026-10-10,12,3,wk inc flu hosp,2026-10-31,quantile,0.25,1496
2026-10-10,12,3,wk inc flu hosp,2026-10-31,quantile,0.3,1587
2026-10-10,12,3,wk inc flu hosp,2026-10-31,quantile,0.35,1672
2026-10-10,12,3,wk inc flu hosp,2026-10-31,quantile,0.4,1753
2026-10-10,12,3,wk inc flu hosp,2026-10-31,quantile,0.45,1831
2026-10-10,12,3,wk inc flu hosp,2026-10-31,quantile,0.5,1910
2026-10-10,12,3,wk inc flu hosp,2026-10-31,quantile,0.55,1991
2026-10-10,12,3,wk inc flu hosp,2026-10-31,quantile,0.6,2077
2026-10-10,12,3,wk inc flu hosp,2026-10-31,quantile,0.65,2172
2026-10-10,12,3,wk inc flu hosp,2026-10-31,quantile,0.7,2278
2026-10-10,12,3,wk inc flu hosp,2026-10-31,quantile,0.75,2399
2026-10-10,12,3,wk inc flu hosp,2026-10-31,quantile,0.8,2543
2026-10-10,12,3,wk inc flu hosp,2026-10-31,quantile,0.85,2726
2026-10-10,12,3,wk inc flu hosp,2026-10-31,quantile,0.9,2987
2026-10-10,12,3,wk inc flu hosp,2026-10-31,quantile,0.95,3461
2026-10-10,12,3,wk inc flu hosp,2026-10-31,quantile,0.975,4010
2026-10-10,12,3,wk inc flu hosp,2026-10-31,quantile,0.99,4867
2026-10-10,13,0,wk inc flu hosp,2026-10-10,quantile,0.01,24
2026-10-10,13,0,wk inc flu hosp,2026-10-10,quantile,0.025,29
2026-10-10,13,0,wk inc flu hosp,2026-10-10,quantile,0.05,33
2026-10-10,13,0,wk inc flu hosp,2026-10-10,quantile,0.1,38
2026-10-10,13,0,wk inc flu hosp,2026-10-10,quantile,0.15,42
2026-10-10,13,0,wk inc flu hosp,2026-10-10,quantile,0.2,45
2026-10-10,13,0,wk inc flu hosp,2026-10-10,quantile,0.25,47
2026-10-10,13,0,wk inc flu hosp,2026-10-10,quantile,0.3,50
2026-10-10,13,0,wk inc flu hosp,2026-10-10,quantile,0.35,52
2026-10-10,13,0,wk inc flu hosp,2026-10-10,quantile,0.4,54
2026-10-10,13,0,wk inc flu hosp,2026-10-10,quantile,0.45,57
2026-10-10,13,0,wk inc flu hosp,2026-10-10,quantile,0.5,59
2026-10-10,13,0,wk inc flu hosp,2026-10-10,quantile,0.55,61
2026-10-10,13,0,wk inc flu hosp,2026-10-10,quantile,0.6,64
2026-10-10,13,0,wk inc flu hosp,2026-10-10,quantile,0.65,66
2026-10-10,13,0,wk inc flu hosp,2026-10-10,quantile,0.7,69
2026-10-10,13,0,wk inc flu hosp,2026-10-10,quantile,0.75,72
2026-10-10,13,0,wk inc flu hosp,2026-10-10,quantile,0.8,76
2026-10-10,13,0,wk inc flu hosp,2026-10-10,quantile,0.85,80
2026-10-10,13,0,wk inc flu hosp,2026-10-10,quantile,0.9,86
2026-10-10,13,0,wk inc flu hosp,2026-10-10,quantile,0.95,95
2026-10-10,13,0,wk inc flu hosp,2026-10-10,quantile,0.975,104
2026-10-10,13,0,wk inc flu hosp,2026-10-10,quantile,0.99,115
2026-10-10,13,1,wk inc flu hosp,2026-10-17,quantile,0.01,23
2026-10-10,13,1,wk inc flu hosp,2026-10-17,quantile,0.025,29
2026-10-10,13,1,wk inc flu hosp,2026-10-17,quantile,0.05,35
2026-10-10,13,1,wk inc flu hosp,2026-10-17,quantile,0.1,42
2026-10-10,13,1,wk inc flu hosp,2026-10-17,quantile,0.15,47
2026-10-10,13,1,wk inc flu hosp,2026-10-17,quantile,0.2,52
2026-10-10,13,1,wk inc flu hosp,2026-10-17,quantile,0.25,56
2026-10-10,13,1,wk inc flu hosp,2026-10-17,quantile,0.3,59
2026-10-10,13,1,wk inc flu hosp,2026-10-17,quantile,0.35,63
2026-10-10,13,1,wk inc flu hosp,2026-10-17,quantile,0.4,66
2026-10-10,13,1,wk inc flu hosp,2026-10-17,quantile,0.45,69
2026-10-10,13,1,wk inc flu hosp,2026-10-17,quantile,0.5,73
2026-10-10,13,1,wk inc flu hosp,2026-10-17,quantile,0.55,76
2026-10-10,13,1,wk inc flu hosp,2026-10-17,quantile,0.6,80
2026-10-10,13,1,wk inc flu hosp,2026-10-17,quantile,0.65,84
2026-10-10,13,1,wk inc flu hosp,2026-10-17,quantile,0.7,89
2026-10-10,13,1,wk inc flu hosp,2026-10-17,quantile,0.75,94
2026-10-10,13,1,wk inc flu hosp,2026-10-17,quantile,0.8,100
2026-10-10,13,1,wk inc flu hosp,2026-10-17,quantile,0.85,107
2026-10-10,13,1,wk inc flu hosp,2026-10-17,quantile,0.9,117
2026-10-10,13,1,wk inc flu hosp,2026-10-17,quantile,0.95,133
2026-10-10,13,1,wk inc flu hosp,2026-10-17,quantile,0.975,150
2026-10-10,13,1,wk inc flu hosp,2026-10-17,quantile,0.99,175
2026-10-10,13,2,wk inc flu hosp,2026-10-24,quantile,0.01,21
2026-10-10,13,2,wk inc flu hosp,2026-10-24,quantile,0.025,29
2026-10-10,13,2,wk inc flu hosp,2026-10-24,quantile,0.05,37
2026-10-10,13,2,wk inc flu hosp,2026-10-24,quantile,0.1,46
2026-10-10,13,2,wk inc flu hosp,2026-10-24,quantile,0.15,53
2026-10-10,13,2,wk inc flu hosp,2026-10-24,quantile,0.2,59
2026-10-10,13,2,wk inc flu hosp,2026-10-24,quantile,0.25,65
2026-10-10,13,2,wk inc flu hosp,2026-10-24,quantile,0.3,70
2026-10-10,13,2,wk inc flu hosp,2026-10-24,quantile,0.35,75
2026-10-10,13,2,wk inc flu hosp,2026-10-24,quantile,0.4,80
2026-10-10,13,2,wk inc flu hosp,2026-10-24,quantile,0.45,85
2026-10-10,13,2,wk inc flu hosp,2026-10-24,quantile,0.5,90
2026-10-10,13,2,wk inc flu hosp,2026-10-24,quantile,0.55,95
2026-10-10,13,2,wk inc flu hosp,2026-10-24,quantile,0.6,101
2026-10-10,13,2,wk inc flu hosp,2026-10-24,quantile,0.65,107
2026-10-10,13,2,wk inc flu hosp,2026-10-24,quantile,0.7,114
2026-10-10,13,2,wk inc flu hosp,2026-10-24,quantile,0.75,122
2026-10-10,13,2,wk inc flu hosp,2026-10-24,quantile,0.8,131
2026-10-10,13,2,wk inc flu hosp,2026-10-24,quantile,0.85,143
2026-10-10,13,2,wk inc flu hosp,2026-10-24,quantile,0.9,160
2026-10-10,13,2,wk inc flu hosp,2026-10-24,quantile,0.95,190
2026-10-10,13,2,wk inc flu hosp,2026-10-24,quantile,0.975,223
2026-10-10,13,2,wk inc flu hosp,2026-10-24,quantile,0.99,272
2026-10-10,13,3,wk inc flu hosp,2026-10-31,quantile,0.01,19
2026-10-10,13,3,wk inc flu hosp,2026-10-31,quantile,0.025,29
2026-10-10,13,3,wk inc flu hosp,2026-10-31,quantile,0.05,38
2026-10-10,13,3,wk inc flu hosp,2026-10-31,quantile,0.1,51
2026-10-10,13,3,wk inc flu hosp,2026-10-31,quantile,0.15,60
2026-10-10,13,3,wk inc flu hosp,2026-10-31,quantile,0.2,68
2026-10-10,13,3,wk inc flu hosp,2026-10-31,quantile,0.25,76
2026-10-10,13,3,wk inc flu hosp,2026-10-31,quantile,0.3,83
2026-10-10,13,3,wk inc flu hosp,2026-10-31,quantile,0.35,90
2026-10-10,13,3,wk inc flu hosp,2026-10-31,quantile,0.4,96
2026-10-10,13,3,wk inc flu hosp,2026-10-31,quantile,0.45,103
2026-10-10,13,3,wk inc flu hosp,2026-10-31,quantile,0.5,111
2026-10-10,13,3,wk inc flu hosp,2026-10-31,quantile,0.55,118
2026-10-10,13,3,wk inc flu hosp,2026-10-31,quantile,0.6,127
2026-10-10,13,3,wk inc flu hosp,2026-10-31,quantile,0.65,136
2026-10-10,13,3,wk inc flu hosp,2026-10-31,quantile,0.7,146
2026-10-10,13,3,wk inc flu hosp,2026-10-31,quantile,0.75,158
2026-10-10,13,3,wk inc flu hosp,2026-10-31,quantile,0.8,173
2026-10-10,13,3,wk inc flu hosp,2026-10-31,quantile,0.85,192
2026-10-10,13,3,wk inc flu hosp,2026-10-31,quantile,0.9,221
2026-10-10,13,3,wk inc flu hosp,2026-10-31,quantile,0.95,272
2026-10-10,13,3,wk inc flu hosp,2026-10-31,quantile,0.975,330
2026-10-10,13,3,wk inc flu hosp,2026-10-31,quantile,0.99,422
2026-10-10,15,0,wk inc flu hosp,2026-10-10,quantile,0.01,32
2026-10-10,15,0,wk inc flu hosp,2026-10-10,quantile,0.025,39
2026-10-10,15,0,wk inc flu hosp,2026-10-10,quantile,0.05,45
2026-10-10,15,0,wk inc flu hosp,2026-10-10,quantile,0.1,53
2026-10-10,15,0,wk inc flu hosp,2026-10-10,quantile,0.15,58
2026-10-10,15,0,wk inc flu hosp,2026-10-10,quantile,0.2,63
2026-10-10,15,0,wk inc flu hosp,2026-10-10,quantile,0.25,67
2026-10-10,15,0,wk inc flu hosp,2026-10-10,quantile,0.3,71
2026-10-10,15,0,wk inc flu hosp,2026-10-10,quantile,0.35,74
2026-10-10,15,0,wk inc flu hosp,2026-10-10,quantile,0.4,78
2026-10-10,15,0,wk inc flu hosp,2026-10-10,quantile,0.45,81
2026-10-10,15,0,wk inc flu hosp,2026-10-10,quantile,0.5,85
2026-10-10,15,0,wk inc flu hosp,2026-10-10,quantile,0.55,89
2026-10-10,15,0,wk inc flu hosp,2026-10-10,quantile,0.6,93
2026-10-10,15,0,wk inc flu hosp,2026-10-10,quantile,0.65,97
2026-10-10,15,0,wk inc flu hosp,2026-10-10,quantile,0.7,101
2026-10-10,15,0,wk inc flu hosp,2026-10-10,quantile,0.75,107
2026-10-10,15,0,wk inc flu hosp,2026-10-10,quantile,0.8,113
2026-10-10,15,0,wk inc flu hosp,2026-10-10,quantile,0.85,120
2026-10-10,15,0,wk inc flu hosp,2026-10-10,quantile,0.9,131
2026-10-10,15,0,wk inc flu hosp,2026-10-10,quantile,0.95,148
2026-10-10,15,0,wk inc flu hosp,2026-10-10,quantile,0.975,166
2026-10-10,15,0,wk inc flu hosp,2026-10-10,quantile,0.99,190
2026-10-10,15,1,wk inc flu hosp,2026-10-17,quantile,0.01,37
2026-10-10,15,1,wk inc flu hosp,2026-10-17,quantile,0.025,48
2026-10-10,15,1,wk inc flu hosp,2026-10-17,quantile,0.05,59
2026-10-10,15,1,wk inc flu hosp,2026-10-17,quantile,0.1,72
2026-10-10,15,1,wk inc flu hosp,2026-10-17,quantile,0.15,81
2026-10-10,15,1,wk inc flu hosp,2026-10-17,quantile,0.2,89
2026-10-10,15,1,wk inc flu hosp,2026-10-17,quantile,0.25,96
2026-10-10,15,1,wk inc flu hosp,2026-10-17,quantile,0.3,102
2026-10-10,15,1,wk inc flu hosp,2026-10-17,quantile,0.35,109
2026-10-10,15,1,wk inc flu hosp,2026-10-17,quantile,0.4,115
2026-10-10,15,1,wk inc flu hosp,2026-10-17,quantile,0.45,121
2026-10-10,15,1,wk inc flu hosp,2026-10-17,quantile,0.5,128
2026-10-10,15,1,wk inc flu hosp,2026-10-17,quantile,0.55,135
2026-10-10,15,1,wk inc flu hosp,2026-10-17,quantile,0.6,142
2026-10-10,15,1,wk inc flu hosp,2026-10-17,quantile,0.65,150
2026-10-10,15,1,wk inc flu hosp,2026-10-17,quantile,0.7,159
2026-10-10,15,1,wk inc flu hosp,2026-10-17,quantile,0.75,169
2026-10-10,15,1,wk inc flu hosp,2026-10-17,quantile,0.8,182
2026-10-10,15,1,wk inc flu hosp,2026-10-17,quantile,0.85,198
2026-10-10,15,1,wk inc flu hosp,2026-10-17,quantile,0.9,222
2026-10-10,15,1,wk inc flu hosp,2026-10-17,quantile,0.95,266
2026-10-10,15,1,wk inc flu hosp,2026-10-17,quantile,0.975,313
2026-10-10,15,1,wk inc flu hosp,2026-10-17,quantile,0.99,378
2026-10-10,15,2,wk inc flu hosp,2026-10-24,quantile,0.01,40
2026-10-10,15,2,wk inc flu hosp,2026-10-24,quantile,0.025,56
2026-10-10,15,2,wk inc flu hosp,2026-10-24,quantile,0.05,72
2026-10-10,15,2,wk inc flu hosp,2026-10-24,quantile,0.1,91
2026-10-10,15,2,wk inc flu hosp,2026-10-24,quantile,0.15,104
2026-10-10,15,2,wk inc flu hosp,2026-10-24,quantile,0.2,116
2026-10-10,15,2,wk inc flu hosp,2026-10-24,quantile,0.25,126
2026-10-10,15,2,wk inc flu hosp,2026-10-24,quantile,0.3,136
2026-10-10,15,2,wk inc flu hosp,2026-10-24,quantile,0.35,146
2026-10-10,15,2,wk inc flu hosp,2026-10-24,quantile,0.4,155
2026-10-10,15,2,wk inc flu hosp,2026-10-24,quantile,0.45,165
2026-10-10,15,2,wk inc flu hosp,2026-10-24,quantile,0.5,175
2026-10-10,15,2,wk inc flu hosp,2026-10-24,quantile,0.55,186
2026-10-10,15,2,wk inc flu hosp,2026-10-24,quantile,0.6,198
2026-10-10,15,2,wk inc flu hosp,2026-10-24,quantile,0.65,211
2026-10-10,15,2,wk inc flu hosp,2026-10-24,quantile,0.7,225
2026-10-10,15,2,wk inc flu hosp,2026-10-24,quantile,0.75,243
2026-10-10,15,2,wk inc flu hosp,2026-10-24,quantile,0.8,265
2026-10-10,15,2,wk inc flu hosp,2026-10-24,quantile,0.85,295
2026-10-10,15,2,wk inc flu hosp,2026-10-24,quantile,0.9,339
2026-10-10,15,2,wk inc flu hosp,2026-10-24,quantile,0.95,420
2026-10-10,15,2,wk inc flu hosp,2026-10-24,quantile,0.975,509
2026-10-10,15,2,wk inc flu hosp,2026-10-24,quantile,0.99,633
2026-10-10,15,3,wk inc flu hosp,2026-10-31,quantile,0.01,44
2026-10-10,15,3,wk inc flu hosp,2026-10-31,quantile,0.025,63
2026-10-10,15,3,wk inc flu hosp,2026-10-31,quantile,0.05,83
2026-10-10,15,3,wk inc flu hosp,2026-10-31,quantile,0.1,106
2026-10-10,15,3,wk inc flu hosp,2026-10-31,quantile,0.15,122
2026-10-10,15,3,wk inc flu hosp,2026-10-31,quantile,0.2,136
2026-10-10,15,3,wk inc flu hosp,2026-10-31,quantile,0.25,149
2026-10-10,15,3,wk inc flu hosp,2026-10-31,quantile,0.3,161
2026-10-10,15,3,wk inc flu hosp,2026-10-31,quantile,0.35,173
2026-10-10,15,3,wk inc flu hosp,2026-10-31,quantile,0.4,186
2026-10-10,15,3,wk inc flu hosp,2026-10-31,quantile,0.45,200
2026-10-10,15,3,wk inc flu hosp,2026-10-31,quantile,0.5,214
2026-10-10,15,3,wk inc flu hosp,2026-10-31,quantile,0.55,229
2026-10-10,15,3,wk inc flu hosp,2026-10-31,quantile,0.6,245
2026-10-10,15,3,wk inc flu hosp,2026-10-31,quantile,0.65,264
2026-10-10,15,3,wk inc flu hosp,2026-10-31,quantile,0.7,284
2026-10-10,15,3,wk inc flu hosp,2026-10-31,quantile,0.75,309
2026-10-10,15,3,wk inc flu hosp,2026-10-31,quantile,0.8,340
2026-10-10,15,3,wk inc flu hosp,2026-10-31,quantile,0.85,381
2026-10-10,15,3,wk inc flu hosp,2026-10-31,quantile,0.9,441
2026-10-10,15,3,wk inc flu hosp,2026-10-31,quantile,0.95,550
2026-10-10,15,3,wk inc flu hosp,2026-10-31,quantile,0.975,667
2026-10-10,15,3,wk inc flu hosp,2026-10-31,quantile,0.99,832
2026-10-10,16,0,wk inc flu hosp,2026-10-10,quantile,0.01,5
2026-10-10,16,0,wk inc flu hosp,2026-10-10,quantile,0.025,7
2026-10-10,16,0,wk inc flu hosp,2026-10-10,quantile,0.05,9
2026-10-10,16,0,wk inc flu hosp,2026-10-10,quantile,0.1,12
2026-10-10,16,0,wk inc flu hosp,2026-10-10,quantile,0.15,14
2026-10-10,16,0,wk inc flu hosp,2026-10-10,quantile,0.2,16
2026-10-10,16,0,wk inc flu hosp,2026-10-10,quantile,0.25,17
2026-10-10,16,0,wk inc flu hosp,2026-10-10,quantile,0.3,19
2026-10-10,16,0,wk inc flu hosp,2026-10-10,quantile,0.35,20
2026-10-10,16,0,wk inc flu hosp,2026-10-10,quantile,0.4,22
2026-10-10,16,0,wk inc flu hosp,2026-10-10,quantile,0.45,23
2026-10-10,16,0,wk inc flu hosp,2026-10-10,quantile,0.5,24
2026-10-10,16,0,wk inc flu hosp,2026-10-10,quantile,0.55,26
2026-10-10,16,0,wk inc flu hosp,2026-10-10,quantile,0.6,28
2026-10-10,16,0,wk inc flu hosp,2026-10-10,quantile,0.65,29
2026-10-10,16,0,wk inc flu hosp,2026-10-10,quantile,0.7,31
2026-10-10,16,0,wk inc flu hosp,2026-10-10,quantile,0.75,33
2026-10-10,16,0,wk inc flu hosp,2026-10-10,quantile,0.8,36
2026-10-10,16,0,wk inc flu hosp,2026-10-10,quantile,0.85,39
2026-10-10,16,0,wk inc flu hosp,2026-10-10,quantile,0.9,43
2026-10-10,16,0,wk inc flu hosp,2026-10-10,quantile,0.95,50
2026-10-10,16,0,wk inc flu hosp,2026-10-10,quantile,0.975,57
2026-10-10,16,0,wk inc flu hosp,2026-10-10,quantile,0.99,67
2026-10-10,16,1,wk inc flu hosp,2026-10-17,quantile,0.01,5
2026-10-10,16,1,wk inc flu hosp,2026-10-17,quantile,0.025,8
2026-10-10,16,1,wk inc flu hosp,2026-10-17,quantile,0.05,11
2026-10-10,16,1,wk inc flu hosp,2026-10-17,quantile,0.1,15
2026-10-10,16,1,wk inc flu hosp,2026-10-17,quantile,0.15,18
2026-10-10,16,1,wk inc flu hosp,2026-10-17,quantile,0.2,20
2026-10-10,16,1,wk inc flu hosp,2026-10-17,quantile,0.25,23
2026-10-10,16,1,wk inc flu hosp,2026-10-17,quantile,0.3,25
2026-10-10,16,1,wk inc flu hosp,2026-10-17,quantile,0.35,27
2026-10-10,16,1,wk inc flu hosp,2026-10-17,quantile,0.4,29
2026-10-10,16,1,wk inc flu hosp,2026-10-17,quantile,0.45,31
2026-10-10,16,1,wk inc flu hosp,2026-10-17,quantile,0.5,34
2026-10-10,16,1,wk inc flu hosp,2026-10-17,quantile,0.55,36
2026-10-10,16,1,wk inc flu hosp,2026-10-17,quantile,0.6,38
2026-10-10,16,1,wk inc flu hosp,2026-10-17,quantile,0.65,41
2026-10-10,16,1,wk inc flu hosp,2026-10-17,quantile,0.7,44
2026-10-10,16,1,wk inc flu hosp,2026-10-17,quantile,0.75,48
2026-10-10,16,1,wk inc flu hosp,2026-10-17,quantile,0.8,52
2026-10-10,16,1,wk inc flu hosp,2026-10-17,quantile,0.85,57
2026-10-10,16,1,wk inc flu hosp,2026-10-17,quantile,0.9,65
2026-10-10,16,1,wk inc flu hosp,2026-10-17,quantile,0.95,79
2026-10-10,16,1,wk inc flu hosp,2026-10-17,quantile,0.975,93
2026-10-10,16,1,wk inc flu hosp,2026-10-17,quantile,0.99,113
2026-10-10,16,2,wk inc flu hosp,2026-10-24,quantile,0.01,5
2026-10-10,16,2,wk inc flu hosp,2026-10-24,quantile,0.025,8
2026-10-10,16,2,wk inc flu hosp,2026-10-24,quantile,0.05,12
2026-10-10,16,2,wk inc flu hosp,2026-10-24,quantile,0.1,18
2026-10-10,16,2,wk inc flu hosp,2026-10-24,quantile,0.15,22
2026-10-10,16,2,wk inc flu hosp,2026-10-24,quantile,0.2,26
2026-10-10,16,2,wk inc flu hosp,2026-10-24,quantile,0.25,29
2026-10-10,16,2,wk inc flu hosp,2026-10-24,quantile,0.3,32
2026-10-10,16,2,wk inc flu hosp,2026-10-24,quantile,0.35,36
2026-10-10,16,2,wk inc flu hosp,2026-10-24,quantile,0.4,39
2026-10-10,16,2,wk inc flu hosp,2026-10-24,quantile,0.45,42
2026-10-10,16,2,wk inc flu hosp,2026-10-24,quantile,0.5,46
2026-10-10,16,2,wk inc flu hosp,2026-10-24,quantile,0.55,49
2026-10-10,16,2,wk inc flu hosp,2026-10-24,quantile,0.6,53
2026-10-10,16,2,wk inc flu hosp,2026-10-24,quantile,0.65,57
2026-10-10,16,2,wk inc flu hosp,2026-10-24,quantile,0.7,62
2026-10-10,16,2,wk inc flu hosp,2026-10-24,quantile,0.75,68
2026-10-10,16,2,wk inc flu hosp,2026-10-24,quantile,0.8,75
2026-10-10,16,2,wk inc flu hosp,2026-10-24,quantile,0.85,85
2026-10-10,16,2,wk inc flu hosp,2026-10-24,quantile,0.9,99
2026-10-10,16,2,wk inc flu hosp,2026-10-24,quantile,0.95,124
2026-10-10,16,2,wk inc flu hosp,2026-10-24,quantile,0.975,150
2026-10-10,16,2,wk inc flu hosp,2026-10-24,quantile,0.99,189
2026-10-10,16,3,wk inc flu hosp,2026-10-31,quantile,0.01,5
2026-10-10,16,3,wk inc flu hosp,2026-10-31,quantile,0.025,9
2026-10-10,16,3,wk inc flu hosp,2026-10-31,quantile,0.05,15
2026-10-10,16,3,wk inc flu hosp,2026-10-31,quantile,0.1,22
2026-10-10,16,3,wk inc flu hosp,2026-10-31,quantile,0.15,28
2026-10-10,16,3,wk inc flu hosp,2026-10-31,quantile,0.2,33
2026-10-10,16,3,wk inc flu hosp,2026-10-31,quantile,0.25,37
2026-10-10,16,3,wk inc flu hosp,2026-10-31,quantile,0.3,42
2026-10-10,16,3,wk inc flu hosp,2026-10-31,quantile,0.35,47
2026-10-10,16,3,wk inc flu hosp,2026-10-31,quantile,0.4,51
2026-10-10,16,3,wk inc flu hosp,2026-10-31,quantile,0.45,56
2026-10-10,16,3,wk inc flu hosp,2026-10-31,quantile,0.5,61
2026-10-10,16,3,wk inc flu hosp,2026-10-31,quantile,0.55,66
2026-10-10,16,3,wk inc flu hosp,2026-10-31,quantile,0.6,72
2026-10-10,16,3,wk inc flu hosp,2026-10-31,quantile,0.65,79
2026-10-10,16,3,wk inc flu hosp,2026-10-31,quantile,0.7,86
2026-10-10,16,3,wk inc flu hosp,2026-10-31,quantile,0.75,95
2026-10-10,16,3,wk inc flu hosp,2026-10-31,quantile,0.8,107
2026-10-10,16,3,wk inc flu hosp,2026-10-31,quantile,0.85,122
2026-10-10,16,3,wk inc flu hosp,2026-10-31,quantile,0.9,146
2026-10-10,16,3,wk inc flu hosp,2026-10-31,quantile,0.95,188
2026-10-10,16,3,wk inc flu hosp,2026-10-31,quantile,0.975,235
2026-10-10,16,3,wk inc flu hosp,2026-10-31,quantile,0.99,304
2026-10-10,17,0,wk inc flu hosp,2026-10-10,quantile,0.01,23
2026-10-10,17,0,wk inc flu hosp,2026-10-10,quantile,0.025,30
2026-10-10,17,0,wk inc flu hosp,2026-10-10,quantile,0.05,37
2026-10-10,17,0,wk inc flu hosp,2026-10-10,quantile,0.1,46
2026-10-10,17,0,wk inc flu hosp,2026-10-10,quantile,0.15,53
2026-10-10,17,0,wk inc flu hosp,2026-10-10,quantile,0.2,58
2026-10-10,17,0,wk inc flu hosp,2026-10-10,quantile,0.25,63
2026-10-10,17,0,wk inc flu hosp,2026-10-10,quantile,0.3,68
2026-10-10,17,0,wk inc flu hosp,2026-10-10,quantile,0.35,73
2026-10-10,17,0,wk inc flu hosp,2026-10-10,quantile,0.4,78
2026-10-10,17,0,wk inc flu hosp,2026-10-10,quantile,0.45,83
2026-10-10,17,0,wk inc flu hosp,2026-10-10,quantile,0.5,88
2026-10-10,17,0,wk inc flu hosp,2026-10-10,quantile,0.55,93
2026-10-10,17,0,wk inc flu hosp,2026-10-10,quantile,0.6,98
2026-10-10,17,0,wk inc flu hosp,2026-10-10,quantile,0.65,104
2026-10-10,17,0,wk inc flu hosp,2026-10-10,quantile,0.7,111
2026-10-10,17,0,wk inc flu hosp,2026-10-10,quantile,0.75,118
2026-10-10,17,0,wk inc flu hosp,2026-10-10,quantile,0.8,126
2026-10-10,17,0,wk inc flu hosp,2026-10-10,quantile,0.85,137
2026-10-10,17,0,wk inc flu hosp,2026-10-10,quantile,0.9,151
2026-10-10,17,0,wk inc flu hosp,2026-10-10,quantile,0.95,175
2026-10-10,17,0,wk inc flu hosp,2026-10-10,quantile,0.975,197
2026-10-10,17,0,wk inc flu hosp,2026-10-10,quantile,0.99,226
2026-10-10,17,1,wk inc flu hosp,2026-10-17,quantile,0.01,11
2026-10-10,17,1,wk inc flu hosp,2026-10-17,quantile,0.025,19
2026-10-10,17,1,wk inc flu hosp,2026-10-17,quantile,0.05,28
2026-10-10,17,1,wk inc flu hosp,2026-10-17,quantile,0.1,41
2026-10-10,17,1,wk inc flu hosp,2026-10-17,quantile,0.15,52
2026-10-10,17,1,wk inc flu hosp,2026-10-17,quantile,0.2,61
2026-10-10,17,1,wk inc flu hosp,2026-10-17,quantile,0.25,70
2026-10-10,17,1,wk inc flu hosp,2026-10-17,quantile,0.3,80
2026-10-10,17,1,wk inc flu hosp,2026-10-17,quantile,0.35,89
2026-10-10,17,1,wk inc flu hosp,2026-10-17,quantile,0.4,98
2026-10-10,17,1,wk inc flu hosp,2026-10-17,quantile,0.45,108
2026-10-10,17,1,wk inc flu hosp,2026-10-17,quantile,0.5,118
2026-10-10,17,1,wk inc flu hosp,2026-10-17,quantile,0.55,129
2026-10-10,17,1,wk inc flu hosp,2026-10-17,quantile,0.6,141
2026-10-10,17,1,wk inc flu hosp,2026-10-17,quantile,0.65,154
2026-10-10,17,1,wk inc flu hosp,2026-10-17,quantile,0.7,169
2026-10-10,17,1,wk inc flu hosp,2026-10-17,quantile,0.75,187
2026-10-10,17,1,wk inc flu hosp,2026-10-17,quantile,0.8,208
2026-10-10,17,1,wk inc flu hosp,2026-10-17,quantile,0.85,236
2026-10-10,17,1,wk inc flu hosp,2026-10-17,quantile,0.9,274
2026-10-10,17,1,wk inc flu hosp,2026-10-17,quantile,0.95,341
2026-10-10,17,1,wk inc flu hosp,2026-10-17,quantile,0.975,409
2026-10-10,17,1,wk inc flu hosp,2026-10-17,quantile,0.99,501
2026-10-10,17,2,wk inc flu hosp,2026-10-24,quantile,0.01,5
2026-10-10,17,2,wk inc flu hosp,2026-10-24,quantile,0.025,12
2026-10-10,17,2,wk inc flu hosp,2026-10-24,quantile,0.05,21
2026-10-10,17,2,wk inc flu hosp,2026-10-24,quantile,0.1,37
2026-10-10,17,2,wk inc flu hosp,2026-10-24,quantile,0.15,53
2026-10-10,17,2,wk inc flu hosp,2026-10-24,quantile,0.2,67
2026-10-10,17,2,wk inc flu hosp,2026-10-24,quantile,0.25,82
2026-10-10,17,2,wk inc flu hosp,2026-10-24,quantile,0.3,97
2026-10-10,17,2,wk inc flu hosp,2026-10-24,quantile,0.35,113
2026-10-10,17,2,wk inc flu hosp,2026-10-24,quantile,0.4,130
2026-10-10,17,2,wk inc flu hosp,2026-10-24,quantile,0.45,149
2026-10-10,17,2,wk inc flu hosp,2026-10-24,quantile,0.5,168
2026-10-10,17,2,wk inc flu hosp,2026-10-24,quantile,0.55,190
2026-10-10,17,2,wk inc flu hosp,2026-10-24,quantile,0.6,215
2026-10-10,17,2,wk inc flu hosp,2026-10-24,quantile,0.65,243
2026-10-10,17,2,wk inc flu hosp,2026-10-24,quantile,0.7,275
2026-10-10,17,2,wk inc flu hosp,2026-10-24,quantile,0.75,314
2026-10-10,17,2,wk inc flu hosp,2026-10-24,quantile,0.8,363
2026-10-10,17,2,wk inc flu hosp,2026-10-24,quantile,0.85,427
2026-10-10,17,2,wk inc flu hosp,2026-10-24,quantile,0.9,520
2026-10-10,17,2,wk inc flu hosp,2026-10-24,quantile,0.95,688
2026-10-10,17,2,wk inc flu hosp,2026-10-24,quantile,0.975,867
2026-10-10,17,2,wk inc flu hosp,2026-10-24,quantile,0.99,1116
2026-10-10,17,3,wk inc flu hosp,2026-10-31,quantile,0.01,3
2026-10-10,17,3,wk inc flu hosp,2026-10-31,quantile,0.025,8
2026-10-10,17,3,wk inc flu hosp,2026-10-31,quantile,0.05,18
2026-10-10,17,3,wk inc flu hosp,2026-10-31,quantile,0.1,39
2026-10-10,17,3,wk inc flu hosp,2026-10-31,quantile,0.15,59
2026-10-10,17,3,wk inc flu hosp,2026-10-31,quantile,0.2,81
2026-10-10,17,3,wk inc flu hosp,2026-10-31,quantile,0.25,104
2026-10-10,17,3,wk inc flu hosp,2026-10-31,quantile,0.3,129
2026-10-10,17,3,wk inc flu hosp,2026-10-31,quantile,0.35,156
2026-10-10,17,3,wk inc flu hosp,2026-10-31,quantile,0.4,185
2026-10-10,17,3,wk inc flu hosp,2026-10-31,quantile,0.45,217
2026-10-10,17,3,wk inc flu hosp,2026-10-31,quantile,0.5,253
2026-10-10,17,3,wk inc flu hosp,2026-10-31,quantile,0.55,293
2026-10-10,17,3,wk inc flu hosp,2026-10-31,quantile,0.6,340
2026-10-10,17,3,wk inc flu hosp,2026-10-31,quantile,0.65,394
2026-10-10,17,3,wk inc flu hosp,2026-10-31,quantile,0.7,459
2026-10-10,17,3,wk inc flu hosp,2026-10-31,quantile,0.75,538
2026-10-10,17,3,wk inc flu hosp,2026-10-31,quantile,0.8,638
2026-10-10,17,3,wk inc flu hosp,2026-10-31,quantile,0.85,773
2026-10-10,17,3,wk inc flu hosp,2026-10-31,quantile,0.9,975
2026-10-10,17,3,wk inc flu hosp,2026-10-31,quantile,0.95,1347
2026-10-10,17,3,wk inc flu hosp,2026-10-31,quantile,0.975,1752
2026-10-10,17,3,wk inc flu hosp,2026-10-31,quantile,0.99,2334
2026-10-10,18,0,wk inc flu hosp,2026-10-10,quantile,0.01,36
2026-10-10,18,0,wk inc flu hosp,2026-10-10,quantile,0.025,42
2026-10-10,18,0,wk inc flu hosp,2026-10-10,quantile,0.05,48
2026-10-10,18,0,wk inc flu hosp,2026-10-10,quantile,0.1,55
2026-10-10,18,0,wk inc flu hosp,2026-10-10,quantile,0.15,61
2026-10-10,18,0,wk inc flu hosp,2026-10-10,quantile,0.2,65
2026-10-10,18,0,wk inc flu hosp,2026-10-10,quantile,0.25,69
2026-10-10,18,0,wk inc flu hosp,2026-10-10,quantile,0.3,72
2026-10-10,18,0,wk inc flu hosp,2026-10-10,quantile,0.35,75
2026-10-10,18,0,wk inc flu hosp,2026-10-10,quantile,0.4,78
2026-10-10,18,0,wk inc flu hosp,2026-10-10,quantile,0.45,82
2026-10-10,18,0,wk inc flu hosp,2026-10-10,quantile,0.5,85
2026-10-10,18,0,wk inc flu hosp,2026-10-10,quantile,0.55,88
2026-10-10,18,0,wk inc flu hosp,2026-10-10,quantile,0.6,92
2026-10-10,18,0,wk inc flu hosp,2026-10-10,quantile,0.65,95
2026-10-10,18,0,wk inc flu hosp,2026-10-10,quantile,0.7,99
2026-10-10,18,0,wk inc flu hosp,2026-10-10,quantile,0.75,104
2026-10-10,18,0,wk inc flu hosp,2026-10-10,quantile,0.8,109
2026-10-10,18,0,wk inc flu hosp,2026-10-10,quantile,0.85,115
2026-10-10,18,0,wk inc flu hosp,2026-10-10,quantile,0.9,124
2026-10-10,18,0,wk inc flu hosp,2026-10-10,quantile,0.95,137
2026-10-10,18,0,wk inc flu hosp,2026-10-10,quantile,0.975,151
2026-10-10,18,0,wk inc flu hosp,2026-10-10,quantile,0.99,168
2026-10-10,18,1,wk inc flu hosp,2026-10-17,quantile,0.01,38
2026-10-10,18,1,wk inc flu hosp,2026-10-17,quantile,0.025,48
2026-10-10,18,1,wk inc flu hosp,2026-10-17,quantile,0.05,58
2026-10-10,18,1,wk inc flu hosp,2026-10-17,quantile,0.1,71
2026-10-10,18,1,wk inc flu hosp,2026-10-17,quantile,0.15,80
2026-10-10,18,1,wk inc flu hosp,2026-10-17,quantile,0.2,88
2026-10-10,18,1,wk inc flu hosp,2026-10-17,quantile,0.25,94
2026-10-10,18,1,wk inc flu hosp,2026-10-17,quantile,0.3,100
2026-10-10,18,1,wk inc flu hosp,2026-10-17,quantile,0.35,106
2026-10-10,18,1,wk inc flu hosp,2026-10-17,quantile,0.4,112
2026-10-10,18,1,wk inc flu hosp,2026-10-17,quantile,0.45,118
2026-10-10,18,1,wk inc flu hosp,2026-10-17,quantile,0.5,123
2026-10-10,18,1,wk inc flu hosp,2026-10-17,quantile,0.55,129
2026-10-10,18,1,wk inc flu hosp,2026-10-17,quantile,0.6,136
2026-10-10,18,1,wk inc flu hosp,2026-10-17,quantile,0.65,143
2026-10-10,18,1,wk inc flu hosp,2026-10-17,quantile,0.7,150
2026-10-10,18,1,wk inc flu hosp,2026-10-17,quantile,0.75,159
2026-10-10,18,1,wk inc flu hosp,2026-10-17,quantile,0.8,169
2026-10-10,18,1,wk inc flu hosp,2026-10-17,quantile,0.85,182
2026-10-10,18,1,wk inc flu hosp,2026-10-17,quantile,0.9,201
2026-10-10,18,1,wk inc flu hosp,2026-10-17,quantile,0.95,233
2026-10-10,18,1,wk inc flu hosp,2026-10-17,quantile,0.975,266
2026-10-10,18,1,wk inc flu hosp,2026-10-17,quantile,0.99,314
2026-10-10,18,2,wk inc flu hosp,2026-10-24,quantile,0.01,36
2026-10-10,18,2,wk inc flu hosp,2026-10-24,quantile,0.025,52
2026-10-10,18,2,wk inc flu hosp,2026-10-24,quantile,0.05,67
2026-10-10,18,2,wk inc flu hosp,2026-10-24,quantile,0.1,87
2026-10-10,18,2,wk inc flu hosp,2026-10-24,quantile,0.15,103
2026-10-10,18,2,wk inc flu hosp,2026-10-24,quantile,0.2,115
2026-10-10,18,2,wk inc flu hosp,2026-10-24,quantile,0.25,126
2026-10-10,18,2,wk inc flu hosp,2026-10-24,quantile,0.3,136
2026-10-10,18,2,wk inc flu hosp,2026-10-24,quantile,0.35,146
2026-10-10,18,2,wk inc flu hosp,2026-10-24,quantile,0.4,156
2026-10-10,18,2,wk inc flu hosp,2026-10-24,quantile,0.45,165
2026-10-10,18,2,wk inc flu hosp,2026-10-24,quantile,0.5,175
2026-10-10,18,2,wk inc flu hosp,2026-10-24,quantile,0.55,186
2026-10-10,18,2,wk inc flu hosp,2026-10-24,quantile,0.6,197
2026-10-10,18,2,wk inc flu hosp,2026-10-24,quantile,0.65,209
2026-10-10,18,2,wk inc flu hosp,2026-10-24,quantile,0.7,222
2026-10-10,18,2,wk inc flu hosp,2026-10-24,quantile,0.75,238
2026-10-10,18,2,wk inc flu hosp,2026-10-24,quantile,0.8,257
2026-10-10,18,2,wk inc flu hosp,2026-10-24,quantile,0.85,283
2026-10-10,18,2,wk inc flu hosp,2026-10-24,quantile,0.9,320
2026-10-10,18,2,wk inc flu hosp,2026-10-24,quantile,0.95,389
2026-10-10,18,2,wk inc flu hosp,2026-10-24,quantile,0.975,464
2026-10-10,18,2,wk inc flu hosp,2026-10-24,quantile,0.99,576
2026-10-10,18,3,wk inc flu hosp,2026-10-31,quantile,0.01,35
2026-10-10,18,3,wk inc flu hosp,2026-10-31,quantile,0.025,56
2026-10-10,18,3,wk inc flu hosp,2026-10-31,quantile,0.05,77
2026-10-10,18,3,wk inc flu hosp,2026-10-31,quantile,0.1,106
2026-10-10,18,3,wk inc flu hosp,2026-10-31,quantile,0.15,129
2026-10-10,18,3,wk inc flu hosp,2026-10-31,quantile,0.2,148
2026-10-10,18,3,wk inc flu hosp,2026-10-31,quantile,0.25,164
2026-10-10,18,3,wk inc flu hosp,2026-10-31,quantile,0.3,180
2026-10-10,18,3,wk inc flu hosp,2026-10-31,quantile,0.35,195
2026-10-10,18,3,wk inc flu hosp,2026-10-31,quantile,0.4,210
2026-10-10,18,3,wk inc flu hosp,2026-10-31,quantile,0.45,226
2026-10-10,18,3,wk inc flu hosp,2026-10-31,quantile,0.5,241
2026-10-10,18,3,wk inc flu hosp,2026-10-31,quantile,0.55,257
2026-10-10,18,3,wk inc flu hosp,2026-10-31,quantile,0.6,275
2026-10-10,18,3,wk inc flu hosp,2026-10-31,quantile,0.65,294
2026-10-10,18,3,wk inc flu hosp,2026-10-31,quantile,0.7,316
2026-10-10,18,3,wk inc flu hosp,2026-10-31,quantile,0.75,342
2026-10-10,18,3,wk inc flu hosp,2026-10-31,quantile,0.8,376
2026-10-10,18,3,wk inc flu hosp,2026-10-31,quantile,0.85,421
2026-10-10,18,3,wk inc flu hosp,2026-10-31,quantile,0.9,489
2026-10-10,18,3,wk inc flu hosp,2026-10-31,quantile,0.95,620
2026-10-10,18,3,wk inc flu hosp,2026-10-31,quantile,0.975,766
2026-10-10,18,3,wk inc flu hosp,2026-10-31,quantile,0.99,988
2026-10-10,19,0,wk inc flu hosp,2026-10-10,quantile,0.01,4
2026-10-10,19,0,wk inc flu hosp,2026-10-10,quantile,0.025,5
2026-10-10,19,0,wk inc flu hosp,2026-10-10,quantile,0.05,7
2026-10-10,19,0,wk inc flu hosp,2026-10-10,quantile,0.1,9
2026-10-10,19,0,wk inc flu hosp,2026-10-10,quantile,0.15,10
2026-10-10,19,0,wk inc flu hosp,2026-10-10,quantile,0.2,12
2026-10-10,19,0,wk inc flu hosp,2026-10-10,quantile,0.25,13
2026-10-10,19,0,wk inc flu hosp,2026-10-10,quantile,0.3,14
2026-10-10,19,0,wk inc flu hosp,2026-10-10,quantile,0.35,15
2026-10-10,19,0,wk inc flu hosp,2026-10-10,quantile,0.4,16
2026-10-10,19,0,wk inc flu hosp,2026-10-10,quantile,0.45,17
2026-10-10,19,0,wk inc flu hosp,2026-10-10,quantile,0.5,18
2026-10-10,19,0,wk inc flu hosp,2026-10-10,quantile,0.55,20
2026-10-10,19,0,wk inc flu hosp,2026-10-10,quantile,0.6,21
2026-10-10,19,0,wk inc flu hosp,2026-10-10,quantile,0.65,22
2026-10-10,19,0,wk inc flu hosp,2026-10-10,quantile,0.7,24
2026-10-10,19,0,wk inc flu hosp,2026-10-10,quantile,0.75,26
2026-10-10,19,0,wk inc flu hosp,2026-10-10,quantile,0.8,28
2026-10-10,19,0,wk inc flu hosp,2026-10-10,quantile,0.85,31
2026-10-10,19,0,wk inc flu hosp,2026-10-10,quantile,0.9,35
2026-10-10,19,0,wk inc flu hosp,2026-10-10,quantile,0.95,41
2026-10-10,19,0,wk inc flu hosp,2026-10-10,quantile,0.975,48
2026-10-10,19,0,wk inc flu hosp,2026-10-10,quantile,0.99,57
2026-10-10,19,1,wk inc flu hosp,2026-10-17,quantile,0.01,4
2026-10-10,19,1,wk inc flu hosp,2026-10-17,quantile,0.025,6
2026-10-10,19,1,wk inc flu hosp,2026-10-17,quantile,0.05,8
2026-10-10,19,1,wk inc flu hosp,2026-10-17,quantile,0.1,10
2026-10-10,19,1,wk inc flu hosp,2026-10-17,quantile,0.15,13
2026-10-10,19,1,wk inc flu hosp,2026-10-17,quantile,0.2,14
2026-10-10,19,1,wk inc flu hosp,2026-10-17,quantile,0.25,16
2026-10-10,19,1,wk inc flu hosp,2026-10-17,quantile,0.3,18
2026-10-10,19,1,wk inc flu hosp,2026-10-17,quantile,0.35,19
2026-10-10,19,1,wk inc flu hosp,2026-10-17,quantile,0.4,21
2026-10-10,19,1,wk inc flu hosp,2026-10-17,quantile,0.45,23
2026-10-10,19,1,wk inc flu hosp,2026-10-17,quantile,0.5,24
2026-10-10,19,1,wk inc flu hosp,2026-10-17,quantile,0.55,26
2026-10-10,19,1,wk inc flu hosp,2026-10-17,quantile,0.6,29
2026-10-10,19,1,wk inc flu hosp,2026-10-17,quantile,0.65,31
2026-10-10,19,1,wk inc flu hosp,2026-10-17,quantile,0.7,34
2026-10-10,19,1,wk inc flu hosp,2026-10-17,quantile,0.75,37
2026-10-10,19,1,wk inc flu hosp,2026-10-17,quantile,0.8,41
2026-10-10,19,1,wk inc flu hosp,2026-10-17,quantile,0.85,47
2026-10-10,19,1,wk inc flu hosp,2026-10-17,quantile,0.9,55
2026-10-10,19,1,wk inc flu hosp,2026-10-17,quantile,0.95,70
2026-10-10,19,1,wk inc flu hosp,2026-10-17,quantile,0.975,85
2026-10-10,19,1,wk inc flu hosp,2026-10-17,quantile,0.99,108
2026-10-10,19,2,wk inc flu hosp,2026-10-24,quantile,0.01,3
2026-10-10,19,2,wk inc flu hosp,2026-10-24,quantile,0.025,6
2026-10-10,19,2,wk inc flu hosp,2026-10-24,quantile,0.05,9
2026-10-10,19,2,wk inc flu hosp,2026-10-24,quantile,0.1,12
2026-10-10,19,2,wk inc flu hosp,2026-10-24,quantile,0.15,15
2026-10-10,19,2,wk inc flu hosp,2026-10-24,quantile,0.2,18
2026-10-10,19,2,wk inc flu hosp,2026-10-24,quantile,0.25,20
2026-10-10,19,2,wk inc flu hosp,2026-10-24,quantile,0.3,22
2026-10-10,19,2,wk inc flu hosp,2026-10-24,quantile,0.35,25
2026-10-10,19,2,wk inc flu hosp,2026-10-24,quantile,0.4,27
2026-10-10,19,2,wk inc flu hosp,2026-10-24,quantile,0.45,30
2026-10-10,19,2,wk inc flu hosp,2026-10-24,quantile,0.5,32
2026-10-10,19,2,wk inc flu hosp,2026-10-24,quantile,0.55,35
2026-10-10,19,2,wk inc flu hosp,2026-10-24,quantile,0.6,39
2026-10-10,19,2,wk inc flu hosp,2026-10-24,quantile,0.65,43
2026-10-10,19,2,wk inc flu hosp,2026-10-24,quantile,0.7,48
2026-10-10,19,2,wk inc flu hosp,2026-10-24,quantile,0.75,54
2026-10-10,19,2,wk inc flu hosp,2026-10-24,quantile,0.8,61
2026-10-10,19,2,wk inc flu hosp,2026-10-24,quantile,0.85,72
2026-10-10,19,2,wk inc flu hosp,2026-10-24,quantile,0.9,89
2026-10-10,19,2,wk inc flu hosp,2026-10-24,quantile,0.95,120
2026-10-10,19,2,wk inc flu hosp,2026-10-24,quantile,0.975,155
2026-10-10,19,2,wk inc flu hosp,2026-10-24,quantile,0.99,208
2026-10-10,19,3,wk inc flu hosp,2026-10-31,quantile,0.01,3
2026-10-10,19,3,wk inc flu hosp,2026-10-31,quantile,0.025,6
2026-10-10,19,3,wk inc flu hosp,2026-10-31,quantile,0.05,9
2026-10-10,19,3,wk inc flu hosp,2026-10-31,quantile,0.1,14
2026-10-10,19,3,wk inc flu hosp,2026-10-31,quantile,0.15,18
2026-10-10,19,3,wk inc flu hosp,2026-10-31,quantile,0.2,22
2026-10-10,19,3,wk inc flu hosp,2026-10-31,quantile,0.25,25
2026-10-10,19,3,wk inc flu hosp,2026-10-31,quantile,0.3,28
2026-10-10,19,3,wk inc flu hosp,2026-10-31,quantile,0.35,32
2026-10-10,19,3,wk inc flu hosp,2026-10-31,quantile,0.4,35
2026-10-10,19,3,wk inc flu hosp,2026-10-31,quantile,0.45,39
2026-10-10,19,3,wk inc flu hosp,2026-10-31,quantile,0.5,43
2026-10-10,19,3,wk inc flu hosp,2026-10-31,quantile,0.55,47
2026-10-10,19,3,wk inc flu hosp,2026-10-31,quantile,0.6,53
2026-10-10,19,3,wk inc flu hosp,2026-10-31,quantile,0.65,59
2026-10-10,19,3,wk inc flu hosp,2026-10-31,quantile,0.7,67
2026-10-10,19,3,wk inc flu hosp,2026-10-31,quantile,0.75,78
2026-10-10,19,3,wk inc flu hosp,2026-10-31,quantile,0.8,91
2026-10-10,19,3,wk inc flu hosp,2026-10-31,quantile,0.85,111
2026-10-10,19,3,wk inc flu hosp,2026-10-31,quantile,0.9,142
2026-10-10,19,3,wk inc flu hosp,2026-10-31,quantile,0.95,203
2026-10-10,19,3,wk inc flu hosp,2026-10-31,quantile,0.975,275
2026-10-10,19,3,wk inc flu hosp,2026-10-31,quantile,0.99,387
2026-10-10,20,0,wk inc flu hosp,2026-10-10,quantile,0.01,2
2026-10-10,20,0,wk inc flu hosp,2026-10-10,quantile,0.025,3
2026-10-10,20,0,wk inc flu hosp,2026-10-10,quantile,0.05,4
2026-10-10,20,0,wk inc flu hosp,2026-10-10,quantile,0.1,6
2026-10-10,20,0,wk inc flu hosp,2026-10-10,quantile,0.15,7
2026-10-10,20,0,wk inc flu hosp,2026-10-10,quantile,0.2,8
2026-10-10,20,0,wk inc flu hosp,2026-10-10,quantile,0.25,9
2026-10-10,20,0,wk inc flu hosp,2026-10-10,quantile,0.3,10
2026-10-10,20,0,wk inc flu hosp,2026-10-10,quantile,0.35,11
2026-10-10,20,0,wk inc flu hosp,2026-10-10,quantile,0.4,12
2026-10-10,20,0,wk inc flu hosp,2026-10-10,quantile,0.45,13
2026-10-10,20,0,wk inc flu hosp,2026-10-10,quantile,0.5,14
2026-10-10,20,0,wk inc flu hosp,2026-10-10,quantile,0.55,15
2026-10-10,20,0,wk inc flu hosp,2026-10-10,quantile,0.6,16
2026-10-10,20,0,wk inc flu hosp,2026-10-10,quantile,0.65,17
2026-10-10,20,0,wk inc flu hosp,2026-10-10,quantile,0.7,19
2026-10-10,20,0,wk inc flu hosp,2026-10-10,quantile,0.75,20
2026-10-10,20,0,wk inc flu hosp,2026-10-10,quantile,0.8,22
2026-10-10,20,0,wk inc flu hosp,2026-10-10,quantile,0.85,24
2026-10-10,20,0,wk inc flu hosp,2026-10-10,quantile,0.9,27
2026-10-10,20,0,wk inc flu hosp,2026-10-10,quantile,0.95,32
2026-10-10,20,0,wk inc flu hosp,2026-10-10,quantile,0.975,38
2026-10-10,20,0,wk inc flu hosp,2026-10-10,quantile,0.99,45
2026-10-10,20,1,wk inc flu hosp,2026-10-17,quantile,0.01,2
2026-10-10,20,1,wk inc flu hosp,2026-10-17,quantile,0.025,3
2026-10-10,20,1,wk inc flu hosp,2026-10-17,quantile,0.05,5
2026-10-10,20,1,wk inc flu hosp,2026-10-17,quantile,0.1,7
2026-10-10,20,1,wk inc flu hosp,2026-10-17,quantile,0.15,8
2026-10-10,20,1,wk inc flu hosp,2026-10-17,quantile,0.2,10
2026-10-10,20,1,wk inc flu hosp,2026-10-17,quantile,0.25,11
2026-10-10,20,1,wk inc flu hosp,2026-10-17,quantile,0.3,13
2026-10-10,20,1,wk inc flu hosp,2026-10-17,quantile,0.35,14
2026-10-10,20,1,wk inc flu hosp,2026-10-17,quantile,0.4,15
2026-10-10,20,1,wk inc flu hosp,2026-10-17,quantile,0.45,17
2026-10-10,20,1,wk inc flu hosp,2026-10-17,quantile,0.5,18
2026-10-10,20,1,wk inc flu hosp,2026-10-17,quantile,0.55,19
2026-10-10,20,1,wk inc flu hosp,2026-10-17,quantile,0.6,21
2026-10-10,20,1,wk inc flu hosp,2026-10-17,quantile,0.65,23
2026-10-10,20,1,wk inc flu hosp,2026-10-17,quantile,0.7,25
2026-10-10,20,1,wk inc flu hosp,2026-10-17,quantile,0.75,27
2026-10-10,20,1,wk inc flu hosp,2026-10-17,quantile,0.8,30
2026-10-10,20,1,wk inc flu hosp,2026-10-17,quantile,0.85,34
2026-10-10,20,1,wk inc flu hosp,2026-10-17,quantile,0.9,40
2026-10-10,20,1,wk inc flu hosp,2026-10-17,quantile,0.95,50
2026-10-10,20,1,wk inc flu hosp,2026-10-17,quantile,0.975,61
2026-10-10,20,1,wk inc flu hosp,2026-10-17,quantile,0.99,77
2026-10-10,20,2,wk inc flu hosp,2026-10-24,quantile,0.01,2
2026-10-10,20,2,wk inc flu hosp,2026-10-24,quantile,0.025,3
2026-10-10,20,2,wk inc flu hosp,2026-10-24,quantile,0.05,5
2026-10-10,20,2,wk inc flu hosp,2026-10-24,quantile,0.1,8
2026-10-10,20,2,wk inc flu hosp,2026-10-24,quantile,0.15,10
2026-10-10,20,2,wk inc flu hosp,2026-10-24,quantile,0.2,12
2026-10-10,20,2,wk inc flu hosp,2026-10-24,quantile,0.25,14
2026-10-10,20,2,wk inc flu hosp,2026-10-24,quantile,0.3,16
2026-10-10,20,2,wk inc flu hosp,2026-10-24,quantile,0.35,17
2026-10-10,20,2,wk inc flu hosp,2026-10-24,quantile,0.4,19
2026-10-10,20,2,wk inc flu hosp,2026-10-24,quantile,0.45,21
2026-10-10,20,2,wk inc flu hosp,2026-10-24,quantile,0.5,23
2026-10-10,20,2,wk inc flu hosp,2026-10-24,quantile,0.55,25
2026-10-10,20,2,wk inc flu hosp,2026-10-24,quantile,0.6,28
2026-10-10,20,2,wk inc flu hosp,2026-10-24,quantile,0.65,30
2026-10-10,20,2,wk inc flu hosp,2026-10-24,quantile,0.7,33
2026-10-10,20,2,wk inc flu hosp,2026-10-24,quantile,0.75,37
2026-10-10,20,2,wk inc flu hosp,2026-10-24,quantile,0.8,42
2026-10-10,20,2,wk inc flu hosp,2026-10-24,quantile,0.85,49
2026-10-10,20,2,wk inc flu hosp,2026-10-24,quantile,0.9,59
2026-10-10,20,2,wk inc flu hosp,2026-10-24,quantile,0.95,78
2026-10-10,20,2,wk inc flu hosp,2026-10-24,quantile,0.975,99
2026-10-10,20,2,wk inc flu hosp,2026-10-24,quantile,0.99,132
2026-10-10,20,3,wk inc flu hosp,2026-10-31,quantile,0.01,2
2026-10-10,20,3,wk inc flu hosp,2026-10-31,quantile,0.025,3
2026-10-10,20,3,wk inc flu hosp,2026-10-31,quantile,0.05,6
2026-10-10,20,3,wk inc flu hosp,2026-10-31,quantile,0.1,9
2026-10-10,20,3,wk inc flu hosp,2026-10-31,quantile,0.15,12
2026-10-10,20,3,wk inc flu hosp,2026-10-31,quantile,0.2,14
2026-10-10,20,3,wk inc flu hosp,2026-10-31,quantile,0.25,17
2026-10-10,20,3,wk inc flu hosp,2026-10-31,quantile,0.3,19
2026-10-10,20,3,wk inc flu hosp,2026-10-31,quantile,0.35,21
2026-10-10,20,3,wk inc flu hosp,2026-10-31,quantile,0.4,24
2026-10-10,20,3,wk inc flu hosp,2026-10-31,quantile,0.45,27
2026-10-10,20,3,wk inc flu hosp,2026-10-31,quantile,0.5,29
2026-10-10,20,3,wk inc flu hosp,2026-10-31,quantile,0.55,32
2026-10-10,20,3,wk inc flu hosp,2026-10-31,quantile,0.6,36
2026-10-10,20,3,wk inc flu hosp,2026-10-31,quantile,0.65,40
2026-10-10,20,3,wk inc flu hosp,2026-10-31,quantile,0.7,45
2026-10-10,20,3,wk inc flu hosp,2026-10-31,quantile,0.75,51
2026-10-10,20,3,wk inc flu hosp,2026-10-31,quantile,0.8,59
2026-10-10,20,3,wk inc flu hosp,2026-10-31,quantile,0.85,70
2026-10-10,20,3,wk inc flu hosp,2026-10-31,quantile,0.9,87
2026-10-10,20,3,wk inc flu hosp,2026-10-31,quantile,0.95,121
2026-10-10,20,3,wk inc flu hosp,2026-10-31,quantile,0.975,161
2026-10-10,20,3,wk inc flu hosp,2026-10-31,quantile,0.99,224
2026-10-10,21,0,wk inc flu hosp,2026-10-10,quantile,0.01,13
2026-10-10,21,0,wk inc flu hosp,2026-10-10,quantile,0.025,18
2026-10-10,21,0,wk inc flu hosp,2026-10-10,quantile,0.05,22
2026-10-10,21,0,wk inc flu hosp,2026-10-10,quantile,0.1,27
2026-10-10,21,0,wk inc flu hosp,2026-10-10,quantile,0.15,32
2026-10-10,21,0,wk inc flu hosp,2026-10-10,quantile,0.2,35
2026-10-10,21,0,wk inc flu hosp,2026-10-10,quantile,0.25,38
2026-10-10,21,0,wk inc flu hosp,2026-10-10,quantile,0.3,41
2026-10-10,21,0,wk inc flu hosp,2026-10-10,quantile,0.35,44
2026-10-10,21,0,wk inc flu hosp,2026-10-10,quantile,0.4,46
2026-10-10,21,0,wk inc flu hosp,2026-10-10,quantile,0.45,49
2026-10-10,21,0,wk inc flu hosp,2026-10-10,quantile,0.5,52
2026-10-10,21,0,wk inc flu hosp,2026-10-10,quantile,0.55,55
2026-10-10,21,0,wk inc flu hosp,2026-10-10,quantile,0.6,58
2026-10-10,21,0,wk inc flu hosp,2026-10-10,quantile,0.65,61
2026-10-10,21,0,wk inc flu hosp,2026-10-10,quantile,0.7,65
2026-10-10,21,0,wk inc flu hosp,2026-10-10,quantile,0.75,69
2026-10-10,21,0,wk inc flu hosp,2026-10-10,quantile,0.8,74
2026-10-10,21,0,wk inc flu hosp,2026-10-10,quantile,0.85,80
2026-10-10,21,0,wk inc flu hosp,2026-10-10,quantile,0.9,88
2026-10-10,21,0,wk inc flu hosp,2026-10-10,quantile,0.95,102
2026-10-10,21,0,wk inc flu hosp,2026-10-10,quantile,0.975,115
2026-10-10,21,0,wk inc flu hosp,2026-10-10,quantile,0.99,134
2026-10-10,21,1,wk inc flu hosp,2026-10-17,quantile,0.01,13
2026-10-10,21,1,wk inc flu hosp,2026-10-17,quantile,0.025,19
2026-10-10,21,1,wk inc flu hosp,2026-10-17,quantile,0.05,25
2026-10-10,21,1,wk inc flu hosp,2026-10-17,quantile,0.1,33
2026-10-10,21,1,wk inc flu hosp,2026-10-17,quantile,0.15,39
2026-10-10,21,1,wk inc flu hosp,2026-10-17,quantile,0.2,44
2026-10-10,21,1,wk inc flu hosp,2026-10-17,quantile,0.25,49
2026-10-10,21,1,wk inc flu hosp,2026-10-17,quantile,0.3,53
2026-10-10,21,1,wk inc flu hosp,2026-10-17,quantile,0.35,57
2026-10-10,21,1,wk inc flu hosp,2026-10-17,quantile,0.4,61
2026-10-10,21,1,wk inc flu hosp,2026-10-17,quantile,0.45,66
2026-10-10,21,1,wk inc flu hosp,2026-10-17,quantile,0.5,70
2026-10-10,21,1,wk inc flu hosp,2026-10-17,quantile,0.55,75
2026-10-10,21,1,wk inc flu hosp,2026-10-17,quantile,0.6,80
2026-10-10,21,1,wk inc flu hosp,2026-10-17,quantile,0.65,85
2026-10-10,21,1,wk inc flu hosp,2026-10-17,quantile,0.7,91
2026-10-10,21,1,wk inc flu hosp,2026-10-17,quantile,0.75,98
2026-10-10,21,1,wk inc flu hosp,2026-10-17,quantile,0.8,107
2026-10-10,21,1,wk inc flu hosp,2026-10-17,quantile,0.85,118
2026-10-10,21,1,wk inc flu hosp,2026-10-17,quantile,0.9,132
2026-10-10,21,1,wk inc flu hosp,2026-10-17,quantile,0.95,159
2026-10-10,21,1,wk inc flu hosp,2026-10-17,quantile,0.975,189
2026-10-10,21,1,wk inc flu hosp,2026-10-17,quantile,0.99,236
2026-10-10,21,2,wk inc flu hosp,2026-10-24,quantile,0.01,13
2026-10-10,21,2,wk inc flu hosp,2026-10-24,quantile,0.025,20
2026-10-10,21,2,wk inc flu hosp,2026-10-24,quantile,0.05,27
2026-10-10,21,2,wk inc flu hosp,2026-10-24,quantile,0.1,39
2026-10-10,21,2,wk inc flu hosp,2026-10-24,quantile,0.15,47
2026-10-10,21,2,wk inc flu hosp,2026-10-24,quantile,0.2,55
2026-10-10,21,2,wk inc flu hosp,2026-10-24,quantile,0.25,61
2026-10-10,21,2,wk inc flu hosp,2026-10-24,quantile,0.3,68
2026-10-10,21,2,wk inc flu hosp,2026-10-24,quantile,0.35,74
2026-10-10,21,2,wk inc flu hosp,2026-10-24,quantile,0.4,80
2026-10-10,21,2,wk inc flu hosp,2026-10-24,quantile,0.45,87
2026-10-10,21,2,wk inc flu hosp,2026-10-24,quantile,0.5,93
2026-10-10,21,2,wk inc flu hosp,2026-10-24,quantile,0.55,101
2026-10-10,21,2,wk inc flu hosp,2026-10-24,quantile,0.6,109
2026-10-10,21,2,wk inc flu hosp,2026-10-24,quantile,0.65,117
2026-10-10,21,2,wk inc flu hosp,2026-10-24,quantile,0.7,127
2026-10-10,21,2,wk inc flu hosp,2026-10-24,quantile,0.75,139
2026-10-10,21,2,wk inc flu hosp,2026-10-24,quantile,0.8,153
2026-10-10,21,2,wk inc flu hosp,2026-10-24,quantile,0.85,170
2026-10-10,21,2,wk inc flu hosp,2026-10-24,quantile,0.9,196
2026-10-10,21,2,wk inc flu hosp,2026-10-24,quantile,0.95,247
2026-10-10,21,2,wk inc flu hosp,2026-10-24,quantile,0.975,308
2026-10-10,21,2,wk inc flu hosp,2026-10-24,quantile,0.99,414
2026-10-10,21,3,wk inc flu hosp,2026-10-31,quantile,0.01,13
2026-10-10,21,3,wk inc flu hosp,2026-10-31,quantile,0.025,21
2026-10-10,21,3,wk inc flu hosp,2026-10-31,quantile,0.05,30
2026-10-10,21,3,wk inc flu hosp,2026-10-31,quantile,0.1,46
2026-10-10,21,3,wk inc flu hosp,2026-10-31,quantile,0.15,58
2026-10-10,21,3,wk inc flu hosp,2026-10-31,quantile,0.2,67
2026-10-10,21,3,wk inc flu hosp,2026-10-31,quantile,0.25,77
2026-10-10,21,3,wk inc flu hosp,2026-10-31,quantile,0.3,85
2026-10-10,21,3,wk inc flu hosp,2026-10-31,quantile,0.35,94
2026-10-10,21,3,wk inc flu hosp,2026-10-31,quantile,0.4,103
2026-10-10,21,3,wk inc flu hosp,2026-10-31,quantile,0.45,113
2026-10-10,21,3,wk inc flu hosp,2026-10-31,quantile,0.5,123
2026-10-10,21,3,wk inc flu hosp,2026-10-31,quantile,0.55,133
2026-10-10,21,3,wk inc flu hosp,2026-10-31,quantile,0.6,145
2026-10-10,21,3,wk inc flu hosp,2026-10-31,quantile,0.65,159
2026-10-10,21,3,wk inc flu hosp,2026-10-31,quantile,0.7,174
2026-10-10,21,3,wk inc flu hosp,2026-10-31,quantile,0.75,191
2026-10-10,21,3,wk inc flu hosp,2026-10-31,quantile,0.8,212
2026-10-10,21,3,wk inc flu hosp,2026-10-31,quantile,0.85,240
2026-10-10,21,3,wk inc flu hosp,2026-10-31,quantile,0.9,283
2026-10-10,21,3,wk inc flu hosp,2026-10-31,quantile,0.95,372
2026-10-10,21,3,wk inc flu hosp,2026-10-31,quantile,0.975,485
2026-10-10,21,3,wk inc flu hosp,2026-10-31,quantile,0.99,691
2026-10-10,22,0,wk inc flu hosp,2026-10-10,quantile,0.01,67
2026-10-10,22,0,wk inc flu hosp,2026-10-10,quantile,0.025,76
2026-10-10,22,0,wk inc flu hosp,2026-10-10,quantile,0.05,83
2026-10-10,22,0,wk inc flu hosp,2026-10-10,quantile,0.1,93
2026-10-10,22,0,wk inc flu hosp,2026-10-10,quantile,0.15,100
2026-10-10,22,0,wk inc flu hosp,2026-10-10,quantile,0.2,105
2026-10-10,22,0,wk inc flu hosp,2026-10-10,quantile,0.25,110
2026-10-10,22,0,wk inc flu hosp,2026-10-10,quantile,0.3,114
2026-10-10,22,0,wk inc flu hosp,2026-10-10,quantile,0.35,119
2026-10-10,22,0,wk inc flu hosp,2026-10-10,quantile,0.4,123
2026-10-10,22,0,wk inc flu hosp,2026-10-10,quantile,0.45,127
2026-10-10,22,0,wk inc flu hosp,2026-10-10,quantile,0.5,131
2026-10-10,22,0,wk inc flu hosp,2026-10-10,quantile,0.55,135
2026-10-10,22,0,wk inc flu hosp,2026-10-10,quantile,0.6,140
2026-10-10,22,0,wk inc flu hosp,2026-10-10,quantile,0.65,145
2026-10-10,22,0,wk inc flu hosp,2026-10-10,quantile,0.7,150
2026-10-10,22,0,wk inc flu hosp,2026-10-10,quantile,0.75,156
2026-10-10,22,0,wk inc flu hosp,2026-10-10,quantile,0.8,163
2026-10-10,22,0,wk inc flu hosp,2026-10-10,quantile,0.85,171
2026-10-10,22,0,wk inc flu hosp,2026-10-10,quantile,0.9,183
2026-10-10,22,0,wk inc flu hosp,2026-10-10,quantile,0.95,202
2026-10-10,22,0,wk inc flu hosp,2026-10-10,quantile,0.975,221
2026-10-10,22,0,wk inc flu hosp,2026-10-10,quantile,0.99,248
2026-10-10,22,1,wk inc flu hosp,2026-10-17,quantile,0.01,74
2026-10-10,22,1,wk inc flu hosp,2026-10-17,quantile,0.025,88
2026-10-10,22,1,wk inc flu hosp,2026-10-17,quantile,0.05,102
2026-10-10,22,1,wk inc flu hosp,2026-10-17,quantile,0.1,118
2026-10-10,22,1,wk inc flu hosp,2026-10-17,quantile,0.15,129
2026-10-10,22,1,wk inc flu hosp,2026-10-17,quantile,0.2,138
2026-10-10,22,1,wk inc flu hosp,2026-10-17,quantile,0.25,147
2026-10-10,22,1,wk inc flu hosp,2026-10-17,quantile,0.3,154
2026-10-10,22,1,wk inc flu hosp,2026-10-17,quantile,0.35,162
2026-10-10,22,1,wk inc flu hosp,2026-10-17,quantile,0.4,169
2026-10-10,22,1,wk inc flu hosp,2026-10-17,quantile,0.45,176
2026-10-10,22,1,wk inc flu hosp,2026-10-17,quantile,0.5,184
2026-10-10,22,1,wk inc flu hosp,2026-10-17,quantile,0.55,191
2026-10-10,22,1,wk inc flu hosp,2026-10-17,quantile,0.6,199
2026-10-10,22,1,wk inc flu hosp,2026-10-17,quantile,0.65,208
2026-10-10,22,1,wk inc flu hosp,2026-10-17,quantile,0.7,218
2026-10-10,22,1,wk inc flu hosp,2026-10-17,quantile,0.75,230
2026-10-10,22,1,wk inc flu hosp,2026-10-17,quantile,0.8,243
2026-10-10,22,1,wk inc flu hosp,2026-10-17,quantile,0.85,261
2026-10-10,22,1,wk inc flu hosp,2026-10-17,quantile,0.9,286
2026-10-10,22,1,wk inc flu hosp,2026-10-17,quantile,0.95,332
2026-10-10,22,1,wk inc flu hosp,2026-10-17,quantile,0.975,383
2026-10-10,22,1,wk inc flu hosp,2026-10-17,quantile,0.99,460
2026-10-10,22,2,wk inc flu hosp,2026-10-24,quantile,0.01,77
2026-10-10,22,2,wk inc flu hosp,2026-10-24,quantile,0.025,99
2026-10-10,22,2,wk inc flu hosp,2026-10-24,quantile,0.05,119
2026-10-10,22,2,wk inc flu hosp,2026-10-24,quantile,0.1,144
2026-10-10,22,2,wk inc flu hosp,2026-10-24,quantile,0.15,162
2026-10-10,22,2,wk inc flu hosp,2026-10-24,quantile,0.2,177
2026-10-10,22,2,wk inc flu hosp,2026-10-24,quantile,0.25,190
2026-10-10,22,2,wk inc flu hosp,2026-10-24,quantile,0.3,203
2026-10-10,22,2,wk inc flu hosp,2026-10-24,quantile,0.35,215
2026-10-10,22,2,wk inc flu hosp,2026-10-24,quantile,0.4,226
2026-10-10,22,2,wk inc flu hosp,2026-10-24,quantile,0.45,238
2026-10-10,22,2,wk inc flu hosp,2026-10-24,quantile,0.5,250
2026-10-10,22,2,wk inc flu hosp,2026-10-24,quantile,0.55,263
2026-10-10,22,2,wk inc flu hosp,2026-10-24,quantile,0.6,276
2026-10-10,22,2,wk inc flu hosp,2026-10-24,quantile,0.65,291
2026-10-10,22,2,wk inc flu hosp,2026-10-24,quantile,0.7,309
2026-10-10,22,2,wk inc flu hosp,2026-10-24,quantile,0.75,329
2026-10-10,22,2,wk inc flu hosp,2026-10-24,quantile,0.8,353
2026-10-10,22,2,wk inc flu hosp,2026-10-24,quantile,0.85,385
2026-10-10,22,2,wk inc flu hosp,2026-10-24,quantile,0.9,433
2026-10-10,22,2,wk inc flu hosp,2026-10-24,quantile,0.95,526
2026-10-10,22,2,wk inc flu hosp,2026-10-24,quantile,0.975,636
2026-10-10,22,2,wk inc flu hosp,2026-10-24,quantile,0.99,799
2026-10-10,22,3,wk inc flu hosp,2026-10-31,quantile,0.01,80
2026-10-10,22,3,wk inc flu hosp,2026-10-31,quantile,0.025,110
2026-10-10,22,3,wk inc flu hosp,2026-10-31,quantile,0.05,137
2026-10-10,22,3,wk inc flu hosp,2026-10-31,quantile,0.1,173
2026-10-10,22,3,wk inc flu hosp,2026-10-31,quantile,0.15,199
2026-10-10,22,3,wk inc flu hosp,2026-10-31,quantile,0.2,221
2026-10-10,22,3,wk inc flu hosp,2026-10-31,quantile,0.25,241
2026-10-10,22,3,wk inc flu hosp,2026-10-31,quantile,0.3,259
2026-10-10,22,3,wk inc flu hosp,2026-10-31,quantile,0.35,277
2026-10-10,22,3,wk inc flu hosp,2026-10-31,quantile,0.4,294
2026-10-10,22,3,wk inc flu hosp,2026-10-31,quantile,0.45,311
2026-10-10,22,3,wk inc flu hosp,2026-10-31,quantile,0.5,329
2026-10-10,22,3,wk inc flu hosp,2026-10-31,quantile,0.55,348
2026-10-10,22,3,wk inc flu hosp,2026-10-31,quantile,0.6,369
2026-10-10,22,3,wk inc flu hosp,2026-10-31,quantile,0.65,391
2026-10-10,22,3,wk inc flu hosp,2026-10-31,quantile,0.7,418
2026-10-10,22,3,wk inc flu hosp,2026-10-31,quantile,0.75,449
2026-10-10,22,3,wk inc flu hosp,2026-10-31,quantile,0.8,487
2026-10-10,22,3,wk inc flu hosp,2026-10-31,quantile,0.85,539
2026-10-10,22,3,wk inc flu hosp,2026-10-31,quantile,0.9,618
2026-10-10,22,3,wk inc flu hosp,2026-10-31,quantile,0.95,775
2026-10-10,22,3,wk inc flu hosp,2026-10-31,quantile,0.975,959
2026-10-10,22,3,wk inc flu hosp,2026-10-31,quantile,0.99,1223
2026-10-10,23,0,wk inc flu hosp,2026-10-10,quantile,0.01,3
2026-10-10,23,0,wk inc flu hosp,2026-10-10,quantile,0.025,4
2026-10-10,23,0,wk inc flu hosp,2026-10-10,quantile,0.05,6
2026-10-10,23,0,wk inc flu hosp,2026-10-10,quantile,0.1,7
2026-10-10,23,0,wk inc flu hosp,2026-10-10,quantile,0.15,9
2026-10-10,23,0,wk inc flu hosp,2026-10-10,quantile,0.2,10
2026-10-10,23,0,wk inc flu hosp,2026-10-10,quantile,0.25,11
2026-10-10,23,0,wk inc flu hosp,2026-10-10,quantile,0.3,12
2026-10-10,23,0,wk inc flu hosp,2026-10-10,quantile,0.35,13
2026-10-10,23,0,wk inc flu hosp,2026-10-10,quantile,0.4,14
2026-10-10,23,0,wk inc flu hosp,2026-10-10,quantile,0.45,15
2026-10-10,23,0,wk inc flu hosp,2026-10-10,quantile,0.5,16
2026-10-10,23,0,wk inc flu hosp,2026-10-10,quantile,0.55,17
2026-10-10,23,0,wk inc flu hosp,2026-10-10,quantile,0.6,18
2026-10-10,23,0,wk inc flu hosp,2026-10-10,quantile,0.65,19
2026-10-10,23,0,wk inc flu hosp,2026-10-10,quantile,0.7,20
2026-10-10,23,0,wk inc flu hosp,2026-10-10,quantile,0.75,21
2026-10-10,23,0,wk inc flu hosp,2026-10-10,quantile,0.8,23
2026-10-10,23,0,wk inc flu hosp,2026-10-10,quantile,0.85,25
2026-10-10,23,0,wk inc flu hosp,2026-10-10,quantile,0.9,28
2026-10-10,23,0,wk inc flu hosp,2026-10-10,quantile,0.95,33
2026-10-10,23,0,wk inc flu hosp,2026-10-10,quantile,0.975,37
2026-10-10,23,0,wk inc flu hosp,2026-10-10,quantile,0.99,43
2026-10-10,23,1,wk inc flu hosp,2026-10-17,quantile,0.01,4
2026-10-10,23,1,wk inc flu hosp,2026-10-17,quantile,0.025,5
2026-10-10,23,1,wk inc flu hosp,2026-10-17,quantile,0.05,7
2026-10-10,23,1,wk inc flu hosp,2026-10-17,quantile,0.1,10
2026-10-10,23,1,wk inc flu hosp,2026-10-17,quantile,0.15,11
2026-10-10,23,1,wk inc flu hosp,2026-10-17,quantile,0.2,13
2026-10-10,23,1,wk inc flu hosp,2026-10-17,quantile,0.25,14
2026-10-10,23,1,wk inc flu hosp,2026-10-17,quantile,0.3,16
2026-10-10,23,1,wk inc flu hosp,2026-10-17,quantile,0.35,17
2026-10-10,23,1,wk inc flu hosp,2026-10-17,quantile,0.4,19
2026-10-10,23,1,wk inc flu hosp,2026-10-17,quantile,0.45,20
2026-10-10,23,1,wk inc flu hosp,2026-10-17,quantile,0.5,22
2026-10-10,23,1,wk inc flu hosp,2026-10-17,quantile,0.55,23
2026-10-10,23,1,wk inc flu hosp,2026-10-17,quantile,0.6,25
2026-10-10,23,1,wk inc flu hosp,2026-10-17,quantile,0.65,27
2026-10-10,23,1,wk inc flu hosp,2026-10-17,quantile,0.7,29
2026-10-10,23,1,wk inc flu hosp,2026-10-17,quantile,0.75,31
2026-10-10,23,1,wk inc flu hosp,2026-10-17,quantile,0.8,34
2026-10-10,23,1,wk inc flu hosp,2026-10-17,quantile,0.85,38
2026-10-10,23,1,wk inc flu hosp,2026-10-17,quantile,0.9,43
2026-10-10,23,1,wk inc flu hosp,2026-10-17,quantile,0.95,51
2026-10-10,23,1,wk inc flu hosp,2026-10-17,quantile,0.975,60
2026-10-10,23,1,wk inc flu hosp,2026-10-17,quantile,0.99,73
2026-10-10,23,2,wk inc flu hosp,2026-10-24,quantile,0.01,4
2026-10-10,23,2,wk inc flu hosp,2026-10-24,quantile,0.025,6
2026-10-10,23,2,wk inc flu hosp,2026-10-24,quantile,0.05,9
2026-10-10,23,2,wk inc flu hosp,2026-10-24,quantile,0.1,12
2026-10-10,23,2,wk inc flu hosp,2026-10-24,quantile,0.15,14
2026-10-10,23,2,wk inc flu hosp,2026-10-24,quantile,0.2,17
2026-10-10,23,2,wk inc flu hosp,2026-10-24,quantile,0.25,19
2026-10-10,23,2,wk inc flu hosp,2026-10-24,quantile,0.3,21
2026-10-10,23,2,wk inc flu hosp,2026-10-24,quantile,0.35,23
2026-10-10,23,2,wk inc flu hosp,2026-10-24,quantile,0.4,25
2026-10-10,23,2,wk inc flu hosp,2026-10-24,quantile,0.45,27
2026-10-10,23,2,wk inc flu hosp,2026-10-24,quantile,0.5,29
2026-10-10,23,2,wk inc flu hosp,2026-10-24,quantile,0.55,32
2026-10-10,23,2,wk inc flu hosp,2026-10-24,quantile,0.6,35
2026-10-10,23,2,wk inc flu hosp,2026-10-24,quantile,0.65,38
2026-10-10,23,2,wk inc flu hosp,2026-10-24,quantile,0.7,41
2026-10-10,23,2,wk inc flu hosp,2026-10-24,quantile,0.75,45
2026-10-10,23,2,wk inc flu hosp,2026-10-24,quantile,0.8,49
2026-10-10,23,2,wk inc flu hosp,2026-10-24,quantile,0.85,56
2026-10-10,23,2,wk inc flu hosp,2026-10-24,quantile,0.9,64
2026-10-10,23,2,wk inc flu hosp,2026-10-24,quantile,0.95,79
2026-10-10,23,2,wk inc flu hosp,2026-10-24,quantile,0.975,96
2026-10-10,23,2,wk inc flu hosp,2026-10-24,quantile,0.99,124
2026-10-10,23,3,wk inc flu hosp,2026-10-31,quantile,0.01,4
2026-10-10,23,3,wk inc flu hosp,2026-10-31,quantile,0.025,7
2026-10-10,23,3,wk inc flu hosp,2026-10-31,quantile,0.05,10
2026-10-10,23,3,wk inc flu hosp,2026-10-31,quantile,0.1,14
2026-10-10,23,3,wk inc flu hosp,2026-10-31,quantile,0.15,18
2026-10-10,23,3,wk inc flu hosp,2026-10-31,quantile,0.2,21
2026-10-10,23,3,wk inc flu hosp,2026-10-31,quantile,0.25,24
2026-10-10,23,3,wk inc flu hosp,2026-10-31,quantile,0.3,27
2026-10-10,23,3,wk inc flu hosp,2026-10-31,quantile,0.35,30
2026-10-10,23,3,wk inc flu hosp,2026-10-31,quantile,0.4,33
2026-10-10,23,3,wk inc flu hosp,2026-10-31,quantile,0.45,36
2026-10-10,23,3,wk inc flu hosp,2026-10-31,quantile,0.5,39
2026-10-10,23,3,wk inc flu hosp,2026-10-31,quantile,0.55,43
2026-10-10,23,3,wk inc flu hosp,2026-10-31,quantile,0.6,47
2026-10-10,23,3,wk inc flu hosp,2026-10-31,quantile,0.65,51
2026-10-10,23,3,wk inc flu hosp,2026-10-31,quantile,0.7,56
2026-10-10,23,3,wk inc flu hosp,2026-10-31,quantile,0.75,62
2026-10-10,23,3,wk inc flu hosp,2026-10-31,quantile,0.8,69
2026-10-10,23,3,wk inc flu hosp,2026-10-31,quantile,0.85,79
2026-10-10,23,3,wk inc flu hosp,2026-10-31,quantile,0.9,92
2026-10-10,23,3,wk inc flu hosp,2026-10-31,quantile,0.95,117
2026-10-10,23,3,wk inc flu hosp,2026-10-31,quantile,0.975,145
2026-10-10,23,3,wk inc flu hosp,2026-10-31,quantile,0.99,192
2026-10-10,24,0,wk inc flu hosp,2026-10-10,quantile,0.01,9
2026-10-10,24,0,wk inc flu hosp,2026-10-10,quantile,0.025,11
2026-10-10,24,0,wk inc flu hosp,2026-10-10,quantile,0.05,14
2026-10-10,24,0,wk inc flu hosp,2026-10-10,quantile,0.1,16
2026-10-10,24,0,wk inc flu hosp,2026-10-10,quantile,0.15,19
2026-10-10,24,0,wk inc flu hosp,2026-10-10,quantile,0.2,20
2026-10-10,24,0,wk inc flu hosp,2026-10-10,quantile,0.25,22
2026-10-10,24,0,wk inc flu hosp,2026-10-10,quantile,0.3,23
2026-10-10,24,0,wk inc flu hosp,2026-10-10,quantile,0.35,25
2026-10-10,24,0,wk inc flu hosp,2026-10-10,quantile,0.4,26
2026-10-10,24,0,wk inc flu hosp,2026-10-10,quantile,0.45,28
2026-10-10,24,0,wk inc flu hosp,2026-10-10,quantile,0.5,29
2026-10-10,24,0,wk inc flu hosp,2026-10-10,quantile,0.55,31
2026-10-10,24,0,wk inc flu hosp,2026-10-10,quantile,0.6,32
2026-10-10,24,0,wk inc flu hosp,2026-10-10,quantile,0.65,34
2026-10-10,24,0,wk inc flu hosp,2026-10-10,quantile,0.7,36
2026-10-10,24,0,wk inc flu hosp,2026-10-10,quantile,0.75,38
2026-10-10,24,0,wk inc flu hosp,2026-10-10,quantile,0.8,40
2026-10-10,24,0,wk inc flu hosp,2026-10-10,quantile,0.85,43
2026-10-10,24,0,wk inc flu hosp,2026-10-10,quantile,0.9,46
2026-10-10,24,0,wk inc flu hosp,2026-10-10,quantile,0.95,52
2026-10-10,24,0,wk inc flu hosp,2026-10-10,quantile,0.975,58
2026-10-10,24,0,wk inc flu hosp,2026-10-10,quantile,0.99,65
2026-10-10,24,1,wk inc flu hosp,2026-10-17,quantile,0.01,9
2026-10-10,24,1,wk inc flu hosp,2026-10-17,quantile,0.025,12
2026-10-10,24,1,wk inc flu hosp,2026-10-17,quantile,0.05,15
2026-10-10,24,1,wk inc flu hosp,2026-10-17,quantile,0.1,18
2026-10-10,24,1,wk inc flu hosp,2026-10-17,quantile,0.15,21
2026-10-10,24,1,wk inc flu hosp,2026-10-17,quantile,0.2,24
2026-10-10,24,1,wk inc flu hosp,2026-10-17,quantile,0.25,26
2026-10-10,24,1,wk inc flu hosp,2026-10-17,quantile,0.3,28
2026-10-10,24,1,wk inc flu hosp,2026-10-17,quantile,0.35,30
2026-10-10,24,1,wk inc flu hosp,2026-10-17,quantile,0.4,32
2026-10-10,24,1,wk inc flu hosp,2026-10-17,quantile,0.45,34
2026-10-10,24,1,wk inc flu hosp,2026-10-17,quantile,0.5,36
2026-10-10,24,1,wk inc flu hosp,2026-10-17,quantile,0.55,38
2026-10-10,24,1,wk inc flu hosp,2026-10-17,quantile,0.6,40
2026-10-10,24,1,wk inc flu hosp,2026-10-17,quantile,0.65,43
2026-10-10,24,1,wk inc flu hosp,2026-10-17,quantile,0.7,46
2026-10-10,24,1,wk inc flu hosp,2026-10-17,quantile,0.75,49
2026-10-10,24,1,wk inc flu hosp,2026-10-17,quantile,0.8,52
2026-10-10,24,1,wk inc flu hosp,2026-10-17,quantile,0.85,56
2026-10-10,24,1,wk inc flu hosp,2026-10-17,quantile,0.9,62
2026-10-10,24,1,wk inc flu hosp,2026-10-17,quantile,0.95,72
2026-10-10,24,1,wk inc flu hosp,2026-10-17,quantile,0.975,81
2026-10-10,24,1,wk inc flu hosp,2026-10-17,quantile,0.99,94
2026-10-10,24,2,wk inc flu hosp,2026-10-24,quantile,0.01,8
2026-10-10,24,2,wk inc flu hosp,2026-10-24,quantile,0.025,12
2026-10-10,24,2,wk inc flu hosp,2026-10-24,quantile,0.05,15
2026-10-10,24,2,wk inc flu hosp,2026-10-24,quantile,0.1,20
2026-10-10,24,2,wk inc flu hosp,2026-10-24,quantile,0.15,24
2026-10-10,24,2,wk inc flu hosp,2026-10-24,quantile,0.2,27
2026-10-10,24,2,wk inc flu hosp,2026-10-24,quantile,0.25,30
2026-10-10,24,2,wk inc flu hosp,2026-10-24,quantile,0.3,33
2026-10-10,24,2,wk inc flu hosp,2026-10-24,quantile,0.35,36
2026-10-10,24,2,wk inc flu hosp,2026-10-24,quantile,0.4,39
2026-10-10,24,2,wk inc flu hosp,2026-10-24,quantile,0.45,42
2026-10-10,24,2,wk inc flu hosp,2026-10-24,quantile,0.5,45
2026-10-10,24,2,wk inc flu hosp,2026-10-24,quantile,0.55,48
2026-10-10,24,2,wk inc flu hosp,2026-10-24,quantile,0.6,51
2026-10-10,24,2,wk inc flu hosp,2026-10-24,quantile,0.65,55
2026-10-10,24,2,wk inc flu hosp,2026-10-24,quantile,0.7,59
2026-10-10,24,2,wk inc flu hosp,2026-10-24,quantile,0.75,63
2026-10-10,24,2,wk inc flu hosp,2026-10-24,quantile,0.8,69
2026-10-10,24,2,wk inc flu hosp,2026-10-24,quantile,0.85,76
2026-10-10,24,2,wk inc flu hosp,2026-10-24,quantile,0.9,85
2026-10-10,24,2,wk inc flu hosp,2026-10-24,quantile,0.95,102
2026-10-10,24,2,wk inc flu hosp,2026-10-24,quantile,0.975,119
2026-10-10,24,2,wk inc flu hosp,2026-10-24,quantile,0.99,144
2026-10-10,24,3,wk inc flu hosp,2026-10-31,quantile,0.01,7
2026-10-10,24,3,wk inc flu hosp,2026-10-31,quantile,0.025,12
2026-10-10,24,3,wk inc flu hosp,2026-10-31,quantile,0.05,16
2026-10-10,24,3,wk inc flu hosp,2026-10-31,quantile,0.1,23
2026-10-10,24,3,wk inc flu hosp,2026-10-31,quantile,0.15,27
2026-10-10,24,3,wk inc flu hosp,2026-10-31,quantile,0.2,32
2026-10-10,24,3,wk inc flu hosp,2026-10-31,quantile,0.25,36
2026-10-10,24,3,wk inc flu hosp,2026-10-31,quantile,0.3,40
2026-10-10,24,3,wk inc flu hosp,2026-10-31,quantile,0.35,43
2026-10-10,24,3,wk inc flu hosp,2026-10-31,quantile,0.4,47
2026-10-10,24,3,wk inc flu hosp,2026-10-31,quantile,0.45,51
2026-10-10,24,3,wk inc flu hosp,2026-10-31,quantile,0.5,56
2026-10-10,24,3,wk inc flu hosp,2026-10-31,quantile,0.55,60
2026-10-10,24,3,wk inc flu hosp,2026-10-31,quantile,0.6,65
2026-10-10,24,3,wk inc flu hosp,2026-10-31,quantile,0.65,70
2026-10-10,24,3,wk inc flu hosp,2026-10-31,quantile,0.7,76
2026-10-10,24,3,wk inc flu hosp,2026-10-31,quantile,0.75,83
2026-10-10,24,3,wk inc flu hosp,2026-10-31,quantile,0.8,91
2026-10-10,24,3,wk inc flu hosp,2026-10-31,quantile,0.85,102
2026-10-10,24,3,wk inc flu hosp,2026-10-31,quantile,0.9,117
2026-10-10,24,3,wk inc flu hosp,2026-10-31,quantile,0.95,145
2026-10-10,24,3,wk inc flu hosp,2026-10-31,quantile,0.975,176
2026-10-10,24,3,wk inc flu hosp,2026-10-31,quantile,0.99,223
2026-10-10,25,0,wk inc flu hosp,2026-10-10,quantile,0.01,5
2026-10-10,25,0,wk inc flu hosp,2026-10-10,quantile,0.025,6
2026-10-10,25,0,wk inc flu hosp,2026-10-10,quantile,0.05,8
2026-10-10,25,0,wk inc flu hosp,2026-10-10,quantile,0.1,9
2026-10-10,25,0,wk inc flu hosp,2026-10-10,quantile,0.15,11
2026-10-10,25,0,wk inc flu hosp,2026-10-10,quantile,0.2,12
2026-10-10,25,0,wk inc flu hosp,2026-10-10,quantile,0.25,13
2026-10-10,25,0,wk inc flu hosp,2026-10-10,quantile,0.3,14
2026-10-10,25,0,wk inc flu hosp,2026-10-10,quantile,0.35,15
2026-10-10,25,0,wk inc flu hosp,2026-10-10,quantile,0.4,16
2026-10-10,25,0,wk inc flu hosp,2026-10-10,quantile,0.45,17
2026-10-10,25,0,wk inc flu hosp,2026-10-10,quantile,0.5,19
2026-10-10,25,0,wk inc flu hosp,2026-10-10,quantile,0.55,20
2026-10-10,25,0,wk inc flu hosp,2026-10-10,quantile,0.6,21
2026-10-10,25,0,wk inc flu hosp,2026-10-10,quantile,0.65,22
2026-10-10,25,0,wk inc flu hosp,2026-10-10,quantile,0.7,24
2026-10-10,25,0,wk inc flu hosp,2026-10-10,quantile,0.75,25
2026-10-10,25,0,wk inc flu hosp,2026-10-10,quantile,0.8,27
2026-10-10,25,0,wk inc flu hosp,2026-10-10,quantile,0.85,30
2026-10-10,25,0,wk inc flu hosp,2026-10-10,quantile,0.9,33
2026-10-10,25,0,wk inc flu hosp,2026-10-10,quantile,0.95,39
2026-10-10,25,0,wk inc flu hosp,2026-10-10,quantile,0.975,44
2026-10-10,25,0,wk inc flu hosp,2026-10-10,quantile,0.99,51
2026-10-10,25,1,wk inc flu hosp,2026-10-17,quantile,0.01,5
2026-10-10,25,1,wk inc flu hosp,2026-10-17,quantile,0.025,6
2026-10-10,25,1,wk inc flu hosp,2026-10-17,quantile,0.05,8
2026-10-10,25,1,wk inc flu hosp,2026-10-17,quantile,0.1,11
2026-10-10,25,1,wk inc flu hosp,2026-10-17,quantile,0.15,13
2026-10-10,25,1,wk inc flu hosp,2026-10-17,quantile,0.2,15
2026-10-10,25,1,wk inc flu hosp,2026-10-17,quantile,0.25,16
2026-10-10,25,1,wk inc flu hosp,2026-10-17,quantile,0.3,18
2026-10-10,25,1,wk inc flu hosp,2026-10-17,quantile,0.35,19
2026-10-10,25,1,wk inc flu hosp,2026-10-17,quantile,0.4,21
2026-10-10,25,1,wk inc flu hosp,2026-10-17,quantile,0.45,22
2026-10-10,25,1,wk inc flu hosp,2026-10-17,quantile,0.5,24
2026-10-10,25,1,wk inc flu hosp,2026-10-17,quantile,0.55,25
2026-10-10,25,1,wk inc flu hosp,2026-10-17,quantile,0.6,27
2026-10-10,25,1,wk inc flu hosp,2026-10-17,quantile,0.65,29
2026-10-10,25,1,wk inc flu hosp,2026-10-17,quantile,0.7,32
2026-10-10,25,1,wk inc flu hosp,2026-10-17,quantile,0.75,34
2026-10-10,25,1,wk inc flu hosp,2026-10-17,quantile,0.8,38
2026-10-10,25,1,wk inc flu hosp,2026-10-17,quantile,0.85,42
2026-10-10,25,1,wk inc flu hosp,2026-10-17,quantile,0.9,49
2026-10-10,25,1,wk inc flu hosp,2026-10-17,quantile,0.95,60
2026-10-10,25,1,wk inc flu hosp,2026-10-17,quantile,0.975,72
2026-10-10,25,1,wk inc flu hosp,2026-10-17,quantile,0.99,89
2026-10-10,25,2,wk inc flu hosp,2026-10-24,quantile,0.01,4
2026-10-10,25,2,wk inc flu hosp,2026-10-24,quantile,0.025,7
2026-10-10,25,2,wk inc flu hosp,2026-10-24,quantile,0.05,9
2026-10-10,25,2,wk inc flu hosp,2026-10-24,quantile,0.1,12
2026-10-10,25,2,wk inc flu hosp,2026-10-24,quantile,0.15,15
2026-10-10,25,2,wk inc flu hosp,2026-10-24,quantile,0.2,17
2026-10-10,25,2,wk inc flu hosp,2026-10-24,quantile,0.25,19
2026-10-10,25,2,wk inc flu hosp,2026-10-24,quantile,0.3,21
2026-10-10,25,2,wk inc flu hosp,2026-10-24,quantile,0.35,23
2026-10-10,25,2,wk inc flu hosp,2026-10-24,quantile,0.4,25
2026-10-10,25,2,wk inc flu hosp,2026-10-24,quantile,0.45,28
2026-10-10,25,2,wk inc flu hosp,2026-10-24,quantile,0.5,30
2026-10-10,25,2,wk inc flu hosp,2026-10-24,quantile,0.55,32
2026-10-10,25,2,wk inc flu hosp,2026-10-24,quantile,0.6,35
2026-10-10,25,2,wk inc flu hosp,2026-10-24,quantile,0.65,38
2026-10-10,25,2,wk inc flu hosp,2026-10-24,quantile,0.7,42
2026-10-10,25,2,wk inc flu hosp,2026-10-24,quantile,0.75,47
2026-10-10,25,2,wk inc flu hosp,2026-10-24,quantile,0.8,53
2026-10-10,25,2,wk inc flu hosp,2026-10-24,quantile,0.85,61
2026-10-10,25,2,wk inc flu hosp,2026-10-24,quantile,0.9,73
2026-10-10,25,2,wk inc flu hosp,2026-10-24,quantile,0.95,95
2026-10-10,25,2,wk inc flu hosp,2026-10-24,quantile,0.975,120
2026-10-10,25,2,wk inc flu hosp,2026-10-24,quantile,0.99,158
2026-10-10,25,3,wk inc flu hosp,2026-10-31,quantile,0.01,4
2026-10-10,25,3,wk inc flu hosp,2026-10-31,quantile,0.025,7
2026-10-10,25,3,wk inc flu hosp,2026-10-31,quantile,0.05,10
2026-10-10,25,3,wk inc flu hosp,2026-10-31,quantile,0.1,14
2026-10-10,25,3,wk inc flu hosp,2026-10-31,quantile,0.15,17
2026-10-10,25,3,wk inc flu hosp,2026-10-31,quantile,0.2,20
2026-10-10,25,3,wk inc flu hosp,2026-10-31,quantile,0.25,23
2026-10-10,25,3,wk inc flu hosp,2026-10-31,quantile,0.3,26
2026-10-10,25,3,wk inc flu hosp,2026-10-31,quantile,0.35,28
2026-10-10,25,3,wk inc flu hosp,2026-10-31,quantile,0.4,31
2026-10-10,25,3,wk inc flu hosp,2026-10-31,quantile,0.45,34
2026-10-10,25,3,wk inc flu hosp,2026-10-31,quantile,0.5,37
2026-10-10,25,3,wk inc flu hosp,2026-10-31,quantile,0.55,41
2026-10-10,25,3,wk inc flu hosp,2026-10-31,quantile,0.6,45
2026-10-10,25,3,wk inc flu hosp,2026-10-31,quantile,0.65,50
2026-10-10,25,3,wk inc flu hosp,2026-10-31,quantile,0.7,56
2026-10-10,25,3,wk inc flu hosp,2026-10-31,quantile,0.75,63
2026-10-10,25,3,wk inc flu hosp,2026-10-31,quantile,0.8,73
2026-10-10,25,3,wk inc flu hosp,2026-10-31,quantile,0.85,87
2026-10-10,25,3,wk inc flu hosp,2026-10-31,quantile,0.9,108
2026-10-10,25,3,wk inc flu hosp,2026-10-31,quantile,0.95,149
2026-10-10,25,3,wk inc flu hosp,2026-10-31,quantile,0.975,198
2026-10-10,25,3,wk inc flu hosp,2026-10-31,quantile,0.99,276
2026-10-10,26,0,wk inc flu hosp,2026-10-10,quantile,0.01,24
2026-10-10,26,0,wk inc flu hosp,2026-10-10,quantile,0.025,28
2026-10-10,26,0,wk inc flu hosp,2026-10-10,quantile,0.05,32
2026-10-10,26,0,wk inc flu hosp,2026-10-10,quantile,0.1,37
2026-10-10,26,0,wk inc flu hosp,2026-10-10,quantile,0.15,41
2026-10-10,26,0,wk inc flu hosp,2026-10-10,quantile,0.2,44
2026-10-10,26,0,wk inc flu hosp,2026-10-10,quantile,0.25,46
2026-10-10,26,0,wk inc flu hosp,2026-10-10,quantile,0.3,49
2026-10-10,26,0,wk inc flu hosp,2026-10-10,quantile,0.35,51
2026-10-10,26,0,wk inc flu hosp,2026-10-10,quantile,0.4,53
2026-10-10,26,0,wk inc flu hosp,2026-10-10,quantile,0.45,55
2026-10-10,26,0,wk inc flu hosp,2026-10-10,quantile,0.5,58
2026-10-10,26,0,wk inc flu hosp,2026-10-10,quantile,0.55,60
2026-10-10,26,0,wk inc flu hosp,2026-10-10,quantile,0.6,62
2026-10-10,26,0,wk inc flu hosp,2026-10-10,quantile,0.65,65
2026-10-10,26,0,wk inc flu hosp,2026-10-10,quantile,0.7,67
2026-10-10,26,0,wk inc flu hosp,2026-10-10,quantile,0.75,70
2026-10-10,26,0,wk inc flu hosp,2026-10-10,quantile,0.8,74
2026-10-10,26,0,wk inc flu hosp,2026-10-10,quantile,0.85,78
2026-10-10,26,0,wk inc flu hosp,2026-10-10,quantile,0.9,84
2026-10-10,26,0,wk inc flu hosp,2026-10-10,quantile,0.95,93
2026-10-10,26,0,wk inc flu hosp,2026-10-10,quantile,0.975,101
2026-10-10,26,0,wk inc flu hosp,2026-10-10,quantile,0.99,112
2026-10-10,26,1,wk inc flu hosp,2026-10-17,quantile,0.01,24
2026-10-10,26,1,wk inc flu hosp,2026-10-17,quantile,0.025,30
2026-10-10,26,1,wk inc flu hosp,2026-10-17,quantile,0.05,36
2026-10-10,26,1,wk inc flu hosp,2026-10-17,quantile,0.1,43
2026-10-10,26,1,wk inc flu hosp,2026-10-17,quantile,0.15,48
2026-10-10,26,1,wk inc flu hosp,2026-10-17,quantile,0.2,52
2026-10-10,26,1,wk inc flu hosp,2026-10-17,quantile,0.25,56
2026-10-10,26,1,wk inc flu hosp,2026-10-17,quantile,0.3,60
2026-10-10,26,1,wk inc flu hosp,2026-10-17,quantile,0.35,63
2026-10-10,26,1,wk inc flu hosp,2026-10-17,quantile,0.4,66
2026-10-10,26,1,wk inc flu hosp,2026-10-17,quantile,0.45,70
2026-10-10,26,1,wk inc flu hosp,2026-10-17,quantile,0.5,73
2026-10-10,26,1,wk inc flu hosp,2026-10-17,quantile,0.55,76
2026-10-10,26,1,wk inc flu hosp,2026-10-17,quantile,0.6,80
2026-10-10,26,1,wk inc flu hosp,2026-10-17,quantile,0.65,84
2026-10-10,26,1,wk inc flu hosp,2026-10-17,quantile,0.7,88
2026-10-10,26,1,wk inc flu hosp,2026-10-17,quantile,0.75,93
2026-10-10,26,1,wk inc flu hosp,2026-10-17,quantile,0.8,98
2026-10-10,26,1,wk inc flu hosp,2026-10-17,quantile,0.85,106
2026-10-10,26,1,wk inc flu hosp,2026-10-17,quantile,0.9,116
2026-10-10,26,1,wk inc flu hosp,2026-10-17,quantile,0.95,132
2026-10-10,26,1,wk inc flu hosp,2026-10-17,quantile,0.975,148
2026-10-10,26,1,wk inc flu hosp,2026-10-17,quantile,0.99,170
2026-10-10,26,2,wk inc flu hosp,2026-10-24,quantile,0.01,23
2026-10-10,26,2,wk inc flu hosp,2026-10-24,quantile,0.025,31
2026-10-10,26,2,wk inc flu hosp,2026-10-24,quantile,0.05,39
2026-10-10,26,2,wk inc flu hosp,2026-10-24,quantile,0.1,49
2026-10-10,26,2,wk inc flu hosp,2026-10-24,quantile,0.15,56
2026-10-10,26,2,wk inc flu hosp,2026-10-24,quantile,0.2,62
2026-10-10,26,2,wk inc flu hosp,2026-10-24,quantile,0.25,68
2026-10-10,26,2,wk inc flu hosp,2026-10-24,quantile,0.3,73
2026-10-10,26,2,wk inc flu hosp,2026-10-24,quantile,0.35,78
2026-10-10,26,2,wk inc flu hosp,2026-10-24,quantile,0.4,82
2026-10-10,26,2,wk inc flu hosp,2026-10-24,quantile,0.45,87
2026-10-10,26,2,wk inc flu hosp,2026-10-24,quantile,0.5,92
2026-10-10,26,2,wk inc flu hosp,2026-10-24,quantile,0.55,97
2026-10-10,26,2,wk inc flu hosp,2026-10-24,quantile,0.6,102
2026-10-10,26,2,wk inc flu hosp,2026-10-24,quantile,0.65,108
2026-10-10,26,2,wk inc flu hosp,2026-10-24,quantile,0.7,115
2026-10-10,26,2,wk inc flu hosp,2026-10-24,quantile,0.75,123
2026-10-10,26,2,wk inc flu hosp,2026-10-24,quantile,0.8,132
2026-10-10,26,2,wk inc flu hosp,2026-10-24,quantile,0.85,144
2026-10-10,26,2,wk inc flu hosp,2026-10-24,quantile,0.9,162
2026-10-10,26,2,wk inc flu hosp,2026-10-24,quantile,0.95,192
2026-10-10,26,2,wk inc flu hosp,2026-10-24,quantile,0.975,223
2026-10-10,26,2,wk inc flu hosp,2026-10-24,quantile,0.99,264
2026-10-10,26,3,wk inc flu hosp,2026-10-31,quantile,0.01,22
2026-10-10,26,3,wk inc flu hosp,2026-10-31,quantile,0.025,32
2026-10-10,26,3,wk inc flu hosp,2026-10-31,quantile,0.05,43
2026-10-10,26,3,wk inc flu hosp,2026-10-31,quantile,0.1,56
2026-10-10,26,3,wk inc flu hosp,2026-10-31,quantile,0.15,66
2026-10-10,26,3,wk inc flu hosp,2026-10-31,quantile,0.2,74
2026-10-10,26,3,wk inc flu hosp,2026-10-31,quantile,0.25,81
2026-10-10,26,3,wk inc flu hosp,2026-10-31,quantile,0.3,88
2026-10-10,26,3,wk inc flu hosp,2026-10-31,quantile,0.35,95
2026-10-10,26,3,wk inc flu hosp,2026-10-31,quantile,0.4,102
2026-10-10,26,3,wk inc flu hosp,2026-10-31,quantile,0.45,108
2026-10-10,26,3,wk inc flu hosp,2026-10-31,quantile,0.5,115
2026-10-10,26,3,wk inc flu hosp,2026-10-31,quantile,0.55,123
2026-10-10,26,3,wk inc flu hosp,2026-10-31,quantile,0.6,131
2026-10-10,26,3,wk inc flu hosp,2026-10-31,quantile,0.65,139
2026-10-10,26,3,wk inc flu hosp,2026-10-31,quantile,0.7,150
2026-10-10,26,3,wk inc flu hosp,2026-10-31,quantile,0.75,162
2026-10-10,26,3,wk inc flu hosp,2026-10-31,quantile,0.8,177
2026-10-10,26,3,wk inc flu hosp,2026-10-31,quantile,0.85,197
2026-10-10,26,3,wk inc flu hosp,2026-10-31,quantile,0.9,227
2026-10-10,26,3,wk inc flu hosp,2026-10-31,quantile,0.95,279
2026-10-10,26,3,wk inc flu hosp,2026-10-31,quantile,0.975,334
2026-10-10,26,3,wk inc flu hosp,2026-10-31,quantile,0.99,412
2026-10-10,27,0,wk inc flu hosp,2026-10-10,quantile,0.01,14
2026-10-10,27,0,wk inc flu hosp,2026-10-10,quantile,0.025,17
2026-10-10,27,0,wk inc flu hosp,2026-10-10,quantile,0.05,20
2026-10-10,27,0,wk inc flu hosp,2026-10-10,quantile,0.1,23
2026-10-10,27,0,wk inc flu hosp,2026-10-10,quantile,0.15,25
2026-10-10,27,0,wk inc flu hosp,2026-10-10,quantile,0.2,27
2026-10-10,27,0,wk inc flu hosp,2026-10-10,quantile,0.25,29
2026-10-10,27,0,wk inc flu hosp,2026-10-10,quantile,0.3,31
2026-10-10,27,0,wk inc flu hosp,2026-10-10,quantile,0.35,32
2026-10-10,27,0,wk inc flu hosp,2026-10-10,quantile,0.4,34
2026-10-10,27,0,wk inc flu hosp,2026-10-10,quantile,0.45,36
2026-10-10,27,0,wk inc flu hosp,2026-10-10,quantile,0.5,37
2026-10-10,27,0,wk inc flu hosp,2026-10-10,quantile,0.55,39
2026-10-10,27,0,wk inc flu hosp,2026-10-10,quantile,0.6,40
2026-10-10,27,0,wk inc flu hosp,2026-10-10,quantile,0.65,42
2026-10-10,27,0,wk inc flu hosp,2026-10-10,quantile,0.7,44
2026-10-10,27,0,wk inc flu hosp,2026-10-10,quantile,0.75,46
2026-10-10,27,0,wk inc flu hosp,2026-10-10,quantile,0.8,49
2026-10-10,27,0,wk inc flu hosp,2026-10-10,quantile,0.85,52
2026-10-10,27,0,wk inc flu hosp,2026-10-10,quantile,0.9,56
2026-10-10,27,0,wk inc flu hosp,2026-10-10,quantile,0.95,62
2026-10-10,27,0,wk inc flu hosp,2026-10-10,quantile,0.975,69
2026-10-10,27,0,wk inc flu hosp,2026-10-10,quantile,0.99,76
2026-10-10,27,1,wk inc flu hosp,2026-10-17,quantile,0.01,14
2026-10-10,27,1,wk inc flu hosp,2026-10-17,quantile,0.025,18
2026-10-10,27,1,wk inc flu hosp,2026-10-17,quantile,0.05,22
2026-10-10,27,1,wk inc flu hosp,2026-10-17,quantile,0.1,27
2026-10-10,27,1,wk inc flu hosp,2026-10-17,quantile,0.15,31
2026-10-10,27,1,wk inc flu hosp,2026-10-17,quantile,0.2,34
2026-10-10,27,1,wk inc flu hosp,2026-10-17,quantile,0.25,36
2026-10-10,27,1,wk inc flu hosp,2026-10-17,quantile,0.3,39
2026-10-10,27,1,wk inc flu hosp,2026-10-17,quantile,0.35,41
2026-10-10,27,1,wk inc flu hosp,2026-10-17,quantile,0.4,43
2026-10-10,27,1,wk inc flu hosp,2026-10-17,quantile,0.45,46
2026-10-10,27,1,wk inc flu hosp,2026-10-17,quantile,0.5,48
2026-10-10,27,1,wk inc flu hosp,2026-10-17,quantile,0.55,51
2026-10-10,27,1,wk inc flu hosp,2026-10-17,quantile,0.6,53
2026-10-10,27,1,wk inc flu hosp,2026-10-17,quantile,0.65,56
2026-10-10,27,1,wk inc flu hosp,2026-10-17,quantile,0.7,59
2026-10-10,27,1,wk inc flu hosp,2026-10-17,quantile,0.75,63
2026-10-10,27,1,wk inc flu hosp,2026-10-17,quantile,0.8,67
2026-10-10,27,1,wk inc flu hosp,2026-10-17,quantile,0.85,72
2026-10-10,27,1,wk inc flu hosp,2026-10-17,quantile,0.9,79
2026-10-10,27,1,wk inc flu hosp,2026-10-17,quantile,0.95,91
2026-10-10,27,1,wk inc flu hosp,2026-10-17,quantile,0.975,103
2026-10-10,27,1,wk inc flu hosp,2026-10-17,quantile,0.99,121
2026-10-10,27,2,wk inc flu hosp,2026-10-24,quantile,0.01,13
2026-10-10,27,2,wk inc flu hosp,2026-10-24,quantile,0.025,19
2026-10-10,27,2,wk inc flu hosp,2026-10-24,quantile,0.05,25
2026-10-10,27,2,wk inc flu hosp,2026-10-24,quantile,0.1,32
2026-10-10,27,2,wk inc flu hosp,2026-10-24,quantile,0.15,36
2026-10-10,27,2,wk inc flu hosp,2026-10-24,quantile,0.2,41
2026-10-10,27,2,wk inc flu hosp,2026-10-24,quantile,0.25,44
2026-10-10,27,2,wk inc flu hosp,2026-10-24,quantile,0.3,48
2026-10-10,27,2,wk inc flu hosp,2026-10-24,quantile,0.35,51
2026-10-10,27,2,wk inc flu hosp,2026-10-24,quantile,0.4,55
2026-10-10,27,2,wk inc flu hosp,2026-10-24,quantile,0.45,58
2026-10-10,27,2,wk inc flu hosp,2026-10-24,quantile,0.5,62
2026-10-10,27,2,wk inc flu hosp,2026-10-24,quantile,0.55,66
2026-10-10,27,2,wk inc flu hosp,2026-10-24,quantile,0.6,70
2026-10-10,27,2,wk inc flu hosp,2026-10-24,quantile,0.65,74
2026-10-10,27,2,wk inc flu hosp,2026-10-24,quantile,0.7,79
2026-10-10,27,2,wk inc flu hosp,2026-10-24,quantile,0.75,85
2026-10-10,27,2,wk inc flu hosp,2026-10-24,quantile,0.8,92
2026-10-10,27,2,wk inc flu hosp,2026-10-24,quantile,0.85,100
2026-10-10,27,2,wk inc flu hosp,2026-10-24,quantile,0.9,112
2026-10-10,27,2,wk inc flu hosp,2026-10-24,quantile,0.95,134
2026-10-10,27,2,wk inc flu hosp,2026-10-24,quantile,0.975,159
2026-10-10,27,2,wk inc flu hosp,2026-10-24,quantile,0.99,203
2026-10-10,27,3,wk inc flu hosp,2026-10-31,quantile,0.01,13
2026-10-10,27,3,wk inc flu hosp,2026-10-31,quantile,0.025,20
2026-10-10,27,3,wk inc flu hosp,2026-10-31,quantile,0.05,27
2026-10-10,27,3,wk inc flu hosp,2026-10-31,quantile,0.1,36
2026-10-10,27,3,wk inc flu hosp,2026-10-31,quantile,0.15,43
2026-10-10,27,3,wk inc flu hosp,2026-10-31,quantile,0.2,49
2026-10-10,27,3,wk inc flu hosp,2026-10-31,quantile,0.25,54
2026-10-10,27,3,wk inc flu hosp,2026-10-31,quantile,0.3,59
2026-10-10,27,3,wk inc flu hosp,2026-10-31,quantile,0.35,64
2026-10-10,27,3,wk inc flu hosp,2026-10-31,quantile,0.4,69
2026-10-10,27,3,wk inc flu hosp,2026-10-31,quantile,0.45,74
2026-10-10,27,3,wk inc flu hosp,2026-10-31,quantile,0.5,79
2026-10-10,27,3,wk inc flu hosp,2026-10-31,quantile,0.55,85
2026-10-10,27,3,wk inc flu hosp,2026-10-31,quantile,0.6,91
2026-10-10,27,3,wk inc flu hosp,2026-10-31,quantile,0.65,98
2026-10-10,27,3,wk inc flu hosp,2026-10-31,quantile,0.7,106
2026-10-10,27,3,wk inc flu hosp,2026-10-31,quantile,0.75,114
2026-10-10,27,3,wk inc flu hosp,2026-10-31,quantile,0.8,125
2026-10-10,27,3,wk inc flu hosp,2026-10-31,quantile,0.85,139
2026-10-10,27,3,wk inc flu hosp,2026-10-31,quantile,0.9,159
2026-10-10,27,3,wk inc flu hosp,2026-10-31,quantile,0.95,198
2026-10-10,27,3,wk inc flu hosp,2026-10-31,quantile,0.975,248
2026-10-10,27,3,wk inc flu hosp,2026-10-31,quantile,0.99,342
2026-10-10,28,0,wk inc flu hosp,2026-10-10,quantile,0.01,8
2026-10-10,28,0,wk inc flu hosp,2026-10-10,quantile,0.025,11
2026-10-10,28,0,wk inc flu hosp,2026-10-10,quantile,0.05,14
2026-10-10,28,0,wk inc flu hosp,2026-10-10,quantile,0.1,18
2026-10-10,28,0,wk inc flu hosp,2026-10-10,quantile,0.15,20
2026-10-10,28,0,wk inc flu hosp,2026-10-10,quantile,0.2,22
2026-10-10,28,0,wk inc flu hosp,2026-10-10,quantile,0.25,24
2026-10-10,28,0,wk inc flu hosp,2026-10-10,quantile,0.3,26
2026-10-10,28,0,wk inc flu hosp,2026-10-10,quantile,0.35,28
2026-10-10,28,0,wk inc flu hosp,2026-10-10,quantile,0.4,30
2026-10-10,28,0,wk inc flu hosp,2026-10-10,quantile,0.45,31
2026-10-10,28,0,wk inc flu hosp,2026-10-10,quantile,0.5,33
2026-10-10,28,0,wk inc flu hosp,2026-10-10,quantile,0.55,35
2026-10-10,28,0,wk inc flu hosp,2026-10-10,quantile,0.6,37
2026-10-10,28,0,wk inc flu hosp,2026-10-10,quantile,0.65,39
2026-10-10,28,0,wk inc flu hosp,2026-10-10,quantile,0.7,41
2026-10-10,28,0,wk inc flu hosp,2026-10-10,quantile,0.75,44
2026-10-10,28,0,wk inc flu hosp,2026-10-10,quantile,0.8,47
2026-10-10,28,0,wk inc flu hosp,2026-10-10,quantile,0.85,51
2026-10-10,28,0,wk inc flu hosp,2026-10-10,quantile,0.9,56
2026-10-10,28,0,wk inc flu hosp,2026-10-10,quantile,0.95,64
2026-10-10,28,0,wk inc flu hosp,2026-10-10,quantile,0.975,73
2026-10-10,28,0,wk inc flu hosp,2026-10-10,quantile,0.99,85
2026-10-10,28,1,wk inc flu hosp,2026-10-17,quantile,0.01,8
2026-10-10,28,1,wk inc flu hosp,2026-10-17,quantile,0.025,12
2026-10-10,28,1,wk inc flu hosp,2026-10-17,quantile,0.05,15
2026-10-10,28,1,wk inc flu hosp,2026-10-17,quantile,0.1,20
2026-10-10,28,1,wk inc flu hosp,2026-10-17,quantile,0.15,24
2026-10-10,28,1,wk inc flu hosp,2026-10-17,quantile,0.2,27
2026-10-10,28,1,wk inc flu hosp,2026-10-17,quantile,0.25,30
2026-10-10,28,1,wk inc flu hosp,2026-10-17,quantile,0.3,33
2026-10-10,28,1,wk inc flu hosp,2026-10-17,quantile,0.35,35
2026-10-10,28,1,wk inc flu hosp,2026-10-17,quantile,0.4,38
2026-10-10,28,1,wk inc flu hosp,2026-10-17,quantile,0.45,40
2026-10-10,28,1,wk inc flu hosp,2026-10-17,quantile,0.5,43
2026-10-10,28,1,wk inc flu hosp,2026-10-17,quantile,0.55,46
2026-10-10,28,1,wk inc flu hosp,2026-10-17,quantile,0.6,49
2026-10-10,28,1,wk inc flu hosp,2026-10-17,quantile,0.65,52
2026-10-10,28,1,wk inc flu hosp,2026-10-17,quantile,0.7,56
2026-10-10,28,1,wk inc flu hosp,2026-10-17,quantile,0.75,60
2026-10-10,28,1,wk inc flu hosp,2026-10-17,quantile,0.8,65
2026-10-10,28,1,wk inc flu hosp,2026-10-17,quantile,0.85,71
2026-10-10,28,1,wk inc flu hosp,2026-10-17,quantile,0.9,80
2026-10-10,28,1,wk inc flu hosp,2026-10-17,quantile,0.95,97
2026-10-10,28,1,wk inc flu hosp,2026-10-17,quantile,0.975,115
2026-10-10,28,1,wk inc flu hosp,2026-10-17,quantile,0.99,144
2026-10-10,28,2,wk inc flu hosp,2026-10-24,quantile,0.01,7
2026-10-10,28,2,wk inc flu hosp,2026-10-24,quantile,0.025,12
2026-10-10,28,2,wk inc flu hosp,2026-10-24,quantile,0.05,17
2026-10-10,28,2,wk inc flu hosp,2026-10-24,quantile,0.1,23
2026-10-10,28,2,wk inc flu hosp,2026-10-24,quantile,0.15,28
2026-10-10,28,2,wk inc flu hosp,2026-10-24,quantile,0.2,33
2026-10-10,28,2,wk inc flu hosp,2026-10-24,quantile,0.25,37
2026-10-10,28,2,wk inc flu hosp,2026-10-24,quantile,0.3,40
2026-10-10,28,2,wk inc flu hosp,2026-10-24,quantile,0.35,44
2026-10-10,28,2,wk inc flu hosp,2026-10-24,quantile,0.4,48
2026-10-10,28,2,wk inc flu hosp,2026-10-24,quantile,0.45,51
2026-10-10,28,2,wk inc flu hosp,2026-10-24,quantile,0.5,55
2026-10-10,28,2,wk inc flu hosp,2026-10-24,quantile,0.55,59
2026-10-10,28,2,wk inc flu hosp,2026-10-24,quantile,0.6,64
2026-10-10,28,2,wk inc flu hosp,2026-10-24,quantile,0.65,69
2026-10-10,28,2,wk inc flu hosp,2026-10-24,quantile,0.7,75
2026-10-10,28,2,wk inc flu hosp,2026-10-24,quantile,0.75,82
2026-10-10,28,2,wk inc flu hosp,2026-10-24,quantile,0.8,90
2026-10-10,28,2,wk inc flu hosp,2026-10-24,quantile,0.85,100
2026-10-10,28,2,wk inc flu hosp,2026-10-24,quantile,0.9,116
2026-10-10,28,2,wk inc flu hosp,2026-10-24,quantile,0.95,147
2026-10-10,28,2,wk inc flu hosp,2026-10-24,quantile,0.975,185
2026-10-10,28,2,wk inc flu hosp,2026-10-24,quantile,0.99,249
2026-10-10,28,3,wk inc flu hosp,2026-10-31,quantile,0.01,7
2026-10-10,28,3,wk inc flu hosp,2026-10-31,quantile,0.025,12
2026-10-10,28,3,wk inc flu hosp,2026-10-31,quantile,0.05,18
2026-10-10,28,3,wk inc flu hosp,2026-10-31,quantile,0.1,27
2026-10-10,28,3,wk inc flu hosp,2026-10-31,quantile,0.15,33
2026-10-10,28,3,wk inc flu hosp,2026-10-31,quantile,0.2,39
2026-10-10,28,3,wk inc flu hosp,2026-10-31,quantile,0.25,44
2026-10-10,28,3,wk inc flu hosp,2026-10-31,quantile,0.3,49
2026-10-10,28,3,wk inc flu hosp,2026-10-31,quantile,0.35,54
2026-10-10,28,3,wk inc flu hosp,2026-10-31,quantile,0.4,60
2026-10-10,28,3,wk inc flu hosp,2026-10-31,quantile,0.45,65
2026-10-10,28,3,wk inc flu hosp,2026-10-31,quantile,0.5,71
2026-10-10,28,3,wk inc flu hosp,2026-10-31,quantile,0.55,77
2026-10-10,28,3,wk inc flu hosp,2026-10-31,quantile,0.6,83
2026-10-10,28,3,wk inc flu hosp,2026-10-31,quantile,0.65,91
2026-10-10,28,3,wk inc flu hosp,2026-10-31,quantile,0.7,100
2026-10-10,28,3,wk inc flu hosp,2026-10-31,quantile,0.75,110
2026-10-10,28,3,wk inc flu hosp,2026-10-31,quantile,0.8,123
2026-10-10,28,3,wk inc flu hosp,2026-10-31,quantile,0.85,139
2026-10-10,28,3,wk inc flu hosp,2026-10-31,quantile,0.9,165
2026-10-10,28,3,wk inc flu hosp,2026-10-31,quantile,0.95,220
2026-10-10,28,3,wk inc flu hosp,2026-10-31,quantile,0.975,294
2026-10-10,28,3,wk inc flu hosp,2026-10-31,quantile,0.99,419
2026-10-10,29,0,wk inc flu hosp,2026-10-10,quantile,0.01,13
2026-10-10,29,0,wk inc flu hosp,2026-10-10,quantile,0.025,17
2026-10-10,29,0,wk inc flu hosp,2026-10-10,quantile,0.05,22
2026-10-10,29,0,wk inc flu hosp,2026-10-10,quantile,0.1,28
2026-10-10,29,0,wk inc flu hosp,2026-10-10,quantile,0.15,32
2026-10-10,29,0,wk inc flu hosp,2026-10-10,quantile,0.2,36
2026-10-10,29,0,wk inc flu hosp,2026-10-10,quantile,0.25,39
2026-10-10,29,0,wk inc flu hosp,2026-10-10,quantile,0.3,42
2026-10-10,29,0,wk inc flu hosp,2026-10-10,quantile,0.35,45
2026-10-10,29,0,wk inc flu hosp,2026-10-10,quantile,0.4,48
2026-10-10,29,0,wk inc flu hosp,2026-10-10,quantile,0.45,51
2026-10-10,29,0,wk inc flu hosp,2026-10-10,quantile,0.5,54
2026-10-10,29,0,wk inc flu hosp,2026-10-10,quantile,0.55,58
2026-10-10,29,0,wk inc flu hosp,2026-10-10,quantile,0.6,61
2026-10-10,29,0,wk inc flu hosp,2026-10-10,quantile,0.65,65
2026-10-10,29,0,wk inc flu hosp,2026-10-10,quantile,0.7,69
2026-10-10,29,0,wk inc flu hosp,2026-10-10,quantile,0.75,73
2026-10-10,29,0,wk inc flu hosp,2026-10-10,quantile,0.8,79
2026-10-10,29,0,wk inc flu hosp,2026-10-10,quantile,0.85,85
2026-10-10,29,0,wk inc flu hosp,2026-10-10,quantile,0.9,95
2026-10-10,29,0,wk inc flu hosp,2026-10-10,quantile,0.95,110
2026-10-10,29,0,wk inc flu hosp,2026-10-10,quantile,0.975,127
2026-10-10,29,0,wk inc flu hosp,2026-10-10,quantile,0.99,149
2026-10-10,29,1,wk inc flu hosp,2026-10-17,quantile,0.01,10
2026-10-10,29,1,wk inc flu hosp,2026-10-17,quantile,0.025,16
2026-10-10,29,1,wk inc flu hosp,2026-10-17,quantile,0.05,22
2026-10-10,29,1,wk inc flu hosp,2026-10-17,quantile,0.1,30
2026-10-10,29,1,wk inc flu hosp,2026-10-17,quantile,0.15,36
2026-10-10,29,1,wk inc flu hosp,2026-10-17,quantile,0.2,42
2026-10-10,29,1,wk inc flu hosp,2026-10-17,quantile,0.25,46
2026-10-10,29,1,wk inc flu hosp,2026-10-17,quantile,0.3,51
2026-10-10,29,1,wk inc flu hosp,2026-10-17,quantile,0.35,55
2026-10-10,29,1,wk inc flu hosp,2026-10-17,quantile,0.4,60
2026-10-10,29,1,wk inc flu hosp,2026-10-17,quantile,0.45,65
2026-10-10,29,1,wk inc flu hosp,2026-10-17,quantile,0.5,69
2026-10-10,29,1,wk inc flu hosp,2026-10-17,quantile,0.55,74
2026-10-10,29,1,wk inc flu hosp,2026-10-17,quantile,0.6,80
2026-10-10,29,1,wk inc flu hosp,2026-10-17,quantile,0.65,86
2026-10-10,29,1,wk inc flu hosp,2026-10-17,quantile,0.7,92
2026-10-10,29,1,wk inc flu hosp,2026-10-17,quantile,0.75,100
2026-10-10,29,1,wk inc flu hosp,2026-10-17,quantile,0.8,110
2026-10-10,29,1,wk inc flu hosp,2026-10-17,quantile,0.85,123
2026-10-10,29,1,wk inc flu hosp,2026-10-17,quantile,0.9,141
2026-10-10,29,1,wk inc flu hosp,2026-10-17,quantile,0.95,176
2026-10-10,29,1,wk inc flu hosp,2026-10-17,quantile,0.975,214
2026-10-10,29,1,wk inc flu hosp,2026-10-17,quantile,0.99,274
2026-10-10,29,2,wk inc flu hosp,2026-10-24,quantile,0.01,8
2026-10-10,29,2,wk inc flu hosp,2026-10-24,quantile,0.025,15
2026-10-10,29,2,wk inc flu hosp,2026-10-24,quantile,0.05,22
2026-10-10,29,2,wk inc flu hosp,2026-10-24,quantile,0.1,33
2026-10-10,29,2,wk inc flu hosp,2026-10-24,quantile,0.15,41
2026-10-10,29,2,wk inc flu hosp,2026-10-24,quantile,0.2,48
2026-10-10,29,2,wk inc flu hosp,2026-10-24,quantile,0.25,55
2026-10-10,29,2,wk inc flu hosp,2026-10-24,quantile,0.3,62
2026-10-10,29,2,wk inc flu hosp,2026-10-24,quantile,0.35,68
2026-10-10,29,2,wk inc flu hosp,2026-10-24,quantile,0.4,75
2026-10-10,29,2,wk inc flu hosp,2026-10-24,quantile,0.45,82
2026-10-10,29,2,wk inc flu hosp,2026-10-24,quantile,0.5,89
2026-10-10,29,2,wk inc flu hosp,2026-10-24,quantile,0.55,97
2026-10-10,29,2,wk inc flu hosp,2026-10-24,quantile,0.6,105
2026-10-10,29,2,wk inc flu hosp,2026-10-24,quantile,0.65,115
2026-10-10,29,2,wk inc flu hosp,2026-10-24,quantile,0.7,126
2026-10-10,29,2,wk inc flu hosp,2026-10-24,quantile,0.75,140
2026-10-10,29,2,wk inc flu hosp,2026-10-24,quantile,0.8,157
2026-10-10,29,2,wk inc flu hosp,2026-10-24,quantile,0.85,181
2026-10-10,29,2,wk inc flu hosp,2026-10-24,quantile,0.9,218
2026-10-10,29,2,wk inc flu hosp,2026-10-24,quantile,0.95,290
2026-10-10,29,2,wk inc flu hosp,2026-10-24,quantile,0.975,377
2026-10-10,29,2,wk inc flu hosp,2026-10-24,quantile,0.99,525
2026-10-10,29,3,wk inc flu hosp,2026-10-31,quantile,0.01,7
2026-10-10,29,3,wk inc flu hosp,2026-10-31,quantile,0.025,14
2026-10-10,29,3,wk inc flu hosp,2026-10-31,quantile,0.05,23
2026-10-10,29,3,wk inc flu hosp,2026-10-31,quantile,0.1,37
2026-10-10,29,3,wk inc flu hosp,2026-10-31,quantile,0.15,47
2026-10-10,29,3,wk inc flu hosp,2026-10-31,quantile,0.2,57
2026-10-10,29,3,wk inc flu hosp,2026-10-31,quantile,0.25,66
2026-10-10,29,3,wk inc flu hosp,2026-10-31,quantile,0.3,75
2026-10-10,29,3,wk inc flu hosp,2026-10-31,quantile,0.35,84
2026-10-10,29,3,wk inc flu hosp,2026-10-31,quantile,0.4,93
2026-10-10,29,3,wk inc flu hosp,2026-10-31,quantile,0.45,103
2026-10-10,29,3,wk inc flu hosp,2026-10-31,quantile,0.5,114
2026-10-10,29,3,wk inc flu hosp,2026-10-31,quantile,0.55,126
2026-10-10,29,3,wk inc flu hosp,2026-10-31,quantile,0.6,139
2026-10-10,29,3,wk inc flu hosp,2026-10-31,quantile,0.65,155
2026-10-10,29,3,wk inc flu hosp,2026-10-31,quantile,0.7,173
2026-10-10,29,3,wk inc flu hosp,2026-10-31,quantile,0.75,196
2026-10-10,29,3,wk inc flu hosp,2026-10-31,quantile,0.8,227
2026-10-10,29,3,wk inc flu hosp,2026-10-31,quantile,0.85,271
2026-10-10,29,3,wk inc flu hosp,2026-10-31,quantile,0.9,341
2026-10-10,29,3,wk inc flu hosp,2026-10-31,quantile,0.95,483
2026-10-10,29,3,wk inc flu hosp,2026-10-31,quantile,0.975,665
2026-10-10,29,3,wk inc flu hosp,2026-10-31,quantile,0.99,989
2026-10-10,30,0,wk inc flu hosp,2026-10-10,quantile,0.01,10
2026-10-10,30,0,wk inc flu hosp,2026-10-10,quantile,0.025,14
2026-10-10,30,0,wk inc flu hosp,2026-10-10,quantile,0.05,17
2026-10-10,30,0,wk inc flu hosp,2026-10-10,quantile,0.1,22
2026-10-10,30,0,wk inc flu hosp,2026-10-10,quantile,0.15,25
2026-10-10,30,0,wk inc flu hosp,2026-10-10,quantile,0.2,27
2026-10-10,30,0,wk inc flu hosp,2026-10-10,quantile,0.25,29
2026-10-10,30,0,wk inc flu hosp,2026-10-10,quantile,0.3,31
2026-10-10,30,0,wk inc flu hosp,2026-10-10,quantile,0.35,33
2026-10-10,30,0,wk inc flu hosp,2026-10-10,quantile,0.4,35
2026-10-10,30,0,wk inc flu hosp,2026-10-10,quantile,0.45,37
2026-10-10,30,0,wk inc flu hosp,2026-10-10,quantile,0.5,39
2026-10-10,30,0,wk inc flu hosp,2026-10-10,quantile,0.55,41
2026-10-10,30,0,wk inc flu hosp,2026-10-10,quantile,0.6,43
2026-10-10,30,0,wk inc flu hosp,2026-10-10,quantile,0.65,46
2026-10-10,30,0,wk inc flu hosp,2026-10-10,quantile,0.7,48
2026-10-10,30,0,wk inc flu hosp,2026-10-10,quantile,0.75,51
2026-10-10,30,0,wk inc flu hosp,2026-10-10,quantile,0.8,55
2026-10-10,30,0,wk inc flu hosp,2026-10-10,quantile,0.85,59
2026-10-10,30,0,wk inc flu hosp,2026-10-10,quantile,0.9,64
2026-10-10,30,0,wk inc flu hosp,2026-10-10,quantile,0.95,73
2026-10-10,30,0,wk inc flu hosp,2026-10-10,quantile,0.975,82
2026-10-10,30,0,wk inc flu hosp,2026-10-10,quantile,0.99,93
2026-10-10,30,1,wk inc flu hosp,2026-10-17,quantile,0.01,10
2026-10-10,30,1,wk inc flu hosp,2026-10-17,quantile,0.025,15
2026-10-10,30,1,wk inc flu hosp,2026-10-17,quantile,0.05,20
2026-10-10,30,1,wk inc flu hosp,2026-10-17,quantile,0.1,27
2026-10-10,30,1,wk inc flu hosp,2026-10-17,quantile,0.15,31
2026-10-10,30,1,wk inc flu hosp,2026-10-17,quantile,0.2,35
2026-10-10,30,1,wk inc flu hosp,2026-10-17,quantile,0.25,38
2026-10-10,30,1,wk inc flu hosp,2026-10-17,quantile,0.3,41
2026-10-10,30,1,wk inc flu hosp,2026-10-17,quantile,0.35,44
2026-10-10,30,1,wk inc flu hosp,2026-10-17,quantile,0.4,47
2026-10-10,30,1,wk inc flu hosp,2026-10-17,quantile,0.45,50
2026-10-10,30,1,wk inc flu hosp,2026-10-17,quantile,0.5,53
2026-10-10,30,1,wk inc flu hosp,2026-10-17,quantile,0.55,56
2026-10-10,30,1,wk inc flu hosp,2026-10-17,quantile,0.6,60
2026-10-10,30,1,wk inc flu hosp,2026-10-17,quantile,0.65,63
2026-10-10,30,1,wk inc flu hosp,2026-10-17,quantile,0.7,68
2026-10-10,30,1,wk inc flu hosp,2026-10-17,quantile,0.75,72
2026-10-10,30,1,wk inc flu hosp,2026-10-17,quantile,0.8,78
2026-10-10,30,1,wk inc flu hosp,2026-10-17,quantile,0.85,84
2026-10-10,30,1,wk inc flu hosp,2026-10-17,quantile,0.9,94
2026-10-10,30,1,wk inc flu hosp,2026-10-17,quantile,0.95,109
2026-10-10,30,1,wk inc flu hosp,2026-10-17,quantile,0.975,125
2026-10-10,30,1,wk inc flu hosp,2026-10-17,quantile,0.99,148
2026-10-10,30,2,wk inc flu hosp,2026-10-24,quantile,0.01,10
2026-10-10,30,2,wk inc flu hosp,2026-10-24,quantile,0.025,17
2026-10-10,30,2,wk inc flu hosp,2026-10-24,quantile,0.05,24
2026-10-10,30,2,wk inc flu hosp,2026-10-24,quantile,0.1,32
2026-10-10,30,2,wk inc flu hosp,2026-10-24,quantile,0.15,38
2026-10-10,30,2,wk inc flu hosp,2026-10-24,quantile,0.2,43
2026-10-10,30,2,wk inc flu hosp,2026-10-24,quantile,0.25,48
2026-10-10,30,2,wk inc flu hosp,2026-10-24,quantile,0.3,53
2026-10-10,30,2,wk inc flu hosp,2026-10-24,quantile,0.35,57
2026-10-10,30,2,wk inc flu hosp,2026-10-24,quantile,0.4,61
2026-10-10,30,2,wk inc flu hosp,2026-10-24,quantile,0.45,65
2026-10-10,30,2,wk inc flu hosp,2026-10-24,quantile,0.5,70
2026-10-10,30,2,wk inc flu hosp,2026-10-24,quantile,0.55,74
2026-10-10,30,2,wk inc flu hosp,2026-10-24,quantile,0.6,79
2026-10-10,30,2,wk inc flu hosp,2026-10-24,quantile,0.65,85
2026-10-10,30,2,wk inc flu hosp,2026-10-24,quantile,0.7,91
2026-10-10,30,2,wk inc flu hosp,2026-10-24,quantile,0.75,98
2026-10-10,30,2,wk inc flu hosp,2026-10-24,quantile,0.8,106
2026-10-10,30,2,wk inc flu hosp,2026-10-24,quantile,0.85,116
2026-10-10,30,2,wk inc flu hosp,2026-10-24,quantile,0.9,131
2026-10-10,30,2,wk inc flu hosp,2026-10-24,quantile,0.95,157
2026-10-10,30,2,wk inc flu hosp,2026-10-24,quantile,0.975,187
2026-10-10,30,2,wk inc flu hosp,2026-10-24,quantile,0.99,230
2026-10-10,30,3,wk inc flu hosp,2026-10-31,quantile,0.01,10
2026-10-10,30,3,wk inc flu hosp,2026-10-31,quantile,0.025,18
2026-10-10,30,3,wk inc flu hosp,2026-10-31,quantile,0.05,27
2026-10-10,30,3,wk inc flu hosp,2026-10-31,quantile,0.1,38
2026-10-10,30,3,wk inc flu hosp,2026-10-31,quantile,0.15,46
2026-10-10,30,3,wk inc flu hosp,2026-10-31,quantile,0.2,52
2026-10-10,30,3,wk inc flu hosp,2026-10-31,quantile,0.25,58
2026-10-10,30,3,wk inc flu hosp,2026-10-31,quantile,0.3,64
2026-10-10,30,3,wk inc flu hosp,2026-10-31,quantile,0.35,70
2026-10-10,30,3,wk inc flu hosp,2026-10-31,quantile,0.4,76
2026-10-10,30,3,wk inc flu hosp,2026-10-31,quantile,0.45,81
2026-10-10,30,3,wk inc flu hosp,2026-10-31,quantile,0.5,87
2026-10-10,30,3,wk inc flu hosp,2026-10-31,quantile,0.55,93
2026-10-10,30,3,wk inc flu hosp,2026-10-31,quantile,0.6,100
2026-10-10,30,3,wk inc flu hosp,2026-10-31,quantile,0.65,107
2026-10-10,30,3,wk inc flu hosp,2026-10-31,quantile,0.7,115
2026-10-10,30,3,wk inc flu hosp,2026-10-31,quantile,0.75,125
2026-10-10,30,3,wk inc flu hosp,2026-10-31,quantile,0.8,136
2026-10-10,30,3,wk inc flu hosp,2026-10-31,quantile,0.85,150
2026-10-10,30,3,wk inc flu hosp,2026-10-31,quantile,0.9,171
2026-10-10,30,3,wk inc flu hosp,2026-10-31,quantile,0.95,212
2026-10-10,30,3,wk inc flu hosp,2026-10-31,quantile,0.975,261
2026-10-10,30,3,wk inc flu hosp,2026-10-31,quantile,0.99,330
2026-10-10,31,0,wk inc flu hosp,2026-10-10,quantile,0.01,2
2026-10-10,31,0,wk inc flu hosp,2026-10-10,quantile,0.025,3
2026-10-10,31,0,wk inc flu hosp,2026-10-10,quantile,0.05,4
2026-10-10,31,0,wk inc flu hosp,2026-10-10,quantile,0.1,6
2026-10-10,31,0,wk inc flu hosp,2026-10-10,quantile,0.15,7
2026-10-10,31,0,wk inc flu hosp,2026-10-10,quantile,0.2,8
2026-10-10,31,0,wk inc flu hosp,2026-10-10,quantile,0.25,9
2026-10-10,31,0,wk inc flu hosp,2026-10-10,quantile,0.3,10
2026-10-10,31,0,wk inc flu hosp,2026-10-10,quantile,0.35,11
2026-10-10,31,0,wk inc flu hosp,2026-10-10,quantile,0.4,12
2026-10-10,31,0,wk inc flu hosp,2026-10-10,quantile,0.45,13
2026-10-10,31,0,wk inc flu hosp,2026-10-10,quantile,0.5,14
2026-10-10,31,0,wk inc flu hosp,2026-10-10,quantile,0.55,15
2026-10-10,31,0,wk inc flu hosp,2026-10-10,quantile,0.6,16
2026-10-10,31,0,wk inc flu hosp,2026-10-10,quantile,0.65,17
2026-10-10,31,0,wk inc flu hosp,2026-10-10,quantile,0.7,19
2026-10-10,31,0,wk inc flu hosp,2026-10-10,quantile,0.75,20
2026-10-10,31,0,wk inc flu hosp,2026-10-10,quantile,0.8,22
2026-10-10,31,0,wk inc flu hosp,2026-10-10,quantile,0.85,24
2026-10-10,31,0,wk inc flu hosp,2026-10-10,quantile,0.9,27
2026-10-10,31,0,wk inc flu hosp,2026-10-10,quantile,0.95,32
2026-10-10,31,0,wk inc flu hosp,2026-10-10,quantile,0.975,38
2026-10-10,31,0,wk inc flu hosp,2026-10-10,quantile,0.99,45
2026-10-10,31,1,wk inc flu hosp,2026-10-17,quantile,0.01,2
2026-10-10,31,1,wk inc flu hosp,2026-10-17,quantile,0.025,3
2026-10-10,31,1,wk inc flu hosp,2026-10-17,quantile,0.05,5
2026-10-10,31,1,wk inc flu hosp,2026-10-17,quantile,0.1,7
2026-10-10,31,1,wk inc flu hosp,2026-10-17,quantile,0.15,9
2026-10-10,31,1,wk inc flu hosp,2026-10-17,quantile,0.2,10
2026-10-10,31,1,wk inc flu hosp,2026-10-17,quantile,0.25,12
2026-10-10,31,1,wk inc flu hosp,2026-10-17,quantile,0.3,13
2026-10-10,31,1,wk inc flu hosp,2026-10-17,quantile,0.35,15
2026-10-10,31,1,wk inc flu hosp,2026-10-17,quantile,0.4,16
2026-10-10,31,1,wk inc flu hosp,2026-10-17,quantile,0.45,18
2026-10-10,31,1,wk inc flu hosp,2026-10-17,quantile,0.5,19
2026-10-10,31,1,wk inc flu hosp,2026-10-17,quantile,0.55,21
2026-10-10,31,1,wk inc flu hosp,2026-10-17,quantile,0.6,23
2026-10-10,31,1,wk inc flu hosp,2026-10-17,quantile,0.65,25
2026-10-10,31,1,wk inc flu hosp,2026-10-17,quantile,0.7,27
2026-10-10,31,1,wk inc flu hosp,2026-10-17,quantile,0.75,30
2026-10-10,31,1,wk inc flu hosp,2026-10-17,quantile,0.8,33
2026-10-10,31,1,wk inc flu hosp,2026-10-17,quantile,0.85,37
2026-10-10,31,1,wk inc flu hosp,2026-10-17,quantile,0.9,43
2026-10-10,31,1,wk inc flu hosp,2026-10-17,quantile,0.95,55
2026-10-10,31,1,wk inc flu hosp,2026-10-17,quantile,0.975,70
2026-10-10,31,1,wk inc flu hosp,2026-10-17,quantile,0.99,92
2026-10-10,31,2,wk inc flu hosp,2026-10-24,quantile,0.01,2
2026-10-10,31,2,wk inc flu hosp,2026-10-24,quantile,0.025,3
2026-10-10,31,2,wk inc flu hosp,2026-10-24,quantile,0.05,5
2026-10-10,31,2,wk inc flu hosp,2026-10-24,quantile,0.1,8
2026-10-10,31,2,wk inc flu hosp,2026-10-24,quantile,0.15,11
2026-10-10,31,2,wk inc flu hosp,2026-10-24,quantile,0.2,13
2026-10-10,31,2,wk inc flu hosp,2026-10-24,quantile,0.25,15
2026-10-10,31,2,wk inc flu hosp,2026-10-24,quantile,0.3,17
2026-10-10,31,2,wk inc flu hosp,2026-10-24,quantile,0.35,19
2026-10-10,31,2,wk inc flu hosp,2026-10-24,quantile,0.4,22
2026-10-10,31,2,wk inc flu hosp,2026-10-24,quantile,0.45,24
2026-10-10,31,2,wk inc flu hosp,2026-10-24,quantile,0.5,26
2026-10-10,31,2,wk inc flu hosp,2026-10-24,quantile,0.55,29
2026-10-10,31,2,wk inc flu hosp,2026-10-24,quantile,0.6,32
2026-10-10,31,2,wk inc flu hosp,2026-10-24,quantile,0.65,35
2026-10-10,31,2,wk inc flu hosp,2026-10-24,quantile,0.7,39
2026-10-10,31,2,wk inc flu hosp,2026-10-24,quantile,0.75,43
2026-10-10,31,2,wk inc flu hosp,2026-10-24,quantile,0.8,48
2026-10-10,31,2,wk inc flu hosp,2026-10-24,quantile,0.85,56
2026-10-10,31,2,wk inc flu hosp,2026-10-24,quantile,0.9,67
2026-10-10,31,2,wk inc flu hosp,2026-10-24,quantile,0.95,93
2026-10-10,31,2,wk inc flu hosp,2026-10-24,quantile,0.975,127
2026-10-10,31,2,wk inc flu hosp,2026-10-24,quantile,0.99,183
2026-10-10,31,3,wk inc flu hosp,2026-10-31,quantile,0.01,2
2026-10-10,31,3,wk inc flu hosp,2026-10-31,quantile,0.025,4
2026-10-10,31,3,wk inc flu hosp,2026-10-31,quantile,0.05,6
2026-10-10,31,3,wk inc flu hosp,2026-10-31,quantile,0.1,10
2026-10-10,31,3,wk inc flu hosp,2026-10-31,quantile,0.15,13
2026-10-10,31,3,wk inc flu hosp,2026-10-31,quantile,0.2,16
2026-10-10,31,3,wk inc flu hosp,2026-10-31,quantile,0.25,19
2026-10-10,31,3,wk inc flu hosp,2026-10-31,quantile,0.3,22
2026-10-10,31,3,wk inc flu hosp,2026-10-31,quantile,0.35,25
2026-10-10,31,3,wk inc flu hosp,2026-10-31,quantile,0.4,28
2026-10-10,31,3,wk inc flu hosp,2026-10-31,quantile,0.45,32
2026-10-10,31,3,wk inc flu hosp,2026-10-31,quantile,0.5,35
2026-10-10,31,3,wk inc flu hosp,2026-10-31,quantile,0.55,39
2026-10-10,31,3,wk inc flu hosp,2026-10-31,quantile,0.6,43
2026-10-10,31,3,wk inc flu hosp,2026-10-31,quantile,0.65,48
2026-10-10,31,3,wk inc flu hosp,2026-10-31,quantile,0.7,54
2026-10-10,31,3,wk inc flu hosp,2026-10-31,quantile,0.75,60
2026-10-10,31,3,wk inc flu hosp,2026-10-31,quantile,0.8,69
2026-10-10,31,3,wk inc flu hosp,2026-10-31,quantile,0.85,81
2026-10-10,31,3,wk inc flu hosp,2026-10-31,quantile,0.9,101
2026-10-10,31,3,wk inc flu hosp,2026-10-31,quantile,0.95,149
2026-10-10,31,3,wk inc flu hosp,2026-10-31,quantile,0.975,217
2026-10-10,31,3,wk inc flu hosp,2026-10-31,quantile,0.99,330
2026-10-10,32,0,wk inc flu hosp,2026-10-10,quantile,0.01,22
2026-10-10,32,0,wk inc flu hosp,2026-10-10,quantile,0.025,28
2026-10-10,32,0,wk inc flu hosp,2026-10-10,quantile,0.05,33
2026-10-10,32,0,wk inc flu hosp,2026-10-10,quantile,0.1,39
2026-10-10,32,0,wk inc flu hosp,2026-10-10,quantile,0.15,43
2026-10-10,32,0,wk inc flu hosp,2026-10-10,quantile,0.2,46
2026-10-10,32,0,wk inc flu hosp,2026-10-10,quantile,0.25,49
2026-10-10,32,0,wk inc flu hosp,2026-10-10,quantile,0.3,52
2026-10-10,32,0,wk inc flu hosp,2026-10-10,quantile,0.35,55
2026-10-10,32,0,wk inc flu hosp,2026-10-10,quantile,0.4,57
2026-10-10,32,0,wk inc flu hosp,2026-10-10,quantile,0.45,60
2026-10-10,32,0,wk inc flu hosp,2026-10-10,quantile,0.5,63
2026-10-10,32,0,wk inc flu hosp,2026-10-10,quantile,0.55,65
2026-10-10,32,0,wk inc flu hosp,2026-10-10,quantile,0.6,68
2026-10-10,32,0,wk inc flu hosp,2026-10-10,quantile,0.65,71
2026-10-10,32,0,wk inc flu hosp,2026-10-10,quantile,0.7,75
2026-10-10,32,0,wk inc flu hosp,2026-10-10,quantile,0.75,78
2026-10-10,32,0,wk inc flu hosp,2026-10-10,quantile,0.8,83
2026-10-10,32,0,wk inc flu hosp,2026-10-10,quantile,0.85,88
2026-10-10,32,0,wk inc flu hosp,2026-10-10,quantile,0.9,96
2026-10-10,32,0,wk inc flu hosp,2026-10-10,quantile,0.95,108
2026-10-10,32,0,wk inc flu hosp,2026-10-10,quantile,0.975,119
2026-10-10,32,0,wk inc flu hosp,2026-10-10,quantile,0.99,134
2026-10-10,32,1,wk inc flu hosp,2026-10-17,quantile,0.01,22
2026-10-10,32,1,wk inc flu hosp,2026-10-17,quantile,0.025,30
2026-10-10,32,1,wk inc flu hosp,2026-10-17,quantile,0.05,38
2026-10-10,32,1,wk inc flu hosp,2026-10-17,quantile,0.1,48
2026-10-10,32,1,wk inc flu hosp,2026-10-17,quantile,0.15,54
2026-10-10,32,1,wk inc flu hosp,2026-10-17,quantile,0.2,59
2026-10-10,32,1,wk inc flu hosp,2026-10-17,quantile,0.25,64
2026-10-10,32,1,wk inc flu hosp,2026-10-17,quantile,0.3,69
2026-10-10,32,1,wk inc flu hosp,2026-10-17,quantile,0.35,73
2026-10-10,32,1,wk inc flu hosp,2026-10-17,quantile,0.4,77
2026-10-10,32,1,wk inc flu hosp,2026-10-17,quantile,0.45,81
2026-10-10,32,1,wk inc flu hosp,2026-10-17,quantile,0.5,86
2026-10-10,32,1,wk inc flu hosp,2026-10-17,quantile,0.55,90
2026-10-10,32,1,wk inc flu hosp,2026-10-17,quantile,0.6,95
2026-10-10,32,1,wk inc flu hosp,2026-10-17,quantile,0.65,101
2026-10-10,32,1,wk inc flu hosp,2026-10-17,quantile,0.7,107
2026-10-10,32,1,wk inc flu hosp,2026-10-17,quantile,0.75,114
2026-10-10,32,1,wk inc flu hosp,2026-10-17,quantile,0.8,122
2026-10-10,32,1,wk inc flu hosp,2026-10-17,quantile,0.85,132
2026-10-10,32,1,wk inc flu hosp,2026-10-17,quantile,0.9,147
2026-10-10,32,1,wk inc flu hosp,2026-10-17,quantile,0.95,172
2026-10-10,32,1,wk inc flu hosp,2026-10-17,quantile,0.975,199
2026-10-10,32,1,wk inc flu hosp,2026-10-17,quantile,0.99,240
2026-10-10,32,2,wk inc flu hosp,2026-10-24,quantile,0.01,21
2026-10-10,32,2,wk inc flu hosp,2026-10-24,quantile,0.025,32
2026-10-10,32,2,wk inc flu hosp,2026-10-24,quantile,0.05,43
2026-10-10,32,2,wk inc flu hosp,2026-10-24,quantile,0.1,57
2026-10-10,32,2,wk inc flu hosp,2026-10-24,quantile,0.15,67
2026-10-10,32,2,wk inc flu hosp,2026-10-24,quantile,0.2,75
2026-10-10,32,2,wk inc flu hosp,2026-10-24,quantile,0.25,82
2026-10-10,32,2,wk inc flu hosp,2026-10-24,quantile,0.3,89
2026-10-10,32,2,wk inc flu hosp,2026-10-24,quantile,0.35,96
2026-10-10,32,2,wk inc flu hosp,2026-10-24,quantile,0.4,102
2026-10-10,32,2,wk inc flu hosp,2026-10-24,quantile,0.45,109
2026-10-10,32,2,wk inc flu hosp,2026-10-24,quantile,0.5,116
2026-10-10,32,2,wk inc flu hosp,2026-10-24,quantile,0.55,123
2026-10-10,32,2,wk inc flu hosp,2026-10-24,quantile,0.6,131
2026-10-10,32,2,wk inc flu hosp,2026-10-24,quantile,0.65,140
2026-10-10,32,2,wk inc flu hosp,2026-10-24,quantile,0.7,150
2026-10-10,32,2,wk inc flu hosp,2026-10-24,quantile,0.75,162
2026-10-10,32,2,wk inc flu hosp,2026-10-24,quantile,0.8,177
2026-10-10,32,2,wk inc flu hosp,2026-10-24,quantile,0.85,196
2026-10-10,32,2,wk inc flu hosp,2026-10-24,quantile,0.9,223
2026-10-10,32,2,wk inc flu hosp,2026-10-24,quantile,0.95,272
2026-10-10,32,2,wk inc flu hosp,2026-10-24,quantile,0.975,335
2026-10-10,32,2,wk inc flu hosp,2026-10-24,quantile,0.99,434
2026-10-10,32,3,wk inc flu hosp,2026-10-31,quantile,0.01,21
2026-10-10,32,3,wk inc flu hosp,2026-10-31,quantile,0.025,34
2026-10-10,32,3,wk inc flu hosp,2026-10-31,quantile,0.05,49
2026-10-10,32,3,wk inc flu hosp,2026-10-31,quantile,0.1,69
2026-10-10,32,3,wk inc flu hosp,2026-10-31,quantile,0.15,82
2026-10-10,32,3,wk inc flu hosp,2026-10-31,quantile,0.2,93
2026-10-10,32,3,wk inc flu hosp,2026-10-31,quantile,0.25,104
2026-10-10,32,3,wk inc flu hosp,2026-10-31,quantile,0.3,113
2026-10-10,32,3,wk inc flu hosp,2026-10-31,quantile,0.35,123
2026-10-10,32,3,wk inc flu hosp,2026-10-31,quantile,0.4,132
2026-10-10,32,3,wk inc flu hosp,2026-10-31,quantile,0.45,142
2026-10-10,32,3,wk inc flu hosp,2026-10-31,quantile,0.5,152
2026-10-10,32,3,wk inc flu hosp,2026-10-31,quantile,0.55,163
2026-10-10,32,3,wk inc flu hosp,2026-10-31,quantile,0.6,176
2026-10-10,32,3,wk inc flu hosp,2026-10-31,quantile,0.65,189
2026-10-10,32,3,wk inc flu hosp,2026-10-31,quantile,0.7,205
2026-10-10,32,3,wk inc flu hosp,2026-10-31,quantile,0.75,224
2026-10-10,32,3,wk inc flu hosp,2026-10-31,quantile,0.8,247
2026-10-10,32,3,wk inc flu hosp,2026-10-31,quantile,0.85,278
2026-10-10,32,3,wk inc flu hosp,2026-10-31,quantile,0.9,322
2026-10-10,32,3,wk inc flu hosp,2026-10-31,quantile,0.95,416
2026-10-10,32,3,wk inc flu hosp,2026-10-31,quantile,0.975,541
2026-10-10,32,3,wk inc flu hosp,2026-10-31,quantile,0.99,734
2026-10-10,33,0,wk inc flu hosp,2026-10-10,quantile,0.01,0
2026-10-10,33,0,wk inc flu hosp,2026-10-10,quantile,0.025,0
2026-10-10,33,0,wk inc flu hosp,2026-10-10,quantile,0.05,1
2026-10-10,33,0,wk inc flu hosp,2026-10-10,quantile,0.1,2
2026-10-10,33,0,wk inc flu hosp,2026-10-10,quantile,0.15,2
2026-10-10,33,0,wk inc flu hosp,2026-10-10,quantile,0.2,3
2026-10-10,33,0,wk inc flu hosp,2026-10-10,quantile,0.25,3
2026-10-10,33,0,wk inc flu hosp,2026-10-10,quantile,0.3,4
2026-10-10,33,0,wk inc flu hosp,2026-10-10,quantile,0.35,4
2026-10-10,33,0,wk inc flu hosp,2026-10-10,quantile,0.4,5
2026-10-10,33,0,wk inc flu hosp,2026-10-10,quantile,0.45,6
2026-10-10,33,0,wk inc flu hosp,2026-10-10,quantile,0.5,6
2026-10-10,33,0,wk inc flu hosp,2026-10-10,quantile,0.55,7
2026-10-10,33,0,wk inc flu hosp,2026-10-10,quantile,0.6,7
2026-10-10,33,0,wk inc flu hosp,2026-10-10,quantile,0.65,8
2026-10-10,33,0,wk inc flu hosp,2026-10-10,quantile,0.7,9
2026-10-10,33,0,wk inc flu hosp,2026-10-10,quantile,0.75,10
2026-10-10,33,0,wk inc flu hosp,2026-10-10,quantile,0.8,11
2026-10-10,33,0,wk inc flu hosp,2026-10-10,quantile,0.85,13
2026-10-10,33,0,wk inc flu hosp,2026-10-10,quantile,0.9,15
2026-10-10,33,0,wk inc flu hosp,2026-10-10,quantile,0.95,18
2026-10-10,33,0,wk inc flu hosp,2026-10-10,quantile,0.975,22
2026-10-10,33,0,wk inc flu hosp,2026-10-10,quantile,0.99,27
2026-10-10,33,1,wk inc flu hosp,2026-10-17,quantile,0.01,0
2026-10-10,33,1,wk inc flu hosp,2026-10-17,quantile,0.025,1
2026-10-10,33,1,wk inc flu hosp,2026-10-17,quantile,0.05,1
2026-10-10,33,1,wk inc flu hosp,2026-10-17,quantile,0.1,2
2026-10-10,33,1,wk inc flu hosp,2026-10-17,quantile,0.15,3
2026-10-10,33,1,wk inc flu hosp,2026-10-17,quantile,0.2,4
2026-10-10,33,1,wk inc flu hosp,2026-10-17,quantile,0.25,4
2026-10-10,33,1,wk inc flu hosp,2026-10-17,quantile,0.3,5
2026-10-10,33,1,wk inc flu hosp,2026-10-17,quantile,0.35,6
2026-10-10,33,1,wk inc flu hosp,2026-10-17,quantile,0.4,7
2026-10-10,33,1,wk inc flu hosp,2026-10-17,quantile,0.45,8
2026-10-10,33,1,wk inc flu hosp,2026-10-17,quantile,0.5,8
2026-10-10,33,1,wk inc flu hosp,2026-10-17,quantile,0.55,9
2026-10-10,33,1,wk inc flu hosp,2026-10-17,quantile,0.6,10
2026-10-10,33,1,wk inc flu hosp,2026-10-17,quantile,0.65,12
2026-10-10,33,1,wk inc flu hosp,2026-10-17,quantile,0.7,13
2026-10-10,33,1,wk inc flu hosp,2026-10-17,quantile,0.75,15
2026-10-10,33,1,wk inc flu hosp,2026-10-17,quantile,0.8,17
2026-10-10,33,1,wk inc flu hosp,2026-10-17,quantile,0.85,19
2026-10-10,33,1,wk inc flu hosp,2026-10-17,quantile,0.9,23
2026-10-10,33,1,wk inc flu hosp,2026-10-17,quantile,0.95,31
2026-10-10,33,1,wk inc flu hosp,2026-10-17,quantile,0.975,40
2026-10-10,33,1,wk inc flu hosp,2026-10-17,quantile,0.99,55
2026-10-10,33,2,wk inc flu hosp,2026-10-24,quantile,0.01,0
2026-10-10,33,2,wk inc flu hosp,2026-10-24,quantile,0.025,1
2026-10-10,33,2,wk inc flu hosp,2026-10-24,quantile,0.05,1
2026-10-10,33,2,wk inc flu hosp,2026-10-24,quantile,0.1,3
2026-10-10,33,2,wk inc flu hosp,2026-10-24,quantile,0.15,4
2026-10-10,33,2,wk inc flu hosp,2026-10-24,quantile,0.2,5
2026-10-10,33,2,wk inc flu hosp,2026-10-24,quantile,0.25,6
2026-10-10,33,2,wk inc flu hosp,2026-10-24,quantile,0.3,7
2026-10-10,33,2,wk inc flu hosp,2026-10-24,quantile,0.35,8
2026-10-10,33,2,wk inc flu hosp,2026-10-24,quantile,0.4,9
2026-10-10,33,2,wk inc flu hosp,2026-10-24,quantile,0.45,10
2026-10-10,33,2,wk inc flu hosp,2026-10-24,quantile,0.5,11
2026-10-10,33,2,wk inc flu hosp,2026-10-24,quantile,0.55,13
2026-10-10,33,2,wk inc flu hosp,2026-10-24,quantile,0.6,14
2026-10-10,33,2,wk inc flu hosp,2026-10-24,quantile,0.65,16
2026-10-10,33,2,wk inc flu hosp,2026-10-24,quantile,0.7,19
2026-10-10,33,2,wk inc flu hosp,2026-10-24,quantile,0.75,21
2026-10-10,33,2,wk inc flu hosp,2026-10-24,quantile,0.8,25
2026-10-10,33,2,wk inc flu hosp,2026-10-24,quantile,0.85,29
2026-10-10,33,2,wk inc flu hosp,2026-10-24,quantile,0.9,37
2026-10-10,33,2,wk inc flu hosp,2026-10-24,quantile,0.95,54
2026-10-10,33,2,wk inc flu hosp,2026-10-24,quantile,0.975,76
2026-10-10,33,2,wk inc flu hosp,2026-10-24,quantile,0.99,114
2026-10-10,33,3,wk inc flu hosp,2026-10-31,quantile,0.01,0
2026-10-10,33,3,wk inc flu hosp,2026-10-31,quantile,0.025,1
2026-10-10,33,3,wk inc flu hosp,2026-10-31,quantile,0.05,2
2026-10-10,33,3,wk inc flu hosp,2026-10-31,quantile,0.1,3
2026-10-10,33,3,wk inc flu hosp,2026-10-31,quantile,0.15,5
2026-10-10,33,3,wk inc flu hosp,2026-10-31,quantile,0.2,6
2026-10-10,33,3,wk inc flu hosp,2026-10-31,quantile,0.25,7
2026-10-10,33,3,wk inc flu hosp,2026-10-31,quantile,0.3,9
2026-10-10,33,3,wk inc flu hosp,2026-10-31,quantile,0.35,10
2026-10-10,33,3,wk inc flu hosp,2026-10-31,quantile,0.4,12
2026-10-10,33,3,wk inc flu hosp,2026-10-31,quantile,0.45,13
2026-10-10,33,3,wk inc flu hosp,2026-10-31,quantile,0.5,15
2026-10-10,33,3,wk inc flu hosp,2026-10-31,quantile,0.55,17
2026-10-10,33,3,wk inc flu hosp,2026-10-31,quantile,0.6,20
2026-10-10,33,3,wk inc flu hosp,2026-10-31,quantile,0.65,23
2026-10-10,33,3,wk inc flu hosp,2026-10-31,quantile,0.7,26
2026-10-10,33,3,wk inc flu hosp,2026-10-31,quantile,0.75,31
2026-10-10,33,3,wk inc flu hosp,2026-10-31,quantile,0.8,36
2026-10-10,33,3,wk inc flu hosp,2026-10-31,quantile,0.85,44
2026-10-10,33,3,wk inc flu hosp,2026-10-31,quantile,0.9,59
2026-10-10,33,3,wk inc flu hosp,2026-10-31,quantile,0.95,93
2026-10-10,33,3,wk inc flu hosp,2026-10-31,quantile,0.975,138
2026-10-10,33,3,wk inc flu hosp,2026-10-31,quantile,0.99,216
2026-10-10,34,0,wk inc flu hosp,2026-10-10,quantile,0.01,48
2026-10-10,34,0,wk inc flu hosp,2026-10-10,quantile,0.025,54
2026-10-10,34,0,wk inc flu hosp,2026-10-10,quantile,0.05,60
2026-10-10,34,0,wk inc flu hosp,2026-10-10,quantile,0.1,68
2026-10-10,34,0,wk inc flu hosp,2026-10-10,quantile,0.15,73
2026-10-10,34,0,wk inc flu hosp,2026-10-10,quantile,0.2,77
2026-10-10,34,0,wk inc flu hosp,2026-10-10,quantile,0.25,81
2026-10-10,34,0,wk inc flu hosp,2026-10-10,quantile,0.3,84
2026-10-10,34,0,wk inc flu hosp,2026-10-10,quantile,0.35,88
2026-10-10,34,0,wk inc flu hosp,2026-10-10,quantile,0.4,91
2026-10-10,34,0,wk inc flu hosp,2026-10-10,quantile,0.45,94
2026-10-10,34,0,wk inc flu hosp,2026-10-10,quantile,0.5,97
2026-10-10,34,0,wk inc flu hosp,2026-10-10,quantile,0.55,100
2026-10-10,34,0,wk inc flu hosp,2026-10-10,quantile,0.6,103
2026-10-10,34,0,wk inc flu hosp,2026-10-10,quantile,0.65,107
2026-10-10,34,0,wk inc flu hosp,2026-10-10,quantile,0.7,111
2026-10-10,34,0,wk inc flu hosp,2026-10-10,quantile,0.75,115
2026-10-10,34,0,wk inc flu hosp,2026-10-10,quantile,0.8,119
2026-10-10,34,0,wk inc flu hosp,2026-10-10,quantile,0.85,125
2026-10-10,34,0,wk inc flu hosp,2026-10-10,quantile,0.9,133
2026-10-10,34,0,wk inc flu hosp,2026-10-10,quantile,0.95,145
2026-10-10,34,0,wk inc flu hosp,2026-10-10,quantile,0.975,156
2026-10-10,34,0,wk inc flu hosp,2026-10-10,quantile,0.99,171
2026-10-10,34,1,wk inc flu hosp,2026-10-17,quantile,0.01,49
2026-10-10,34,1,wk inc flu hosp,2026-10-17,quantile,0.025,60
2026-10-10,34,1,wk inc flu hosp,2026-10-17,quantile,0.05,69
2026-10-10,34,1,wk inc flu hosp,2026-10-17,quantile,0.1,80
2026-10-10,34,1,wk inc flu hosp,2026-10-17,quantile,0.15,88
2026-10-10,34,1,wk inc flu hosp,2026-10-17,quantile,0.2,94
2026-10-10,34,1,wk inc flu hosp,2026-10-17,quantile,0.25,100
2026-10-10,34,1,wk inc flu hosp,2026-10-17,quantile,0.3,106
2026-10-10,34,1,wk inc flu hosp,2026-10-17,quantile,0.35,111
2026-10-10,34,1,wk inc flu hosp,2026-10-17,quantile,0.4,116
2026-10-10,34,1,wk inc flu hosp,2026-10-17,quantile,0.45,121
2026-10-10,34,1,wk inc flu hosp,2026-10-17,quantile,0.5,126
2026-10-10,34,1,wk inc flu hosp,2026-10-17,quantile,0.55,131
2026-10-10,34,1,wk inc flu hosp,2026-10-17,quantile,0.6,136
2026-10-10,34,1,wk inc flu hosp,2026-10-17,quantile,0.65,142
2026-10-10,34,1,wk inc flu hosp,2026-10-17,quantile,0.7,148
2026-10-10,34,1,wk inc flu hosp,2026-10-17,quantile,0.75,155
2026-10-10,34,1,wk inc flu hosp,2026-10-17,quantile,0.8,163
2026-10-10,34,1,wk inc flu hosp,2026-10-17,quantile,0.85,172
2026-10-10,34,1,wk inc flu hosp,2026-10-17,quantile,0.9,186
2026-10-10,34,1,wk inc flu hosp,2026-10-17,quantile,0.95,208
2026-10-10,34,1,wk inc flu hosp,2026-10-17,quantile,0.975,231
2026-10-10,34,1,wk inc flu hosp,2026-10-17,quantile,0.99,265
2026-10-10,34,2,wk inc flu hosp,2026-10-24,quantile,0.01,48
2026-10-10,34,2,wk inc flu hosp,2026-10-24,quantile,0.025,64
2026-10-10,34,2,wk inc flu hosp,2026-10-24,quantile,0.05,77
2026-10-10,34,2,wk inc flu hosp,2026-10-24,quantile,0.1,93
2026-10-10,34,2,wk inc flu hosp,2026-10-24,quantile,0.15,104
2026-10-10,34,2,wk inc flu hosp,2026-10-24,quantile,0.2,114
2026-10-10,34,2,wk inc flu hosp,2026-10-24,quantile,0.25,123
2026-10-10,34,2,wk inc flu hosp,2026-10-24,quantile,0.3,131
2026-10-10,34,2,wk inc flu hosp,2026-10-24,quantile,0.35,139
2026-10-10,34,2,wk inc flu hosp,2026-10-24,quantile,0.4,146
2026-10-10,34,2,wk inc flu hosp,2026-10-24,quantile,0.45,154
2026-10-10,34,2,wk inc flu hosp,2026-10-24,quantile,0.5,162
2026-10-10,34,2,wk inc flu hosp,2026-10-24,quantile,0.55,170
2026-10-10,34,2,wk inc flu hosp,2026-10-24,quantile,0.6,178
2026-10-10,34,2,wk inc flu hosp,2026-10-24,quantile,0.65,187
2026-10-10,34,2,wk inc flu hosp,2026-10-24,quantile,0.7,197
2026-10-10,34,2,wk inc flu hosp,2026-10-24,quantile,0.75,208
2026-10-10,34,2,wk inc flu hosp,2026-10-24,quantile,0.8,221
2026-10-10,34,2,wk inc flu hosp,2026-10-24,quantile,0.85,237
2026-10-10,34,2,wk inc flu hosp,2026-10-24,quantile,0.9,260
2026-10-10,34,2,wk inc flu hosp,2026-10-24,quantile,0.95,302
2026-10-10,34,2,wk inc flu hosp,2026-10-24,quantile,0.975,350
2026-10-10,34,2,wk inc flu hosp,2026-10-24,quantile,0.99,427
2026-10-10,34,3,wk inc flu hosp,2026-10-31,quantile,0.01,47
2026-10-10,34,3,wk inc flu hosp,2026-10-31,quantile,0.025,67
2026-10-10,34,3,wk inc flu hosp,2026-10-31,quantile,0.05,85
2026-10-10,34,3,wk inc flu hosp,2026-10-31,quantile,0.1,107
2026-10-10,34,3,wk inc flu hosp,2026-10-31,quantile,0.15,123
2026-10-10,34,3,wk inc flu hosp,2026-10-31,quantile,0.2,136
2026-10-10,34,3,wk inc flu hosp,2026-10-31,quantile,0.25,149
2026-10-10,34,3,wk inc flu hosp,2026-10-31,quantile,0.3,160
2026-10-10,34,3,wk inc flu hosp,2026-10-31,quantile,0.35,172
2026-10-10,34,3,wk inc flu hosp,2026-10-31,quantile,0.4,183
2026-10-10,34,3,wk inc flu hosp,2026-10-31,quantile,0.45,194
2026-10-10,34,3,wk inc flu hosp,2026-10-31,quantile,0.5,206
2026-10-10,34,3,wk inc flu hosp,2026-10-31,quantile,0.55,218
2026-10-10,34,3,wk inc flu hosp,2026-10-31,quantile,0.6,230
2026-10-10,34,3,wk inc flu hosp,2026-10-31,quantile,0.65,244
2026-10-10,34,3,wk inc flu hosp,2026-10-31,quantile,0.7,259
2026-10-10,34,3,wk inc flu hosp,2026-10-31,quantile,0.75,276
2026-10-10,34,3,wk inc flu hosp,2026-10-31,quantile,0.8,296
2026-10-10,34,3,wk inc flu hosp,2026-10-31,quantile,0.85,323
2026-10-10,34,3,wk inc flu hosp,2026-10-31,quantile,0.9,361
2026-10-10,34,3,wk inc flu hosp,2026-10-31,quantile,0.95,435
2026-10-10,34,3,wk inc flu hosp,2026-10-31,quantile,0.975,526
2026-10-10,34,3,wk inc flu hosp,2026-10-31,quantile,0.99,683
2026-10-10,35,0,wk inc flu hosp,2026-10-10,quantile,0.01,2
2026-10-10,35,0,wk inc flu hosp,2026-10-10,quantile,0.025,4
2026-10-10,35,0,wk inc flu hosp,2026-10-10,quantile,0.05,5
2026-10-10,35,0,wk inc flu hosp,2026-10-10,quantile,0.1,6
2026-10-10,35,0,wk inc flu hosp,2026-10-10,quantile,0.15,8
2026-10-10,35,0,wk inc flu hosp,2026-10-10,quantile,0.2,9
2026-10-10,35,0,wk inc flu hosp,2026-10-10,quantile,0.25,10
2026-10-10,35,0,wk inc flu hosp,2026-10-10,quantile,0.3,10
2026-10-10,35,0,wk inc flu hosp,2026-10-10,quantile,0.35,11
2026-10-10,35,0,wk inc flu hosp,2026-10-10,quantile,0.4,12
2026-10-10,35,0,wk inc flu hosp,2026-10-10,quantile,0.45,13
2026-10-10,35,0,wk inc flu hosp,2026-10-10,quantile,0.5,14
2026-10-10,35,0,wk inc flu hosp,2026-10-10,quantile,0.55,15
2026-10-10,35,0,wk inc flu hosp,2026-10-10,quantile,0.6,16
2026-10-10,35,0,wk inc flu hosp,2026-10-10,quantile,0.65,17
2026-10-10,35,0,wk inc flu hosp,2026-10-10,quantile,0.7,18
2026-10-10,35,0,wk inc flu hosp,2026-10-10,quantile,0.75,19
2026-10-10,35,0,wk inc flu hosp,2026-10-10,quantile,0.8,21
2026-10-10,35,0,wk inc flu hosp,2026-10-10,quantile,0.85,23
2026-10-10,35,0,wk inc flu hosp,2026-10-10,quantile,0.9,26
2026-10-10,35,0,wk inc flu hosp,2026-10-10,quantile,0.95,30
2026-10-10,35,0,wk inc flu hosp,2026-10-10,quantile,0.975,34
2026-10-10,35,0,wk inc flu hosp,2026-10-10,quantile,0.99,40
2026-10-10,35,1,wk inc flu hosp,2026-10-17,quantile,0.01,3
2026-10-10,35,1,wk inc flu hosp,2026-10-17,quantile,0.025,4
2026-10-10,35,1,wk inc flu hosp,2026-10-17,quantile,0.05,6
2026-10-10,35,1,wk inc flu hosp,2026-10-17,quantile,0.1,8
2026-10-10,35,1,wk inc flu hosp,2026-10-17,quantile,0.15,10
2026-10-10,35,1,wk inc flu hosp,2026-10-17,quantile,0.2,11
2026-10-10,35,1,wk inc flu hosp,2026-10-17,quantile,0.25,12
2026-10-10,35,1,wk inc flu hosp,2026-10-17,quantile,0.3,14
2026-10-10,35,1,wk inc flu hosp,2026-10-17,quantile,0.35,15
2026-10-10,35,1,wk inc flu hosp,2026-10-17,quantile,0.4,16
2026-10-10,35,1,wk inc flu hosp,2026-10-17,quantile,0.45,17
2026-10-10,35,1,wk inc flu hosp,2026-10-17,quantile,0.5,19
2026-10-10,35,1,wk inc flu hosp,2026-10-17,quantile,0.55,20
2026-10-10,35,1,wk inc flu hosp,2026-10-17,quantile,0.6,22
2026-10-10,35,1,wk inc flu hosp,2026-10-17,quantile,0.65,23
2026-10-10,35,1,wk inc flu hosp,2026-10-17,quantile,0.7,25
2026-10-10,35,1,wk inc flu hosp,2026-10-17,quantile,0.75,27
2026-10-10,35,1,wk inc flu hosp,2026-10-17,quantile,0.8,30
2026-10-10,35,1,wk inc flu hosp,2026-10-17,quantile,0.85,34
2026-10-10,35,1,wk inc flu hosp,2026-10-17,quantile,0.9,38
2026-10-10,35,1,wk inc flu hosp,2026-10-17,quantile,0.95,47
2026-10-10,35,1,wk inc flu hosp,2026-10-17,quantile,0.975,55
2026-10-10,35,1,wk inc flu hosp,2026-10-17,quantile,0.99,67
2026-10-10,35,2,wk inc flu hosp,2026-10-24,quantile,0.01,3
2026-10-10,35,2,wk inc flu hosp,2026-10-24,quantile,0.025,5
2026-10-10,35,2,wk inc flu hosp,2026-10-24,quantile,0.05,7
2026-10-10,35,2,wk inc flu hosp,2026-10-24,quantile,0.1,10
2026-10-10,35,2,wk inc flu hosp,2026-10-24,quantile,0.15,12
2026-10-10,35,2,wk inc flu hosp,2026-10-24,quantile,0.2,14
2026-10-10,35,2,wk inc flu hosp,2026-10-24,quantile,0.25,16
2026-10-10,35,2,wk inc flu hosp,2026-10-24,quantile,0.3,17
2026-10-10,35,2,wk inc flu hosp,2026-10-24,quantile,0.35,19
2026-10-10,35,2,wk inc flu hosp,2026-10-24,quantile,0.4,21
2026-10-10,35,2,wk inc flu hosp,2026-10-24,quantile,0.45,23
2026-10-10,35,2,wk inc flu hosp,2026-10-24,quantile,0.5,25
2026-10-10,35,2,wk inc flu hosp,2026-10-24,quantile,0.55,27
2026-10-10,35,2,wk inc flu hosp,2026-10-24,quantile,0.6,30
2026-10-10,35,2,wk inc flu hosp,2026-10-24,quantile,0.65,32
2026-10-10,35,2,wk inc flu hosp,2026-10-24,quantile,0.7,35
2026-10-10,35,2,wk inc flu hosp,2026-10-24,quantile,0.75,39
2026-10-10,35,2,wk inc flu hosp,2026-10-24,quantile,0.8,43
2026-10-10,35,2,wk inc flu hosp,2026-10-24,quantile,0.85,49
2026-10-10,35,2,wk inc flu hosp,2026-10-24,quantile,0.9,58
2026-10-10,35,2,wk inc flu hosp,2026-10-24,quantile,0.95,74
2026-10-10,35,2,wk inc flu hosp,2026-10-24,quantile,0.975,91
2026-10-10,35,2,wk inc flu hosp,2026-10-24,quantile,0.99,116
2026-10-10,35,3,wk inc flu hosp,2026-10-31,quantile,0.01,2
2026-10-10,35,3,wk inc flu hosp,2026-10-31,quantile,0.025,5
2026-10-10,35,3,wk inc flu hosp,2026-10-31,quantile,0.05,8
2026-10-10,35,3,wk inc flu hosp,2026-10-31,quantile,0.1,12
2026-10-10,35,3,wk inc flu hosp,2026-10-31,quantile,0.15,15
2026-10-10,35,3,wk inc flu hosp,2026-10-31,quantile,0.2,17
2026-10-10,35,3,wk inc flu hosp,2026-10-31,quantile,0.25,20
2026-10-10,35,3,wk inc flu hosp,2026-10-31,quantile,0.3,22
2026-10-10,35,3,wk inc flu hosp,2026-10-31,quantile,0.35,25
2026-10-10,35,3,wk inc flu hosp,2026-10-31,quantile,0.4,27
2026-10-10,35,3,wk inc flu hosp,2026-10-31,quantile,0.45,30
2026-10-10,35,3,wk inc flu hosp,2026-10-31,quantile,0.5,33
2026-10-10,35,3,wk inc flu hosp,2026-10-31,quantile,0.55,36
2026-10-10,35,3,wk inc flu hosp,2026-10-31,quantile,0.6,40
2026-10-10,35,3,wk inc flu hosp,2026-10-31,quantile,0.65,44
2026-10-10,35,3,wk inc flu hosp,2026-10-31,quantile,0.7,49
2026-10-10,35,3,wk inc flu hosp,2026-10-31,quantile,0.75,55
2026-10-10,35,3,wk inc flu hosp,2026-10-31,quantile,0.8,62
2026-10-10,35,3,wk inc flu hosp,2026-10-31,quantile,0.85,72
2026-10-10,35,3,wk inc flu hosp,2026-10-31,quantile,0.9,87
2026-10-10,35,3,wk inc flu hosp,2026-10-31,quantile,0.95,115
2026-10-10,35,3,wk inc flu hosp,2026-10-31,quantile,0.975,147
2026-10-10,35,3,wk inc flu hosp,2026-10-31,quantile,0.99,196
2026-10-10,36,0,wk inc flu hosp,2026-10-10,quantile,0.01,103
2026-10-10,36,0,wk inc flu hosp,2026-10-10,quantile,0.025,116
2026-10-10,36,0,wk inc flu hosp,2026-10-10,quantile,0.05,128
2026-10-10,36,0,wk inc flu hosp,2026-10-10,quantile,0.1,142
2026-10-10,36,0,wk inc flu hosp,2026-10-10,quantile,0.15,151
2026-10-10,36,0,wk inc flu hosp,2026-10-10,quantile,0.2,159
2026-10-10,36,0,wk inc flu hosp,2026-10-10,quantile,0.25,165
2026-10-10,36,0,wk inc flu hosp,2026-10-10,quantile,0.3,171
2026-10-10,36,0,wk inc flu hosp,2026-10-10,quantile,0.35,177
2026-10-10,36,0,wk inc flu hosp,2026-10-10,quantile,0.4,183
2026-10-10,36,0,wk inc flu hosp,2026-10-10,quantile,0.45,188
2026-10-10,36,0,wk inc flu hosp,2026-10-10,quantile,0.5,194
2026-10-10,36,0,wk inc flu hosp,2026-10-10,quantile,0.55,200
2026-10-10,36,0,wk inc flu hosp,2026-10-10,quantile,0.6,206
2026-10-10,36,0,wk inc flu hosp,2026-10-10,quantile,0.65,212
2026-10-10,36,0,wk inc flu hosp,2026-10-10,quantile,0.7,219
2026-10-10,36,0,wk inc flu hosp,2026-10-10,quantile,0.75,226
2026-10-10,36,0,wk inc flu hosp,2026-10-10,quantile,0.8,235
2026-10-10,36,0,wk inc flu hosp,2026-10-10,quantile,0.85,245
2026-10-10,36,0,wk inc flu hosp,2026-10-10,quantile,0.9,259
2026-10-10,36,0,wk inc flu hosp,2026-10-10,quantile,0.95,281
2026-10-10,36,0,wk inc flu hosp,2026-10-10,quantile,0.975,303
2026-10-10,36,0,wk inc flu hosp,2026-10-10,quantile,0.99,330
2026-10-10,36,1,wk inc flu hosp,2026-10-17,quantile,0.01,113
2026-10-10,36,1,wk inc flu hosp,2026-10-17,quantile,0.025,136
2026-10-10,36,1,wk inc flu hosp,2026-10-17,quantile,0.05,156
2026-10-10,36,1,wk inc flu hosp,2026-10-17,quantile,0.1,179
2026-10-10,36,1,wk inc flu hosp,2026-10-17,quantile,0.15,194
2026-10-10,36,1,wk inc flu hosp,2026-10-17,quantile,0.2,207
2026-10-10,36,1,wk inc flu hosp,2026-10-17,quantile,0.25,218
2026-10-10,36,1,wk inc flu hosp,2026-10-17,quantile,0.3,228
2026-10-10,36,1,wk inc flu hosp,2026-10-17,quantile,0.35,238
2026-10-10,36,1,wk inc flu hosp,2026-10-17,quantile,0.4,247
2026-10-10,36,1,wk inc flu hosp,2026-10-17,quantile,0.45,257
2026-10-10,36,1,wk inc flu hosp,2026-10-17,quantile,0.5,266
2026-10-10,36,1,wk inc flu hosp,2026-10-17,quantile,0.55,276
2026-10-10,36,1,wk inc flu hosp,2026-10-17,quantile,0.6,287
2026-10-10,36,1,wk inc flu hosp,2026-10-17,quantile,0.65,298
2026-10-10,36,1,wk inc flu hosp,2026-10-17,quantile,0.7,311
2026-10-10,36,1,wk inc flu hosp,2026-10-17,quantile,0.75,325
2026-10-10,36,1,wk inc flu hosp,2026-10-17,quantile,0.8,341
2026-10-10,36,1,wk inc flu hosp,2026-10-17,quantile,0.85,361
2026-10-10,36,1,wk inc flu hosp,2026-10-17,quantile,0.9,390
2026-10-10,36,1,wk inc flu hosp,2026-10-17,quantile,0.95,438
2026-10-10,36,1,wk inc flu hosp,2026-10-17,quantile,0.975,487
2026-10-10,36,1,wk inc flu hosp,2026-10-17,quantile,0.99,552
2026-10-10,36,2,wk inc flu hosp,2026-10-24,quantile,0.01,119
2026-10-10,36,2,wk inc flu hosp,2026-10-24,quantile,0.025,153
2026-10-10,36,2,wk inc flu hosp,2026-10-24,quantile,0.05,185
2026-10-10,36,2,wk inc flu hosp,2026-10-24,quantile,0.1,221
2026-10-10,36,2,wk inc flu hosp,2026-10-24,quantile,0.15,246
2026-10-10,36,2,wk inc flu hosp,2026-10-24,quantile,0.2,265
2026-10-10,36,2,wk inc flu hosp,2026-10-24,quantile,0.25,283
2026-10-10,36,2,wk inc flu hosp,2026-10-24,quantile,0.3,298
2026-10-10,36,2,wk inc flu hosp,2026-10-24,quantile,0.35,314
2026-10-10,36,2,wk inc flu hosp,2026-10-24,quantile,0.4,329
2026-10-10,36,2,wk inc flu hosp,2026-10-24,quantile,0.45,345
2026-10-10,36,2,wk inc flu hosp,2026-10-24,quantile,0.5,361
2026-10-10,36,2,wk inc flu hosp,2026-10-24,quantile,0.55,378
2026-10-10,36,2,wk inc flu hosp,2026-10-24,quantile,0.6,396
2026-10-10,36,2,wk inc flu hosp,2026-10-24,quantile,0.65,415
2026-10-10,36,2,wk inc flu hosp,2026-10-24,quantile,0.7,436
2026-10-10,36,2,wk inc flu hosp,2026-10-24,quantile,0.75,460
2026-10-10,36,2,wk inc flu hosp,2026-10-24,quantile,0.8,490
2026-10-10,36,2,wk inc flu hosp,2026-10-24,quantile,0.85,528
2026-10-10,36,2,wk inc flu hosp,2026-10-24,quantile,0.9,585
2026-10-10,36,2,wk inc flu hosp,2026-10-24,quantile,0.95,686
2026-10-10,36,2,wk inc flu hosp,2026-10-24,quantile,0.975,790
2026-10-10,36,2,wk inc flu hosp,2026-10-24,quantile,0.99,935
2026-10-10,36,3,wk inc flu hosp,2026-10-31,quantile,0.01,124
2026-10-10,36,3,wk inc flu hosp,2026-10-31,quantile,0.025,171
2026-10-10,36,3,wk inc flu hosp,2026-10-31,quantile,0.05,216
2026-10-10,36,3,wk inc flu hosp,2026-10-31,quantile,0.1,270
2026-10-10,36,3,wk inc flu hosp,2026-10-31,quantile,0.15,307
2026-10-10,36,3,wk inc flu hosp,2026-10-31,quantile,0.2,336
2026-10-10,36,3,wk inc flu hosp,2026-10-31,quantile,0.25,361
2026-10-10,36,3,wk inc flu hosp,2026-10-31,quantile,0.3,385
2026-10-10,36,3,wk inc flu hosp,2026-10-31,quantile,0.35,408
2026-10-10,36,3,wk inc flu hosp,2026-10-31,quantile,0.4,431
2026-10-10,36,3,wk inc flu hosp,2026-10-31,quantile,0.45,455
2026-10-10,36,3,wk inc flu hosp,2026-10-31,quantile,0.5,479
2026-10-10,36,3,wk inc flu hosp,2026-10-31,quantile,0.55,506
2026-10-10,36,3,wk inc flu hosp,2026-10-31,quantile,0.6,534
2026-10-10,36,3,wk inc flu hosp,2026-10-31,quantile,0.65,565
2026-10-10,36,3,wk inc flu hosp,2026-10-31,quantile,0.7,599
2026-10-10,36,3,wk inc flu hosp,2026-10-31,quantile,0.75,639
2026-10-10,36,3,wk inc flu hosp,2026-10-31,quantile,0.8,690
2026-10-10,36,3,wk inc flu hosp,2026-10-31,quantile,0.85,759
2026-10-10,36,3,wk inc flu hosp,2026-10-31,quantile,0.9,864
2026-10-10,36,3,wk inc flu hosp,2026-10-31,quantile,0.95,1054
2026-10-10,36,3,wk inc flu hosp,2026-10-31,quantile,0.975,1257
2026-10-10,36,3,wk inc flu hosp,2026-10-31,quantile,0.99,1555
2026-10-10,37,0,wk inc flu hosp,2026-10-10,quantile,0.01,53
2026-10-10,37,0,wk inc flu hosp,2026-10-10,quantile,0.025,60
2026-10-10,37,0,wk inc flu hosp,2026-10-10,quantile,0.05,67
2026-10-10,37,0,wk inc flu hosp,2026-10-10,quantile,0.1,75
2026-10-10,37,0,wk inc flu hosp,2026-10-10,quantile,0.15,81
2026-10-10,37,0,wk inc flu hosp,2026-10-10,quantile,0.2,85
2026-10-10,37,0,wk inc flu hosp,2026-10-10,quantile,0.25,89
2026-10-10,37,0,wk inc flu hosp,2026-10-10,quantile,0.3,93
2026-10-10,37,0,wk inc flu hosp,2026-10-10,quantile,0.35,97
2026-10-10,37,0,wk inc flu hosp,2026-10-10,quantile,0.4,101
2026-10-10,37,0,wk inc flu hosp,2026-10-10,quantile,0.45,104
2026-10-10,37,0,wk inc flu hosp,2026-10-10,quantile,0.5,108
2026-10-10,37,0,wk inc flu hosp,2026-10-10,quantile,0.55,112
2026-10-10,37,0,wk inc flu hosp,2026-10-10,quantile,0.6,116
2026-10-10,37,0,wk inc flu hosp,2026-10-10,quantile,0.65,120
2026-10-10,37,0,wk inc flu hosp,2026-10-10,quantile,0.7,125
2026-10-10,37,0,wk inc flu hosp,2026-10-10,quantile,0.75,130
2026-10-10,37,0,wk inc flu hosp,2026-10-10,quantile,0.8,136
2026-10-10,37,0,wk inc flu hosp,2026-10-10,quantile,0.85,143
2026-10-10,37,0,wk inc flu hosp,2026-10-10,quantile,0.9,153
2026-10-10,37,0,wk inc flu hosp,2026-10-10,quantile,0.95,170
2026-10-10,37,0,wk inc flu hosp,2026-10-10,quantile,0.975,185
2026-10-10,37,0,wk inc flu hosp,2026-10-10,quantile,0.99,206
2026-10-10,37,1,wk inc flu hosp,2026-10-17,quantile,0.01,58
2026-10-10,37,1,wk inc flu hosp,2026-10-17,quantile,0.025,71
2026-10-10,37,1,wk inc flu hosp,2026-10-17,quantile,0.05,83
2026-10-10,37,1,wk inc flu hosp,2026-10-17,quantile,0.1,96
2026-10-10,37,1,wk inc flu hosp,2026-10-17,quantile,0.15,106
2026-10-10,37,1,wk inc flu hosp,2026-10-17,quantile,0.2,114
2026-10-10,37,1,wk inc flu hosp,2026-10-17,quantile,0.25,121
2026-10-10,37,1,wk inc flu hosp,2026-10-17,quantile,0.3,128
2026-10-10,37,1,wk inc flu hosp,2026-10-17,quantile,0.35,135
2026-10-10,37,1,wk inc flu hosp,2026-10-17,quantile,0.4,141
2026-10-10,37,1,wk inc flu hosp,2026-10-17,quantile,0.45,148
2026-10-10,37,1,wk inc flu hosp,2026-10-17,quantile,0.5,155
2026-10-10,37,1,wk inc flu hosp,2026-10-17,quantile,0.55,162
2026-10-10,37,1,wk inc flu hosp,2026-10-17,quantile,0.6,170
2026-10-10,37,1,wk inc flu hosp,2026-10-17,quantile,0.65,179
2026-10-10,37,1,wk inc flu hosp,2026-10-17,quantile,0.7,188
2026-10-10,37,1,wk inc flu hosp,2026-10-17,quantile,0.75,199
2026-10-10,37,1,wk inc flu hosp,2026-10-17,quantile,0.8,212
2026-10-10,37,1,wk inc flu hosp,2026-10-17,quantile,0.85,229
2026-10-10,37,1,wk inc flu hosp,2026-10-17,quantile,0.9,253
2026-10-10,37,1,wk inc flu hosp,2026-10-17,quantile,0.95,293
2026-10-10,37,1,wk inc flu hosp,2026-10-17,quantile,0.975,333
2026-10-10,37,1,wk inc flu hosp,2026-10-17,quantile,0.99,387
2026-10-10,37,2,wk inc flu hosp,2026-10-24,quantile,0.01,57
2026-10-10,37,2,wk inc flu hosp,2026-10-24,quantile,0.025,79
2026-10-10,37,2,wk inc flu hosp,2026-10-24,quantile,0.05,98
2026-10-10,37,2,wk inc flu hosp,2026-10-24,quantile,0.1,121
2026-10-10,37,2,wk inc flu hosp,2026-10-24,quantile,0.15,136
2026-10-10,37,2,wk inc flu hosp,2026-10-24,quantile,0.2,149
2026-10-10,37,2,wk inc flu hosp,2026-10-24,quantile,0.25,161
2026-10-10,37,2,wk inc flu hosp,2026-10-24,quantile,0.3,172
2026-10-10,37,2,wk inc flu hosp,2026-10-24,quantile,0.35,184
2026-10-10,37,2,wk inc flu hosp,2026-10-24,quantile,0.4,195
2026-10-10,37,2,wk inc flu hosp,2026-10-24,quantile,0.45,206
2026-10-10,37,2,wk inc flu hosp,2026-10-24,quantile,0.5,218
2026-10-10,37,2,wk inc flu hosp,2026-10-24,quantile,0.55,231
2026-10-10,37,2,wk inc flu hosp,2026-10-24,quantile,0.6,245
2026-10-10,37,2,wk inc flu hosp,2026-10-24,quantile,0.65,261
2026-10-10,37,2,wk inc flu hosp,2026-10-24,quantile,0.7,279
2026-10-10,37,2,wk inc flu hosp,2026-10-24,quantile,0.75,301
2026-10-10,37,2,wk inc flu hosp,2026-10-24,quantile,0.8,327
2026-10-10,37,2,wk inc flu hosp,2026-10-24,quantile,0.85,362
2026-10-10,37,2,wk inc flu hosp,2026-10-24,quantile,0.9,412
2026-10-10,37,2,wk inc flu hosp,2026-10-24,quantile,0.95,500
2026-10-10,37,2,wk inc flu hosp,2026-10-24,quantile,0.975,591
2026-10-10,37,2,wk inc flu hosp,2026-10-24,quantile,0.99,716
2026-10-10,37,3,wk inc flu hosp,2026-10-31,quantile,0.01,57
2026-10-10,37,3,wk inc flu hosp,2026-10-31,quantile,0.025,87
2026-10-10,37,3,wk inc flu hosp,2026-10-31,quantile,0.05,115
2026-10-10,37,3,wk inc flu hosp,2026-10-31,quantile,0.1,149
2026-10-10,37,3,wk inc flu hosp,2026-10-31,quantile,0.15,173
2026-10-10,37,3,wk inc flu hosp,2026-10-31,quantile,0.2,193
2026-10-10,37,3,wk inc flu hosp,2026-10-31,quantile,0.25,211
2026-10-10,37,3,wk inc flu hosp,2026-10-31,quantile,0.3,228
2026-10-10,37,3,wk inc flu hosp,2026-10-31,quantile,0.35,245
2026-10-10,37,3,wk inc flu hosp,2026-10-31,quantile,0.4,262
2026-10-10,37,3,wk inc flu hosp,2026-10-31,quantile,0.45,281
2026-10-10,37,3,wk inc flu hosp,2026-10-31,quantile,0.5,300
2026-10-10,37,3,wk inc flu hosp,2026-10-31,quantile,0.55,321
2026-10-10,37,3,wk inc flu hosp,2026-10-31,quantile,0.6,345
2026-10-10,37,3,wk inc flu hosp,2026-10-31,quantile,0.65,371
2026-10-10,37,3,wk inc flu hosp,2026-10-31,quantile,0.7,403
2026-10-10,37,3,wk inc flu hosp,2026-10-31,quantile,0.75,441
2026-10-10,37,3,wk inc flu hosp,2026-10-31,quantile,0.8,489
2026-10-10,37,3,wk inc flu hosp,2026-10-31,quantile,0.85,553
2026-10-10,37,3,wk inc flu hosp,2026-10-31,quantile,0.9,647
2026-10-10,37,3,wk inc flu hosp,2026-10-31,quantile,0.95,816
2026-10-10,37,3,wk inc flu hosp,2026-10-31,quantile,0.975,994
2026-10-10,37,3,wk inc flu hosp,2026-10-31,quantile,0.99,1250
2026-10-10,38,0,wk inc flu hosp,2026-10-10,quantile,0.01,0
2026-10-10,38,0,wk inc flu hosp,2026-10-10,quantile,0.025,1
2026-10-10,38,0,wk inc flu hosp,2026-10-10,quantile,0.05,1
2026-10-10,38,0,wk inc flu hosp,2026-10-10,quantile,0.1,2
2026-10-10,38,0,wk inc flu hosp,2026-10-10,quantile,0.15,3
2026-10-10,38,0,wk inc flu hosp,2026-10-10,quantile,0.2,3
2026-10-10,38,0,wk inc flu hosp,2026-10-10,quantile,0.25,4
2026-10-10,38,0,wk inc flu hosp,2026-10-10,quantile,0.3,4
2026-10-10,38,0,wk inc flu hosp,2026-10-10,quantile,0.35,5
2026-10-10,38,0,wk inc flu hosp,2026-10-10,quantile,0.4,5
2026-10-10,38,0,wk inc flu hosp,2026-10-10,quantile,0.45,6
2026-10-10,38,0,wk inc flu hosp,2026-10-10,quantile,0.5,6
2026-10-10,38,0,wk inc flu hosp,2026-10-10,quantile,0.55,7
2026-10-10,38,0,wk inc flu hosp,2026-10-10,quantile,0.6,8
2026-10-10,38,0,wk inc flu hosp,2026-10-10,quantile,0.65,8
2026-10-10,38,0,wk inc flu hosp,2026-10-10,quantile,0.7,9
2026-10-10,38,0,wk inc flu hosp,2026-10-10,quantile,0.75,10
2026-10-10,38,0,wk inc flu hosp,2026-10-10,quantile,0.8,11
2026-10-10,38,0,wk inc flu hosp,2026-10-10,quantile,0.85,12
2026-10-10,38,0,wk inc flu hosp,2026-10-10,quantile,0.9,14
2026-10-10,38,0,wk inc flu hosp,2026-10-10,quantile,0.95,17
2026-10-10,38,0,wk inc flu hosp,2026-10-10,quantile,0.975,20
2026-10-10,38,0,wk inc flu hosp,2026-10-10,quantile,0.99,24
2026-10-10,38,1,wk inc flu hosp,2026-10-17,quantile,0.01,0
2026-10-10,38,1,wk inc flu hosp,2026-10-17,quantile,0.025,1
2026-10-10,38,1,wk inc flu hosp,2026-10-17,quantile,0.05,1
2026-10-10,38,1,wk inc flu hosp,2026-10-17,quantile,0.1,3
2026-10-10,38,1,wk inc flu hosp,2026-10-17,quantile,0.15,3
2026-10-10,38,1,wk inc flu hosp,2026-10-17,quantile,0.2,4
2026-10-10,38,1,wk inc flu hosp,2026-10-17,quantile,0.25,5
2026-10-10,38,1,wk inc flu hosp,2026-10-17,quantile,0.3,6
2026-10-10,38,1,wk inc flu hosp,2026-10-17,quantile,0.35,6
2026-10-10,38,1,wk inc flu hosp,2026-10-17,quantile,0.4,7
2026-10-10,38,1,wk inc flu hosp,2026-10-17,quantile,0.45,8
2026-10-10,38,1,wk inc flu hosp,2026-10-17,quantile,0.5,9
2026-10-10,38,1,wk inc flu hosp,2026-10-17,quantile,0.55,10
2026-10-10,38,1,wk inc flu hosp,2026-10-17,quantile,0.6,11
2026-10-10,38,1,wk inc flu hosp,2026-10-17,quantile,0.65,12
2026-10-10,38,1,wk inc flu hosp,2026-10-17,quantile,0.7,13
2026-10-10,38,1,wk inc flu hosp,2026-10-17,quantile,0.75,14
2026-10-10,38,1,wk inc flu hosp,2026-10-17,quantile,0.8,16
2026-10-10,38,1,wk inc flu hosp,2026-10-17,quantile,0.85,18
2026-10-10,38,1,wk inc flu hosp,2026-10-17,quantile,0.9,21
2026-10-10,38,1,wk inc flu hosp,2026-10-17,quantile,0.95,26
2026-10-10,38,1,wk inc flu hosp,2026-10-17,quantile,0.975,31
2026-10-10,38,1,wk inc flu hosp,2026-10-17,quantile,0.99,39
2026-10-10,38,2,wk inc flu hosp,2026-10-24,quantile,0.01,0
2026-10-10,38,2,wk inc flu hosp,2026-10-24,quantile,0.025,1
2026-10-10,38,2,wk inc flu hosp,2026-10-24,quantile,0.05,2
2026-10-10,38,2,wk inc flu hosp,2026-10-24,quantile,0.1,3
2026-10-10,38,2,wk inc flu hosp,2026-10-24,quantile,0.15,4
2026-10-10,38,2,wk inc flu hosp,2026-10-24,quantile,0.2,5
2026-10-10,38,2,wk inc flu hosp,2026-10-24,quantile,0.25,6
2026-10-10,38,2,wk inc flu hosp,2026-10-24,quantile,0.3,7
2026-10-10,38,2,wk inc flu hosp,2026-10-24,quantile,0.35,8
2026-10-10,38,2,wk inc flu hosp,2026-10-24,quantile,0.4,9
2026-10-10,38,2,wk inc flu hosp,2026-10-24,quantile,0.45,11
2026-10-10,38,2,wk inc flu hosp,2026-10-24,quantile,0.5,12
2026-10-10,38,2,wk inc flu hosp,2026-10-24,quantile,0.55,13
2026-10-10,38,2,wk inc flu hosp,2026-10-24,quantile,0.6,14
2026-10-10,38,2,wk inc flu hosp,2026-10-24,quantile,0.65,16
2026-10-10,38,2,wk inc flu hosp,2026-10-24,quantile,0.7,18
2026-10-10,38,2,wk inc flu hosp,2026-10-24,quantile,0.75,20
2026-10-10,38,2,wk inc flu hosp,2026-10-24,quantile,0.8,22
2026-10-10,38,2,wk inc flu hosp,2026-10-24,quantile,0.85,26
2026-10-10,38,2,wk inc flu hosp,2026-10-24,quantile,0.9,31
2026-10-10,38,2,wk inc flu hosp,2026-10-24,quantile,0.95,40
2026-10-10,38,2,wk inc flu hosp,2026-10-24,quantile,0.975,51
2026-10-10,38,2,wk inc flu hosp,2026-10-24,quantile,0.99,67
2026-10-10,38,3,wk inc flu hosp,2026-10-31,quantile,0.01,0
2026-10-10,38,3,wk inc flu hosp,2026-10-31,quantile,0.025,1
2026-10-10,38,3,wk inc flu hosp,2026-10-31,quantile,0.05,2
2026-10-10,38,3,wk inc flu hosp,2026-10-31,quantile,0.1,4
2026-10-10,38,3,wk inc flu hosp,2026-10-31,quantile,0.15,5
2026-10-10,38,3,wk inc flu hosp,2026-10-31,quantile,0.2,7
2026-10-10,38,3,wk inc flu hosp,2026-10-31,quantile,0.25,8
2026-10-10,38,3,wk inc flu hosp,2026-10-31,quantile,0.3,9
2026-10-10,38,3,wk inc flu hosp,2026-10-31,quantile,0.35,11
2026-10-10,38,3,wk inc flu hosp,2026-10-31,quantile,0.4,12
2026-10-10,38,3,wk inc flu hosp,2026-10-31,quantile,0.45,14
2026-10-10,38,3,wk inc flu hosp,2026-10-31,quantile,0.5,16
2026-10-10,38,3,wk inc flu hosp,2026-10-31,quantile,0.55,17
2026-10-10,38,3,wk inc flu hosp,2026-10-31,quantile,0.6,19
2026-10-10,38,3,wk inc flu hosp,2026-10-31,quantile,0.65,22
2026-10-10,38,3,wk inc flu hosp,2026-10-31,quantile,0.7,24
2026-10-10,38,3,wk inc flu hosp,2026-10-31,quantile,0.75,28
2026-10-10,38,3,wk inc flu hosp,2026-10-31,quantile,0.8,32
2026-10-10,38,3,wk inc flu hosp,2026-10-31,quantile,0.85,37
2026-10-10,38,3,wk inc flu hosp,2026-10-31,quantile,0.9,46
2026-10-10,38,3,wk inc flu hosp,2026-10-31,quantile,0.95,62
2026-10-10,38,3,wk inc flu hosp,2026-10-31,quantile,0.975,82
2026-10-10,38,3,wk inc flu hosp,2026-10-31,quantile,0.99,113
2026-10-10,39,0,wk inc flu hosp,2026-10-10,quantile,0.01,46
2026-10-10,39,0,wk inc flu hosp,2026-10-10,quantile,0.025,53
2026-10-10,39,0,wk inc flu hosp,2026-10-10,quantile,0.05,59
2026-10-10,39,0,wk inc flu hosp,2026-10-10,quantile,0.1,66
2026-10-10,39,0,wk inc flu hosp,2026-10-10,quantile,0.15,71
2026-10-10,39,0,wk inc flu hosp,2026-10-10,quantile,0.2,75
2026-10-10,39,0,wk inc flu hosp,2026-10-10,quantile,0.25,79
2026-10-10,39,0,wk inc flu hosp,2026-10-10,quantile,0.3,83
2026-10-10,39,0,wk inc flu hosp,2026-10-10,quantile,0.35,86
2026-10-10,39,0,wk inc flu hosp,2026-10-10,quantile,0.4,89
2026-10-10,39,0,wk inc flu hosp,2026-10-10,quantile,0.45,92
2026-10-10,39,0,wk inc flu hosp,2026-10-10,quantile,0.5,95
2026-10-10,39,0,wk inc flu hosp,2026-10-10,quantile,0.55,99
2026-10-10,39,0,wk inc flu hosp,2026-10-10,quantile,0.6,102
2026-10-10,39,0,wk inc flu hosp,2026-10-10,quantile,0.65,106
2026-10-10,39,0,wk inc flu hosp,2026-10-10,quantile,0.7,110
2026-10-10,39,0,wk inc flu hosp,2026-10-10,quantile,0.75,114
2026-10-10,39,0,wk inc flu hosp,2026-10-10,quantile,0.8,119
2026-10-10,39,0,wk inc flu hosp,2026-10-10,quantile,0.85,125
2026-10-10,39,0,wk inc flu hosp,2026-10-10,quantile,0.9,134
2026-10-10,39,0,wk inc flu hosp,2026-10-10,quantile,0.95,147
2026-10-10,39,0,wk inc flu hosp,2026-10-10,quantile,0.975,160
2026-10-10,39,0,wk inc flu hosp,2026-10-10,quantile,0.99,177
2026-10-10,39,1,wk inc flu hosp,2026-10-17,quantile,0.01,47
2026-10-10,39,1,wk inc flu hosp,2026-10-17,quantile,0.025,59
2026-10-10,39,1,wk inc flu hosp,2026-10-17,quantile,0.05,69
2026-10-10,39,1,wk inc flu hosp,2026-10-17,quantile,0.1,81
2026-10-10,39,1,wk inc flu hosp,2026-10-17,quantile,0.15,89
2026-10-10,39,1,wk inc flu hosp,2026-10-17,quantile,0.2,96
2026-10-10,39,1,wk inc flu hosp,2026-10-17,quantile,0.25,102
2026-10-10,39,1,wk inc flu hosp,2026-10-17,quantile,0.3,108
2026-10-10,39,1,wk inc flu hosp,2026-10-17,quantile,0.35,114
2026-10-10,39,1,wk inc flu hosp,2026-10-17,quantile,0.4,119
2026-10-10,39,1,wk inc flu hosp,2026-10-17,quantile,0.45,125
2026-10-10,39,1,wk inc flu hosp,2026-10-17,quantile,0.5,130
2026-10-10,39,1,wk inc flu hosp,2026-10-17,quantile,0.55,136
2026-10-10,39,1,wk inc flu hosp,2026-10-17,quantile,0.6,142
2026-10-10,39,1,wk inc flu hosp,2026-10-17,quantile,0.65,149
2026-10-10,39,1,wk inc flu hosp,2026-10-17,quantile,0.7,156
2026-10-10,39,1,wk inc flu hosp,2026-10-17,quantile,0.75,164
2026-10-10,39,1,wk inc flu hosp,2026-10-17,quantile,0.8,174
2026-10-10,39,1,wk inc flu hosp,2026-10-17,quantile,0.85,186
2026-10-10,39,1,wk inc flu hosp,2026-10-17,quantile,0.9,204
2026-10-10,39,1,wk inc flu hosp,2026-10-17,quantile,0.95,234
2026-10-10,39,1,wk inc flu hosp,2026-10-17,quantile,0.975,266
2026-10-10,39,1,wk inc flu hosp,2026-10-17,quantile,0.99,313
2026-10-10,39,2,wk inc flu hosp,2026-10-24,quantile,0.01,44
2026-10-10,39,2,wk inc flu hosp,2026-10-24,quantile,0.025,62
2026-10-10,39,2,wk inc flu hosp,2026-10-24,quantile,0.05,78
2026-10-10,39,2,wk inc flu hosp,2026-10-24,quantile,0.1,97
2026-10-10,39,2,wk inc flu hosp,2026-10-24,quantile,0.15,110
2026-10-10,39,2,wk inc flu hosp,2026-10-24,quantile,0.2,121
2026-10-10,39,2,wk inc flu hosp,2026-10-24,quantile,0.25,130
2026-10-10,39,2,wk inc flu hosp,2026-10-24,quantile,0.3,139
2026-10-10,39,2,wk inc flu hosp,2026-10-24,quantile,0.35,148
2026-10-10,39,2,wk inc flu hosp,2026-10-24,quantile,0.4,157
2026-10-10,39,2,wk inc flu hosp,2026-10-24,quantile,0.45,166
2026-10-10,39,2,wk inc flu hosp,2026-10-24,quantile,0.5,175
2026-10-10,39,2,wk inc flu hosp,2026-10-24,quantile,0.55,185
2026-10-10,39,2,wk inc flu hosp,2026-10-24,quantile,0.6,195
2026-10-10,39,2,wk inc flu hosp,2026-10-24,quantile,0.65,206
2026-10-10,39,2,wk inc flu hosp,2026-10-24,quantile,0.7,219
2026-10-10,39,2,wk inc flu hosp,2026-10-24,quantile,0.75,234
2026-10-10,39,2,wk inc flu hosp,2026-10-24,quantile,0.8,252
2026-10-10,39,2,wk inc flu hosp,2026-10-24,quantile,0.85,275
2026-10-10,39,2,wk inc flu hosp,2026-10-24,quantile,0.9,310
2026-10-10,39,2,wk inc flu hosp,2026-10-24,quantile,0.95,374
2026-10-10,39,2,wk inc flu hosp,2026-10-24,quantile,0.975,445
2026-10-10,39,2,wk inc flu hosp,2026-10-24,quantile,0.99,551
2026-10-10,39,3,wk inc flu hosp,2026-10-31,quantile,0.01,42
2026-10-10,39,3,wk inc flu hosp,2026-10-31,quantile,0.025,64
2026-10-10,39,3,wk inc flu hosp,2026-10-31,quantile,0.05,87
2026-10-10,39,3,wk inc flu hosp,2026-10-31,quantile,0.1,115
2026-10-10,39,3,wk inc flu hosp,2026-10-31,quantile,0.15,134
2026-10-10,39,3,wk inc flu hosp,2026-10-31,quantile,0.2,150
2026-10-10,39,3,wk inc flu hosp,2026-10-31,quantile,0.25,164
2026-10-10,39,3,wk inc flu hosp,2026-10-31,quantile,0.3,177
2026-10-10,39,3,wk inc flu hosp,2026-10-31,quantile,0.35,191
2026-10-10,39,3,wk inc flu hosp,2026-10-31,quantile,0.4,204
2026-10-10,39,3,wk inc flu hosp,2026-10-31,quantile,0.45,218
2026-10-10,39,3,wk inc flu hosp,2026-10-31,quantile,0.5,232
2026-10-10,39,3,wk inc flu hosp,2026-10-31,quantile,0.55,247
2026-10-10,39,3,wk inc flu hosp,2026-10-31,quantile,0.6,263
2026-10-10,39,3,wk inc flu hosp,2026-10-31,quantile,0.65,282
2026-10-10,39,3,wk inc flu hosp,2026-10-31,quantile,0.7,302
2026-10-10,39,3,wk inc flu hosp,2026-10-31,quantile,0.75,327
2026-10-10,39,3,wk inc flu hosp,2026-10-31,quantile,0.8,357
2026-10-10,39,3,wk inc flu hosp,2026-10-31,quantile,0.85,398
2026-10-10,39,3,wk inc flu hosp,2026-10-31,quantile,0.9,460
2026-10-10,39,3,wk inc flu hosp,2026-10-31,quantile,0.95,582
2026-10-10,39,3,wk inc flu hosp,2026-10-31,quantile,0.975,722
2026-10-10,39,3,wk inc flu hosp,2026-10-31,quantile,0.99,935
2026-10-10,40,0,wk inc flu hosp,2026-10-10,quantile,0.01,5
2026-10-10,40,0,wk inc flu hosp,2026-10-10,quantile,0.025,8
2026-10-10,40,0,wk inc flu hosp,2026-10-10,quantile,0.05,10
2026-10-10,40,0,wk inc flu hosp,2026-10-10,quantile,0.1,13
2026-10-10,40,0,wk inc flu hosp,2026-10-10,quantile,0.15,15
2026-10-10,40,0,wk inc flu hosp,2026-10-10,quantile,0.2,17
2026-10-10,40,0,wk inc flu hosp,2026-10-10,quantile,0.25,19
2026-10-10,40,0,wk inc flu hosp,2026-10-10,quantile,0.3,21
2026-10-10,40,0,wk inc flu hosp,2026-10-10,quantile,0.35,22
2026-10-10,40,0,wk inc flu hosp,2026-10-10,quantile,0.4,24
2026-10-10,40,0,wk inc flu hosp,2026-10-10,quantile,0.45,26
2026-10-10,40,0,wk inc flu hosp,2026-10-10,quantile,0.5,27
2026-10-10,40,0,wk inc flu hosp,2026-10-10,quantile,0.55,29
2026-10-10,40,0,wk inc flu hosp,2026-10-10,quantile,0.6,31
2026-10-10,40,0,wk inc flu hosp,2026-10-10,quantile,0.65,33
2026-10-10,40,0,wk inc flu hosp,2026-10-10,quantile,0.7,35
2026-10-10,40,0,wk inc flu hosp,2026-10-10,quantile,0.75,38
2026-10-10,40,0,wk inc flu hosp,2026-10-10,quantile,0.8,41
2026-10-10,40,0,wk inc flu hosp,2026-10-10,quantile,0.85,45
2026-10-10,40,0,wk inc flu hosp,2026-10-10,quantile,0.9,50
2026-10-10,40,0,wk inc flu hosp,2026-10-10,quantile,0.95,59
2026-10-10,40,0,wk inc flu hosp,2026-10-10,quantile,0.975,68
2026-10-10,40,0,wk inc flu hosp,2026-10-10,quantile,0.99,81
2026-10-10,40,1,wk inc flu hosp,2026-10-17,quantile,0.01,5
2026-10-10,40,1,wk inc flu hosp,2026-10-17,quantile,0.025,8
2026-10-10,40,1,wk inc flu hosp,2026-10-17,quantile,0.05,11
2026-10-10,40,1,wk inc flu hosp,2026-10-17,quantile,0.1,15
2026-10-10,40,1,wk inc flu hosp,2026-10-17,quantile,0.15,18
2026-10-10,40,1,wk inc flu hosp,2026-10-17,quantile,0.2,21
2026-10-10,40,1,wk inc flu hosp,2026-10-17,quantile,0.25,24
2026-10-10,40,1,wk inc flu hosp,2026-10-17,quantile,0.3,26
2026-10-10,40,1,wk inc flu hosp,2026-10-17,quantile,0.35,28
2026-10-10,40,1,wk inc flu hosp,2026-10-17,quantile,0.4,31
2026-10-10,40,1,wk inc flu hosp,2026-10-17,quantile,0.45,33
2026-10-10,40,1,wk inc flu hosp,2026-10-17,quantile,0.5,36
2026-10-10,40,1,wk inc flu hosp,2026-10-17,quantile,0.55,38
2026-10-10,40,1,wk inc flu hosp,2026-10-17,quantile,0.6,41
2026-10-10,40,1,wk inc flu hosp,2026-10-17,quantile,0.65,44
2026-10-10,40,1,wk inc flu hosp,2026-10-17,quantile,0.7,48
2026-10-10,40,1,wk inc flu hosp,2026-10-17,quantile,0.75,53
2026-10-10,40,1,wk inc flu hosp,2026-10-17,quantile,0.8,58
2026-10-10,40,1,wk inc flu hosp,2026-10-17,quantile,0.85,64
2026-10-10,40,1,wk inc flu hosp,2026-10-17,quantile,0.9,74
2026-10-10,40,1,wk inc flu hosp,2026-10-17,quantile,0.95,91
2026-10-10,40,1,wk inc flu hosp,2026-10-17,quantile,0.975,109
2026-10-10,40,1,wk inc flu hosp,2026-10-17,quantile,0.99,137
2026-10-10,40,2,wk inc flu hosp,2026-10-24,quantile,0.01,5
2026-10-10,40,2,wk inc flu hosp,2026-10-24,quantile,0.025,8
2026-10-10,40,2,wk inc flu hosp,2026-10-24,quantile,0.05,12
2026-10-10,40,2,wk inc flu hosp,2026-10-24,quantile,0.1,18
2026-10-10,40,2,wk inc flu hosp,2026-10-24,quantile,0.15,22
2026-10-10,40,2,wk inc flu hosp,2026-10-24,quantile,0.2,26
2026-10-10,40,2,wk inc flu hosp,2026-10-24,quantile,0.25,29
2026-10-10,40,2,wk inc flu hosp,2026-10-24,quantile,0.3,32
2026-10-10,40,2,wk inc flu hosp,2026-10-24,quantile,0.35,36
2026-10-10,40,2,wk inc flu hosp,2026-10-24,quantile,0.4,39
2026-10-10,40,2,wk inc flu hosp,2026-10-24,quantile,0.45,42
2026-10-10,40,2,wk inc flu hosp,2026-10-24,quantile,0.5,46
2026-10-10,40,2,wk inc flu hosp,2026-10-24,quantile,0.55,50
2026-10-10,40,2,wk inc flu hosp,2026-10-24,quantile,0.6,55
2026-10-10,40,2,wk inc flu hosp,2026-10-24,quantile,0.65,60
2026-10-10,40,2,wk inc flu hosp,2026-10-24,quantile,0.7,65
2026-10-10,40,2,wk inc flu hosp,2026-10-24,quantile,0.75,73
2026-10-10,40,2,wk inc flu hosp,2026-10-24,quantile,0.8,81
2026-10-10,40,2,wk inc flu hosp,2026-10-24,quantile,0.85,93
2026-10-10,40,2,wk inc flu hosp,2026-10-24,quantile,0.9,109
2026-10-10,40,2,wk inc flu hosp,2026-10-24,quantile,0.95,140
2026-10-10,40,2,wk inc flu hosp,2026-10-24,quantile,0.975,177
2026-10-10,40,2,wk inc flu hosp,2026-10-24,quantile,0.99,239
2026-10-10,40,3,wk inc flu hosp,2026-10-31,quantile,0.01,5
2026-10-10,40,3,wk inc flu hosp,2026-10-31,quantile,0.025,9
2026-10-10,40,3,wk inc flu hosp,2026-10-31,quantile,0.05,14
2026-10-10,40,3,wk inc flu hosp,2026-10-31,quantile,0.1,21
2026-10-10,40,3,wk inc flu hosp,2026-10-31,quantile,0.15,26
2026-10-10,40,3,wk inc flu hosp,2026-10-31,quantile,0.2,31
2026-10-10,40,3,wk inc flu hosp,2026-10-31,quantile,0.25,36
2026-10-10,40,3,wk inc flu hosp,2026-10-31,quantile,0.3,40
2026-10-10,40,3,wk inc flu hosp,2026-10-31,quantile,0.35,44
2026-10-10,40,3,wk inc flu hosp,2026-10-31,quantile,0.4,49
2026-10-10,40,3,wk inc flu hosp,2026-10-31,quantile,0.45,54
2026-10-10,40,3,wk inc flu hosp,2026-10-31,quantile,0.5,59
2026-10-10,40,3,wk inc flu hosp,2026-10-31,quantile,0.55,65
2026-10-10,40,3,wk inc flu hosp,2026-10-31,quantile,0.6,72
2026-10-10,40,3,wk inc flu hosp,2026-10-31,quantile,0.65,80
2026-10-10,40,3,wk inc flu hosp,2026-10-31,quantile,0.7,89
2026-10-10,40,3,wk inc flu hosp,2026-10-31,quantile,0.75,100
2026-10-10,40,3,wk inc flu hosp,2026-10-31,quantile,0.8,113
2026-10-10,40,3,wk inc flu hosp,2026-10-31,quantile,0.85,132
2026-10-10,40,3,wk inc flu hosp,2026-10-31,quantile,0.9,158
2026-10-10,40,3,wk inc flu hosp,2026-10-31,quantile,0.95,213
2026-10-10,40,3,wk inc flu hosp,2026-10-31,quantile,0.975,284
2026-10-10,40,3,wk inc flu hosp,2026-10-31,quantile,0.99,408
2026-10-10,41,0,wk inc flu hosp,2026-10-10,quantile,0.01,22
2026-10-10,41,0,wk inc flu hosp,2026-10-10,quantile,0.025,28
2026-10-10,41,0,wk inc flu hosp,2026-10-10,quantile,0.05,33
2026-10-10,41,0,wk inc flu hosp,2026-10-10,quantile,0.1,40
2026-10-10,41,0,wk inc flu hosp,2026-10-10,quantile,0.15,45
2026-10-10,41,0,wk inc flu hosp,2026-10-10,quantile,0.2,50
2026-10-10,41,0,wk inc flu hosp,2026-10-10,quantile,0.25,54
2026-10-10,41,0,wk inc flu hosp,2026-10-10,quantile,0.3,57
2026-10-10,41,0,wk inc flu hosp,2026-10-10,quantile,0.35,61
2026-10-10,41,0,wk inc flu hosp,2026-10-10,quantile,0.4,64
2026-10-10,41,0,wk inc flu hosp,2026-10-10,quantile,0.45,68
2026-10-10,41,0,wk inc flu hosp,2026-10-10,quantile,0.5,71
2026-10-10,41,0,wk inc flu hosp,2026-10-10,quantile,0.55,75
2026-10-10,41,0,wk inc flu hosp,2026-10-10,quantile,0.6,79
2026-10-10,41,0,wk inc flu hosp,2026-10-10,quantile,0.65,83
2026-10-10,41,0,wk inc flu hosp,2026-10-10,quantile,0.7,87
2026-10-10,41,0,wk inc flu hosp,2026-10-10,quantile,0.75,93
2026-10-10,41,0,wk inc flu hosp,2026-10-10,quantile,0.8,98
2026-10-10,41,0,wk inc flu hosp,2026-10-10,quantile,0.85,106
2026-10-10,41,0,wk inc flu hosp,2026-10-10,quantile,0.9,116
2026-10-10,41,0,wk inc flu hosp,2026-10-10,quantile,0.95,132
2026-10-10,41,0,wk inc flu hosp,2026-10-10,quantile,0.975,147
2026-10-10,41,0,wk inc flu hosp,2026-10-10,quantile,0.99,167
2026-10-10,41,1,wk inc flu hosp,2026-10-17,quantile,0.01,23
2026-10-10,41,1,wk inc flu hosp,2026-10-17,quantile,0.025,31
2026-10-10,41,1,wk inc flu hosp,2026-10-17,quantile,0.05,40
2026-10-10,41,1,wk inc flu hosp,2026-10-17,quantile,0.1,51
2026-10-10,41,1,wk inc flu hosp,2026-10-17,quantile,0.15,59
2026-10-10,41,1,wk inc flu hosp,2026-10-17,quantile,0.2,66
2026-10-10,41,1,wk inc flu hosp,2026-10-17,quantile,0.25,72
2026-10-10,41,1,wk inc flu hosp,2026-10-17,quantile,0.3,78
2026-10-10,41,1,wk inc flu hosp,2026-10-17,quantile,0.35,84
2026-10-10,41,1,wk inc flu hosp,2026-10-17,quantile,0.4,89
2026-10-10,41,1,wk inc flu hosp,2026-10-17,quantile,0.45,95
2026-10-10,41,1,wk inc flu hosp,2026-10-17,quantile,0.5,101
2026-10-10,41,1,wk inc flu hosp,2026-10-17,quantile,0.55,107
2026-10-10,41,1,wk inc flu hosp,2026-10-17,quantile,0.6,114
2026-10-10,41,1,wk inc flu hosp,2026-10-17,quantile,0.65,121
2026-10-10,41,1,wk inc flu hosp,2026-10-17,quantile,0.7,129
2026-10-10,41,1,wk inc flu hosp,2026-10-17,quantile,0.75,138
2026-10-10,41,1,wk inc flu hosp,2026-10-17,quantile,0.8,149
2026-10-10,41,1,wk inc flu hosp,2026-10-17,quantile,0.85,162
2026-10-10,41,1,wk inc flu hosp,2026-10-17,quantile,0.9,181
2026-10-10,41,1,wk inc flu hosp,2026-10-17,quantile,0.95,212
2026-10-10,41,1,wk inc flu hosp,2026-10-17,quantile,0.975,244
2026-10-10,41,1,wk inc flu hosp,2026-10-17,quantile,0.99,287
2026-10-10,41,2,wk inc flu hosp,2026-10-24,quantile,0.01,23
2026-10-10,41,2,wk inc flu hosp,2026-10-24,quantile,0.025,35
2026-10-10,41,2,wk inc flu hosp,2026-10-24,quantile,0.05,47
2026-10-10,41,2,wk inc flu hosp,2026-10-24,quantile,0.1,63
2026-10-10,41,2,wk inc flu hosp,2026-10-24,quantile,0.15,75
2026-10-10,41,2,wk inc flu hosp,2026-10-24,quantile,0.2,85
2026-10-10,41,2,wk inc flu hosp,2026-10-24,quantile,0.25,95
2026-10-10,41,2,wk inc flu hosp,2026-10-24,quantile,0.3,104
2026-10-10,41,2,wk inc flu hosp,2026-10-24,quantile,0.35,113
2026-10-10,41,2,wk inc flu hosp,2026-10-24,quantile,0.4,122
2026-10-10,41,2,wk inc flu hosp,2026-10-24,quantile,0.45,131
2026-10-10,41,2,wk inc flu hosp,2026-10-24,quantile,0.5,140
2026-10-10,41,2,wk inc flu hosp,2026-10-24,quantile,0.55,150
2026-10-10,41,2,wk inc flu hosp,2026-10-24,quantile,0.6,161
2026-10-10,41,2,wk inc flu hosp,2026-10-24,quantile,0.65,172
2026-10-10,41,2,wk inc flu hosp,2026-10-24,quantile,0.7,186
2026-10-10,41,2,wk inc flu hosp,2026-10-24,quantile,0.75,201
2026-10-10,41,2,wk inc flu hosp,2026-10-24,quantile,0.8,219
2026-10-10,41,2,wk inc flu hosp,2026-10-24,quantile,0.85,241
2026-10-10,41,2,wk inc flu hosp,2026-10-24,quantile,0.9,274
2026-10-10,41,2,wk inc flu hosp,2026-10-24,quantile,0.95,330
2026-10-10,41,2,wk inc flu hosp,2026-10-24,quantile,0.975,390
2026-10-10,41,2,wk inc flu hosp,2026-10-24,quantile,0.99,477
2026-10-10,41,3,wk inc flu hosp,2026-10-31,quantile,0.01,24
2026-10-10,41,3,wk inc flu hosp,2026-10-31,quantile,0.025,39
2026-10-10,41,3,wk inc flu hosp,2026-10-31,quantile,0.05,55
2026-10-10,41,3,wk inc flu hosp,2026-10-31,quantile,0.1,77
2026-10-10,41,3,wk inc flu hosp,2026-10-31,quantile,0.15,94
2026-10-10,41,3,wk inc flu hosp,2026-10-31,quantile,0.2,109
2026-10-10,41,3,wk inc flu hosp,2026-10-31,quantile,0.25,123
2026-10-10,41,3,wk inc flu hosp,2026-10-31,quantile,0.3,135
2026-10-10,41,3,wk inc flu hosp,2026-10-31,quantile,0.35,148
2026-10-10,41,3,wk inc flu hosp,2026-10-31,quantile,0.4,161
2026-10-10,41,3,wk inc flu hosp,2026-10-31,quantile,0.45,174
2026-10-10,41,3,wk inc flu hosp,2026-10-31,quantile,0.5,187
2026-10-10,41,3,wk inc flu hosp,2026-10-31,quantile,0.55,202
2026-10-10,41,3,wk inc flu hosp,2026-10-31,quantile,0.6,218
2026-10-10,41,3,wk inc flu hosp,2026-10-31,quantile,0.65,235
2026-10-10,41,3,wk inc flu hosp,2026-10-31,quantile,0.7,255
2026-10-10,41,3,wk inc flu hosp,2026-10-31,quantile,0.75,277
2026-10-10,41,3,wk inc flu hosp,2026-10-31,quantile,0.8,304
2026-10-10,41,3,wk inc flu hosp,2026-10-31,quantile,0.85,338
2026-10-10,41,3,wk inc flu hosp,2026-10-31,quantile,0.9,388
2026-10-10,41,3,wk inc flu hosp,2026-10-31,quantile,0.95,479
2026-10-10,41,3,wk inc flu hosp,2026-10-31,quantile,0.975,582
2026-10-10,41,3,wk inc flu hosp,2026-10-31,quantile,0.99,736
2026-10-10,42,0,wk inc flu hosp,2026-10-10,quantile,0.01,86
2026-10-10,42,0,wk inc flu hosp,2026-10-10,quantile,0.025,101
2026-10-10,42,0,wk inc flu hosp,2026-10-10,quantile,0.05,115
2026-10-10,42,0,wk inc flu hosp,2026-10-10,quantile,0.1,132
2026-10-10,42,0,wk inc flu hosp,2026-10-10,quantile,0.15,143
2026-10-10,42,0,wk inc flu hosp,2026-10-10,quantile,0.2,153
2026-10-10,42,0,wk inc flu hosp,2026-10-10,quantile,0.25,162
2026-10-10,42,0,wk inc flu hosp,2026-10-10,quantile,0.3,169
2026-10-10,42,0,wk inc flu hosp,2026-10-10,quantile,0.35,177
2026-10-10,42,0,wk inc flu hosp,2026-10-10,quantile,0.4,184
2026-10-10,42,0,wk inc flu hosp,2026-10-10,quantile,0.45,191
2026-10-10,42,0,wk inc flu hosp,2026-10-10,quantile,0.5,198
2026-10-10,42,0,wk inc flu hosp,2026-10-10,quantile,0.55,206
2026-10-10,42,0,wk inc flu hosp,2026-10-10,quantile,0.6,213
2026-10-10,42,0,wk inc flu hosp,2026-10-10,quantile,0.65,221
2026-10-10,42,0,wk inc flu hosp,2026-10-10,quantile,0.7,230
2026-10-10,42,0,wk inc flu hosp,2026-10-10,quantile,0.75,240
2026-10-10,42,0,wk inc flu hosp,2026-10-10,quantile,0.8,252
2026-10-10,42,0,wk inc flu hosp,2026-10-10,quantile,0.85,266
2026-10-10,42,0,wk inc flu hosp,2026-10-10,quantile,0.9,285
2026-10-10,42,0,wk inc flu hosp,2026-10-10,quantile,0.95,317
2026-10-10,42,0,wk inc flu hosp,2026-10-10,quantile,0.975,349
2026-10-10,42,0,wk inc flu hosp,2026-10-10,quantile,0.99,391
2026-10-10,42,1,wk inc flu hosp,2026-10-17,quantile,0.01,60
2026-10-10,42,1,wk inc flu hosp,2026-10-17,quantile,0.025,80
2026-10-10,42,1,wk inc flu hosp,2026-10-17,quantile,0.05,99
2026-10-10,42,1,wk inc flu hosp,2026-10-17,quantile,0.1,125
2026-10-10,42,1,wk inc flu hosp,2026-10-17,quantile,0.15,144
2026-10-10,42,1,wk inc flu hosp,2026-10-17,quantile,0.2,159
2026-10-10,42,1,wk inc flu hosp,2026-10-17,quantile,0.25,173
2026-10-10,42,1,wk inc flu hosp,2026-10-17,quantile,0.3,186
2026-10-10,42,1,wk inc flu hosp,2026-10-17,quantile,0.35,199
2026-10-10,42,1,wk inc flu hosp,2026-10-17,quantile,0.4,211
2026-10-10,42,1,wk inc flu hosp,2026-10-17,quantile,0.45,224
2026-10-10,42,1,wk inc flu hosp,2026-10-17,quantile,0.5,236
2026-10-10,42,1,wk inc flu hosp,2026-10-17,quantile,0.55,250
2026-10-10,42,1,wk inc flu hosp,2026-10-17,quantile,0.6,264
2026-10-10,42,1,wk inc flu hosp,2026-10-17,quantile,0.65,279
2026-10-10,42,1,wk inc flu hosp,2026-10-17,quantile,0.7,296
2026-10-10,42,1,wk inc flu hosp,2026-10-17,quantile,0.75,316
2026-10-10,42,1,wk inc flu hosp,2026-10-17,quantile,0.8,340
2026-10-10,42,1,wk inc flu hosp,2026-10-17,quantile,0.85,371
2026-10-10,42,1,wk inc flu hosp,2026-10-17,quantile,0.9,414
2026-10-10,42,1,wk inc flu hosp,2026-10-17,quantile,0.95,490
2026-10-10,42,1,wk inc flu hosp,2026-10-17,quantile,0.975,571
2026-10-10,42,1,wk inc flu hosp,2026-10-17,quantile,0.99,691
2026-10-10,42,2,wk inc flu hosp,2026-10-24,quantile,0.01,38
2026-10-10,42,2,wk inc flu hosp,2026-10-24,quantile,0.025,60
2026-10-10,42,2,wk inc flu hosp,2026-10-24,quantile,0.05,84
2026-10-10,42,2,wk inc flu hosp,2026-10-24,quantile,0.1,118
2026-10-10,42,2,wk inc flu hosp,2026-10-24,quantile,0.15,145
2026-10-10,42,2,wk inc flu hosp,2026-10-24,quantile,0.2,169
2026-10-10,42,2,wk inc flu hosp,2026-10-24,quantile,0.25,191
2026-10-10,42,2,wk inc flu hosp,2026-10-24,quantile,0.3,211
2026-10-10,42,2,wk inc flu hosp,2026-10-24,quantile,0.35,231
2026-10-10,42,2,wk inc flu hosp,2026-10-24,quantile,0.4,251
2026-10-10,42,2,wk inc flu hosp,2026-10-24,quantile,0.45,271
2026-10-10,42,2,wk inc flu hosp,2026-10-24,quantile,0.5,292
2026-10-10,42,2,wk inc flu hosp,2026-10-24,quantile,0.55,315
2026-10-10,42,2,wk inc flu hosp,2026-10-24,quantile,0.6,340
2026-10-10,42,2,wk inc flu hosp,2026-10-24,quantile,0.65,369
2026-10-10,42,2,wk inc flu hosp,2026-10-24,quantile,0.7,401
2026-10-10,42,2,wk inc flu hosp,2026-10-24,quantile,0.75,440
2026-10-10,42,2,wk inc flu hosp,2026-10-24,quantile,0.8,487
2026-10-10,42,2,wk inc flu hosp,2026-10-24,quantile,0.85,549
2026-10-10,42,2,wk inc flu hosp,2026-10-24,quantile,0.9,639
2026-10-10,42,2,wk inc flu hosp,2026-10-24,quantile,0.95,805
2026-10-10,42,2,wk inc flu hosp,2026-10-24,quantile,0.975,993
2026-10-10,42,2,wk inc flu hosp,2026-10-24,quantile,0.99,1298
2026-10-10,42,3,wk inc flu hosp,2026-10-31,quantile,0.01,24
2026-10-10,42,3,wk inc flu hosp,2026-10-31,quantile,0.025,45
2026-10-10,42,3,wk inc flu hosp,2026-10-31,quantile,0.05,73
2026-10-10,42,3,wk inc flu hosp,2026-10-31,quantile,0.1,116
2026-10-10,42,3,wk inc flu hosp,2026-10-31,quantile,0.15,152
2026-10-10,42,3,wk inc flu hosp,2026-10-31,quantile,0.2,185
2026-10-10,42,3,wk inc flu hosp,2026-10-31,quantile,0.25,216
2026-10-10,42,3,wk inc flu hosp,2026-10-31,quantile,0.3,246
2026-10-10,42,3,wk inc flu hosp,2026-10-31,quantile,0.35,275
2026-10-10,42,3,wk inc flu hosp,2026-10-31,quantile,0.4,306
2026-10-10,42,3,wk inc flu hosp,2026-10-31,quantile,0.45,337
2026-10-10,42,3,wk inc flu hosp,2026-10-31,quantile,0.5,372
2026-10-10,42,3,wk inc flu hosp,2026-10-31,quantile,0.55,410
2026-10-10,42,3,wk inc flu hosp,2026-10-31,quantile,0.6,453
2026-10-10,42,3,wk inc flu hosp,2026-10-31,quantile,0.65,502
2026-10-10,42,3,wk inc flu hosp,2026-10-31,quantile,0.7,559
2026-10-10,42,3,wk inc flu hosp,2026-10-31,quantile,0.75,628
2026-10-10,42,3,wk inc flu hosp,2026-10-31,quantile,0.8,714
2026-10-10,42,3,wk inc flu hosp,2026-10-31,quantile,0.85,829
2026-10-10,42,3,wk inc flu hosp,2026-10-31,quantile,0.9,1001
2026-10-10,42,3,wk inc flu hosp,2026-10-31,quantile,0.95,1330
2026-10-10,42,3,wk inc flu hosp,2026-10-31,quantile,0.975,1721
2026-10-10,42,3,wk inc flu hosp,2026-10-31,quantile,0.99,2381
2026-10-10,44,0,wk inc flu hosp,2026-10-10,quantile,0.01,0
2026-10-10,44,0,wk inc flu hosp,2026-10-10,quantile,0.025,0
2026-10-10,44,0,wk inc flu hosp,2026-10-10,quantile,0.05,1
2026-10-10,44,0,wk inc flu hosp,2026-10-10,quantile,0.1,2
2026-10-10,44,0,wk inc flu hosp,2026-10-10,quantile,0.15,3
2026-10-10,44,0,wk inc flu hosp,2026-10-10,quantile,0.2,3
2026-10-10,44,0,wk inc flu hosp,2026-10-10,quantile,0.25,4
2026-10-10,44,0,wk inc flu hosp,2026-10-10,quantile,0.3,4
2026-10-10,44,0,wk inc flu hosp,2026-10-10,quantile,0.35,5
2026-10-10,44,0,wk inc flu hosp,2026-10-10,quantile,0.4,6
2026-10-10,44,0,wk inc flu hosp,2026-10-10,quantile,0.45,6
2026-10-10,44,0,wk inc flu hosp,2026-10-10,quantile,0.5,7
2026-10-10,44,0,wk inc flu hosp,2026-10-10,quantile,0.55,8
2026-10-10,44,0,wk inc flu hosp,2026-10-10,quantile,0.6,9
2026-10-10,44,0,wk inc flu hosp,2026-10-10,quantile,0.65,9
2026-10-10,44,0,wk inc flu hosp,2026-10-10,quantile,0.7,10
2026-10-10,44,0,wk inc flu hosp,2026-10-10,quantile,0.75,11
2026-10-10,44,0,wk inc flu hosp,2026-10-10,quantile,0.8,13
2026-10-10,44,0,wk inc flu hosp,2026-10-10,quantile,0.85,15
2026-10-10,44,0,wk inc flu hosp,2026-10-10,quantile,0.9,17
2026-10-10,44,0,wk inc flu hosp,2026-10-10,quantile,0.95,21
2026-10-10,44,0,wk inc flu hosp,2026-10-10,quantile,0.975,25
2026-10-10,44,0,wk inc flu hosp,2026-10-10,quantile,0.99,31
2026-10-10,44,1,wk inc flu hosp,2026-10-17,quantile,0.01,0
2026-10-10,44,1,wk inc flu hosp,2026-10-17,quantile,0.025,1
2026-10-10,44,1,wk inc flu hosp,2026-10-17,quantile,0.05,1
2026-10-10,44,1,wk inc flu hosp,2026-10-17,quantile,0.1,2
2026-10-10,44,1,wk inc flu hosp,2026-10-17,quantile,0.15,3
2026-10-10,44,1,wk inc flu hosp,2026-10-17,quantile,0.2,4
2026-10-10,44,1,wk inc flu hosp,2026-10-17,quantile,0.25,5
2026-10-10,44,1,wk inc flu hosp,2026-10-17,quantile,0.3,6
2026-10-10,44,1,wk inc flu hosp,2026-10-17,quantile,0.35,7
2026-10-10,44,1,wk inc flu hosp,2026-10-17,quantile,0.4,8
2026-10-10,44,1,wk inc flu hosp,2026-10-17,quantile,0.45,9
2026-10-10,44,1,wk inc flu hosp,2026-10-17,quantile,0.5,10
2026-10-10,44,1,wk inc flu hosp,2026-10-17,quantile,0.55,11
2026-10-10,44,1,wk inc flu hosp,2026-10-17,quantile,0.6,12
2026-10-10,44,1,wk inc flu hosp,2026-10-17,quantile,0.65,13
2026-10-10,44,1,wk inc flu hosp,2026-10-17,quantile,0.7,15
2026-10-10,44,1,wk inc flu hosp,2026-10-17,quantile,0.75,17
2026-10-10,44,1,wk inc flu hosp,2026-10-17,quantile,0.8,19
2026-10-10,44,1,wk inc flu hosp,2026-10-17,quantile,0.85,21
2026-10-10,44,1,wk inc flu hosp,2026-10-17,quantile,0.9,25
2026-10-10,44,1,wk inc flu hosp,2026-10-17,quantile,0.95,32
2026-10-10,44,1,wk inc flu hosp,2026-10-17,quantile,0.975,39
2026-10-10,44,1,wk inc flu hosp,2026-10-17,quantile,0.99,49
2026-10-10,44,2,wk inc flu hosp,2026-10-24,quantile,0.01,0
2026-10-10,44,2,wk inc flu hosp,2026-10-24,quantile,0.025,1
2026-10-10,44,2,wk inc flu hosp,2026-10-24,quantile,0.05,2
2026-10-10,44,2,wk inc flu hosp,2026-10-24,quantile,0.1,3
2026-10-10,44,2,wk inc flu hosp,2026-10-24,quantile,0.15,4
2026-10-10,44,2,wk inc flu hosp,2026-10-24,quantile,0.2,6
2026-10-10,44,2,wk inc flu hosp,2026-10-24,quantile,0.25,7
2026-10-10,44,2,wk inc flu hosp,2026-10-24,quantile,0.3,8
2026-10-10,44,2,wk inc flu hosp,2026-10-24,quantile,0.35,9
2026-10-10,44,2,wk inc flu hosp,2026-10-24,quantile,0.4,11
2026-10-10,44,2,wk inc flu hosp,2026-10-24,quantile,0.45,12
2026-10-10,44,2,wk inc flu hosp,2026-10-24,quantile,0.5,13
2026-10-10,44,2,wk inc flu hosp,2026-10-24,quantile,0.55,15
2026-10-10,44,2,wk inc flu hosp,2026-10-24,quantile,0.6,17
2026-10-10,44,2,wk inc flu hosp,2026-10-24,quantile,0.65,19
2026-10-10,44,2,wk inc flu hosp,2026-10-24,quantile,0.7,21
2026-10-10,44,2,wk inc flu hosp,2026-10-24,quantile,0.75,24
2026-10-10,44,2,wk inc flu hosp,2026-10-24,quantile,0.8,27
2026-10-10,44,2,wk inc flu hosp,2026-10-24,quantile,0.85,31
2026-10-10,44,2,wk inc flu hosp,2026-10-24,quantile,0.9,38
2026-10-10,44,2,wk inc flu hosp,2026-10-24,quantile,0.95,49
2026-10-10,44,2,wk inc flu hosp,2026-10-24,quantile,0.975,61
2026-10-10,44,2,wk inc flu hosp,2026-10-24,quantile,0.99,78
2026-10-10,44,3,wk inc flu hosp,2026-10-31,quantile,0.01,0
2026-10-10,44,3,wk inc flu hosp,2026-10-31,quantile,0.025,1
2026-10-10,44,3,wk inc flu hosp,2026-10-31,quantile,0.05,2
2026-10-10,44,3,wk inc flu hosp,2026-10-31,quantile,0.1,4
2026-10-10,44,3,wk inc flu hosp,2026-10-31,quantile,0.15,6
2026-10-10,44,3,wk inc flu hosp,2026-10-31,quantile,0.2,7
2026-10-10,44,3,wk inc flu hosp,2026-10-31,quantile,0.25,9
2026-10-10,44,3,wk inc flu hosp,2026-10-31,quantile,0.3,11
2026-10-10,44,3,wk inc flu hosp,2026-10-31,quantile,0.35,12
2026-10-10,44,3,wk inc flu hosp,2026-10-31,quantile,0.4,14
2026-10-10,44,3,wk inc flu hosp,2026-10-31,quantile,0.45,16
2026-10-10,44,3,wk inc flu hosp,2026-10-31,quantile,0.5,18
2026-10-10,44,3,wk inc flu hosp,2026-10-31,quantile,0.55,21
2026-10-10,44,3,wk inc flu hosp,2026-10-31,quantile,0.6,23
2026-10-10,44,3,wk inc flu hosp,2026-10-31,quantile,0.65,26
2026-10-10,44,3,wk inc flu hosp,2026-10-31,quantile,0.7,30
2026-10-10,44,3,wk inc flu hosp,2026-10-31,quantile,0.75,34
2026-10-10,44,3,wk inc flu hosp,2026-10-31,quantile,0.8,39
2026-10-10,44,3,wk inc flu hosp,2026-10-31,quantile,0.85,46
2026-10-10,44,3,wk inc flu hosp,2026-10-31,quantile,0.9,56
2026-10-10,44,3,wk inc flu hosp,2026-10-31,quantile,0.95,74
2026-10-10,44,3,wk inc flu hosp,2026-10-31,quantile,0.975,94
2026-10-10,44,3,wk inc flu hosp,2026-10-31,quantile,0.99,120
2026-10-10,45,0,wk inc flu hosp,2026-10-10,quantile,0.01,21
2026-10-10,45,0,wk inc flu hosp,2026-10-10,quantile,0.025,25
2026-10-10,45,0,wk inc flu hosp,2026-10-10,quantile,0.05,29
2026-10-10,45,0,wk inc flu hosp,2026-10-10,quantile,0.1,33
2026-10-10,45,0,wk inc flu hosp,2026-10-10,quantile,0.15,36
2026-10-10,45,0,wk inc flu hosp,2026-10-10,quantile,0.2,39
2026-10-10,45,0,wk inc flu hosp,2026-10-10,quantile,0.25,41
2026-10-10,45,0,wk inc flu hosp,2026-10-10,quantile,0.3,43
2026-10-10,45,0,wk inc flu hosp,2026-10-10,quantile,0.35,46
2026-10-10,45,0,wk inc flu hosp,2026-10-10,quantile,0.4,48
2026-10-10,45,0,wk inc flu hosp,2026-10-10,quantile,0.45,50
2026-10-10,45,0,wk inc flu hosp,2026-10-10,quantile,0.5,52
2026-10-10,45,0,wk inc flu hosp,2026-10-10,quantile,0.55,54
2026-10-10,45,0,wk inc flu hosp,2026-10-10,quantile,0.6,56
2026-10-10,45,0,wk inc flu hosp,2026-10-10,quantile,0.65,58
2026-10-10,45,0,wk inc flu hosp,2026-10-10,quantile,0.7,61
2026-10-10,45,0,wk inc flu hosp,2026-10-10,quantile,0.75,64
2026-10-10,45,0,wk inc flu hosp,2026-10-10,quantile,0.8,67
2026-10-10,45,0,wk inc flu hosp,2026-10-10,quantile,0.85,71
2026-10-10,45,0,wk inc flu hosp,2026-10-10,quantile,0.9,77
2026-10-10,45,0,wk inc flu hosp,2026-10-10,quantile,0.95,85
2026-10-10,45,0,wk inc flu hosp,2026-10-10,quantile,0.975,94
2026-10-10,45,0,wk inc flu hosp,2026-10-10,quantile,0.99,105
2026-10-10,45,1,wk inc flu hosp,2026-10-17,quantile,0.01,22
2026-10-10,45,1,wk inc flu hosp,2026-10-17,quantile,0.025,29
2026-10-10,45,1,wk inc flu hosp,2026-10-17,quantile,0.05,34
2026-10-10,45,1,wk inc flu hosp,2026-10-17,quantile,0.1,41
2026-10-10,45,1,wk inc flu hosp,2026-10-17,quantile,0.15,46
2026-10-10,45,1,wk inc flu hosp,2026-10-17,quantile,0.2,50
2026-10-10,45,1,wk inc flu hosp,2026-10-17,quantile,0.25,54
2026-10-10,45,1,wk inc flu hosp,2026-10-17,quantile,0.3,57
2026-10-10,45,1,wk inc flu hosp,2026-10-17,quantile,0.35,61
2026-10-10,45,1,wk inc flu hosp,2026-10-17,quantile,0.4,64
2026-10-10,45,1,wk inc flu hosp,2026-10-17,quantile,0.45,67
2026-10-10,45,1,wk inc flu hosp,2026-10-17,quantile,0.5,71
2026-10-10,45,1,wk inc flu hosp,2026-10-17,quantile,0.55,74
2026-10-10,45,1,wk inc flu hosp,2026-10-17,quantile,0.6,78
2026-10-10,45,1,wk inc flu hosp,2026-10-17,quantile,0.65,82
2026-10-10,45,1,wk inc flu hosp,2026-10-17,quantile,0.7,86
2026-10-10,45,1,wk inc flu hosp,2026-10-17,quantile,0.75,91
2026-10-10,45,1,wk inc flu hosp,2026-10-17,quantile,0.8,98
2026-10-10,45,1,wk inc flu hosp,2026-10-17,quantile,0.85,105
2026-10-10,45,1,wk inc flu hosp,2026-10-17,quantile,0.9,116
2026-10-10,45,1,wk inc flu hosp,2026-10-17,quantile,0.95,135
2026-10-10,45,1,wk inc flu hosp,2026-10-17,quantile,0.975,154
2026-10-10,45,1,wk inc flu hosp,2026-10-17,quantile,0.99,181
2026-10-10,45,2,wk inc flu hosp,2026-10-24,quantile,0.01,22
2026-10-10,45,2,wk inc flu hosp,2026-10-24,quantile,0.025,31
2026-10-10,45,2,wk inc flu hosp,2026-10-24,quantile,0.05,40
2026-10-10,45,2,wk inc flu hosp,2026-10-24,quantile,0.1,50
2026-10-10,45,2,wk inc flu hosp,2026-10-24,quantile,0.15,57
2026-10-10,45,2,wk inc flu hosp,2026-10-24,quantile,0.2,63
2026-10-10,45,2,wk inc flu hosp,2026-10-24,quantile,0.25,69
2026-10-10,45,2,wk inc flu hosp,2026-10-24,quantile,0.3,75
2026-10-10,45,2,wk inc flu hosp,2026-10-24,quantile,0.35,80
2026-10-10,45,2,wk inc flu hosp,2026-10-24,quantile,0.4,85
2026-10-10,45,2,wk inc flu hosp,2026-10-24,quantile,0.45,90
2026-10-10,45,2,wk inc flu hosp,2026-10-24,quantile,0.5,96
2026-10-10,45,2,wk inc flu hosp,2026-10-24,quantile,0.55,101
2026-10-10,45,2,wk inc flu hosp,2026-10-24,quantile,0.6,107
2026-10-10,45,2,wk inc flu hosp,2026-10-24,quantile,0.65,114
2026-10-10,45,2,wk inc flu hosp,2026-10-24,quantile,0.7,122
2026-10-10,45,2,wk inc flu hosp,2026-10-24,quantile,0.75,131
2026-10-10,45,2,wk inc flu hosp,2026-10-24,quantile,0.8,142
2026-10-10,45,2,wk inc flu hosp,2026-10-24,quantile,0.85,156
2026-10-10,45,2,wk inc flu hosp,2026-10-24,quantile,0.9,177
2026-10-10,45,2,wk inc flu hosp,2026-10-24,quantile,0.95,216
2026-10-10,45,2,wk inc flu hosp,2026-10-24,quantile,0.975,258
2026-10-10,45,2,wk inc flu hosp,2026-10-24,quantile,0.99,319
2026-10-10,45,3,wk inc flu hosp,2026-10-31,quantile,0.01,22
2026-10-10,45,3,wk inc flu hosp,2026-10-31,quantile,0.025,34
2026-10-10,45,3,wk inc flu hosp,2026-10-31,quantile,0.05,45
2026-10-10,45,3,wk inc flu hosp,2026-10-31,quantile,0.1,60
2026-10-10,45,3,wk inc flu hosp,2026-10-31,quantile,0.15,70
2026-10-10,45,3,wk inc flu hosp,2026-10-31,quantile,0.2,79
2026-10-10,45,3,wk inc flu hosp,2026-10-31,quantile,0.25,88
2026-10-10,45,3,wk inc flu hosp,2026-10-31,quantile,0.3,96
2026-10-10,45,3,wk inc flu hosp,2026-10-31,quantile,0.35,103
2026-10-10,45,3,wk inc flu hosp,2026-10-31,quantile,0.4,111
2026-10-10,45,3,wk inc flu hosp,2026-10-31,quantile,0.45,119
2026-10-10,45,3,wk inc flu hosp,2026-10-31,quantile,0.5,127
2026-10-10,45,3,wk inc flu hosp,2026-10-31,quantile,0.55,136
2026-10-10,45,3,wk inc flu hosp,2026-10-31,quantile,0.6,146
2026-10-10,45,3,wk inc flu hosp,2026-10-31,quantile,0.65,156
2026-10-10,45,3,wk inc flu hosp,2026-10-31,quantile,0.7,169
2026-10-10,45,3,wk inc flu hosp,2026-10-31,quantile,0.75,183
2026-10-10,45,3,wk inc flu hosp,2026-10-31,quantile,0.8,202
2026-10-10,45,3,wk inc flu hosp,2026-10-31,quantile,0.85,227
2026-10-10,45,3,wk inc flu hosp,2026-10-31,quantile,0.9,266
2026-10-10,45,3,wk inc flu hosp,2026-10-31,quantile,0.95,339
2026-10-10,45,3,wk inc flu hosp,2026-10-31,quantile,0.975,421
2026-10-10,45,3,wk inc flu hosp,2026-10-31,quantile,0.99,550
2026-10-10,46,0,wk inc flu hosp,2026-10-10,quantile,0.01,0
2026-10-10,46,0,wk inc flu hosp,2026-10-10,quantile,0.025,0
2026-10-10,46,0,wk inc flu hosp,2026-10-10,quantile,0.05,1
2026-10-10,46,0,wk inc flu hosp,2026-10-10,quantile,0.1,2
2026-10-10,46,0,wk inc flu hosp,2026-10-10,quantile,0.15,3
2026-10-10,46,0,wk inc flu hosp,2026-10-10,quantile,0.2,3
2026-10-10,46,0,wk inc flu hosp,2026-10-10,quantile,0.25,4
2026-10-10,46,0,wk inc flu hosp,2026-10-10,quantile,0.3,4
2026-10-10,46,0,wk inc flu hosp,2026-10-10,quantile,0.35,5
2026-10-10,46,0,wk inc flu hosp,2026-10-10,quantile,0.4,6
2026-10-10,46,0,wk inc flu hosp,2026-10-10,quantile,0.45,6
2026-10-10,46,0,wk inc flu hosp,2026-10-10,quantile,0.5,7
2026-10-10,46,0,wk inc flu hosp,2026-10-10,quantile,0.55,8
2026-10-10,46,0,wk inc flu hosp,2026-10-10,quantile,0.6,8
2026-10-10,46,0,wk inc flu hosp,2026-10-10,quantile,0.65,9
2026-10-10,46,0,wk inc flu hosp,2026-10-10,quantile,0.7,10
2026-10-10,46,0,wk inc flu hosp,2026-10-10,quantile,0.75,11
2026-10-10,46,0,wk inc flu hosp,2026-10-10,quantile,0.8,12
2026-10-10,46,0,wk inc flu hosp,2026-10-10,quantile,0.85,14
2026-10-10,46,0,wk inc flu hosp,2026-10-10,quantile,0.9,16
2026-10-10,46,0,wk inc flu hosp,2026-10-10,quantile,0.95,19
2026-10-10,46,0,wk inc flu hosp,2026-10-10,quantile,0.975,23
2026-10-10,46,0,wk inc flu hosp,2026-10-10,quantile,0.99,28
2026-10-10,46,1,wk inc flu hosp,2026-10-17,quantile,0.01,0
2026-10-10,46,1,wk inc flu hosp,2026-10-17,quantile,0.025,1
2026-10-10,46,1,wk inc flu hosp,2026-10-17,quantile,0.05,1
2026-10-10,46,1,wk inc flu hosp,2026-10-17,quantile,0.1,2
2026-10-10,46,1,wk inc flu hosp,2026-10-17,quantile,0.15,3
2026-10-10,46,1,wk inc flu hosp,2026-10-17,quantile,0.2,4
2026-10-10,46,1,wk inc flu hosp,2026-10-17,quantile,0.25,5
2026-10-10,46,1,wk inc flu hosp,2026-10-17,quantile,0.3,6
2026-10-10,46,1,wk inc flu hosp,2026-10-17,quantile,0.35,7
2026-10-10,46,1,wk inc flu hosp,2026-10-17,quantile,0.4,8
2026-10-10,46,1,wk inc flu hosp,2026-10-17,quantile,0.45,8
2026-10-10,46,1,wk inc flu hosp,2026-10-17,quantile,0.5,9
2026-10-10,46,1,wk inc flu hosp,2026-10-17,quantile,0.55,10
2026-10-10,46,1,wk inc flu hosp,2026-10-17,quantile,0.6,11
2026-10-10,46,1,wk inc flu hosp,2026-10-17,quantile,0.65,13
2026-10-10,46,1,wk inc flu hosp,2026-10-17,quantile,0.7,14
2026-10-10,46,1,wk inc flu hosp,2026-10-17,quantile,0.75,15
2026-10-10,46,1,wk inc flu hosp,2026-10-17,quantile,0.8,17
2026-10-10,46,1,wk inc flu hosp,2026-10-17,quantile,0.85,20
2026-10-10,46,1,wk inc flu hosp,2026-10-17,quantile,0.9,23
2026-10-10,46,1,wk inc flu hosp,2026-10-17,quantile,0.95,29
2026-10-10,46,1,wk inc flu hosp,2026-10-17,quantile,0.975,35
2026-10-10,46,1,wk inc flu hosp,2026-10-17,quantile,0.99,45
2026-10-10,46,2,wk inc flu hosp,2026-10-24,quantile,0.01,0
2026-10-10,46,2,wk inc flu hosp,2026-10-24,quantile,0.025,1
2026-10-10,46,2,wk inc flu hosp,2026-10-24,quantile,0.05,2
2026-10-10,46,2,wk inc flu hosp,2026-10-24,quantile,0.1,3
2026-10-10,46,2,wk inc flu hosp,2026-10-24,quantile,0.15,4
2026-10-10,46,2,wk inc flu hosp,2026-10-24,quantile,0.2,6
2026-10-10,46,2,wk inc flu hosp,2026-10-24,quantile,0.25,7
2026-10-10,46,2,wk inc flu hosp,2026-10-24,quantile,0.3,8
2026-10-10,46,2,wk inc flu hosp,2026-10-24,quantile,0.35,9
2026-10-10,46,2,wk inc flu hosp,2026-10-24,quantile,0.4,10
2026-10-10,46,2,wk inc flu hosp,2026-10-24,quantile,0.45,11
2026-10-10,46,2,wk inc flu hosp,2026-10-24,quantile,0.5,13
2026-10-10,46,2,wk inc flu hosp,2026-10-24,quantile,0.55,14
2026-10-10,46,2,wk inc flu hosp,2026-10-24,quantile,0.6,16
2026-10-10,46,2,wk inc flu hosp,2026-10-24,quantile,0.65,17
2026-10-10,46,2,wk inc flu hosp,2026-10-24,quantile,0.7,19
2026-10-10,46,2,wk inc flu hosp,2026-10-24,quantile,0.75,22
2026-10-10,46,2,wk inc flu hosp,2026-10-24,quantile,0.8,25
2026-10-10,46,2,wk inc flu hosp,2026-10-24,quantile,0.85,29
2026-10-10,46,2,wk inc flu hosp,2026-10-24,quantile,0.9,34
2026-10-10,46,2,wk inc flu hosp,2026-10-24,quantile,0.95,45
2026-10-10,46,2,wk inc flu hosp,2026-10-24,quantile,0.975,57
2026-10-10,46,2,wk inc flu hosp,2026-10-24,quantile,0.99,76
2026-10-10,46,3,wk inc flu hosp,2026-10-31,quantile,0.01,0
2026-10-10,46,3,wk inc flu hosp,2026-10-31,quantile,0.025,1
2026-10-10,46,3,wk inc flu hosp,2026-10-31,quantile,0.05,2
2026-10-10,46,3,wk inc flu hosp,2026-10-31,quantile,0.1,4
2026-10-10,46,3,wk inc flu hosp,2026-10-31,quantile,0.15,6
2026-10-10,46,3,wk inc flu hosp,2026-10-31,quantile,0.2,7
2026-10-10,46,3,wk inc flu hosp,2026-10-31,quantile,0.25,9
2026-10-10,46,3,wk inc flu hosp,2026-10-31,quantile,0.3,10
2026-10-10,46,3,wk inc flu hosp,2026-10-31,quantile,0.35,12
2026-10-10,46,3,wk inc flu hosp,2026-10-31,quantile,0.4,13
2026-10-10,46,3,wk inc flu hosp,2026-10-31,quantile,0.45,15
2026-10-10,46,3,wk inc flu hosp,2026-10-31,quantile,0.5,17
2026-10-10,46,3,wk inc flu hosp,2026-10-31,quantile,0.55,19
2026-10-10,46,3,wk inc flu hosp,2026-10-31,quantile,0.6,21
2026-10-10,46,3,wk inc flu hosp,2026-10-31,quantile,0.65,24
2026-10-10,46,3,wk inc flu hosp,2026-10-31,quantile,0.7,27
2026-10-10,46,3,wk inc flu hosp,2026-10-31,quantile,0.75,31
2026-10-10,46,3,wk inc flu hosp,2026-10-31,quantile,0.8,35
2026-10-10,46,3,wk inc flu hosp,2026-10-31,quantile,0.85,41
2026-10-10,46,3,wk inc flu hosp,2026-10-31,quantile,0.9,51
2026-10-10,46,3,wk inc flu hosp,2026-10-31,quantile,0.95,70
2026-10-10,46,3,wk inc flu hosp,2026-10-31,quantile,0.975,93
2026-10-10,46,3,wk inc flu hosp,2026-10-31,quantile,0.99,131
2026-10-10,47,0,wk inc flu hosp,2026-10-10,quantile,0.01,48
2026-10-10,47,0,wk inc flu hosp,2026-10-10,quantile,0.025,55
2026-10-10,47,0,wk inc flu hosp,2026-10-10,quantile,0.05,62
2026-10-10,47,0,wk inc flu hosp,2026-10-10,quantile,0.1,69
2026-10-10,47,0,wk inc flu hosp,2026-10-10,quantile,0.15,75
2026-10-10,47,0,wk inc flu hosp,2026-10-10,quantile,0.2,79
2026-10-10,47,0,wk inc flu hosp,2026-10-10,quantile,0.25,83
2026-10-10,47,0,wk inc flu hosp,2026-10-10,quantile,0.3,86
2026-10-10,47,0,wk inc flu hosp,2026-10-10,quantile,0.35,90
2026-10-10,47,0,wk inc flu hosp,2026-10-10,quantile,0.4,93
2026-10-10,47,0,wk inc flu hosp,2026-10-10,quantile,0.45,96
2026-10-10,47,0,wk inc flu hosp,2026-10-10,quantile,0.5,99
2026-10-10,47,0,wk inc flu hosp,2026-10-10,quantile,0.55,102
2026-10-10,47,0,wk inc flu hosp,2026-10-10,quantile,0.6,105
2026-10-10,47,0,wk inc flu hosp,2026-10-10,quantile,0.65,109
2026-10-10,47,0,wk inc flu hosp,2026-10-10,quantile,0.7,113
2026-10-10,47,0,wk inc flu hosp,2026-10-10,quantile,0.75,117
2026-10-10,47,0,wk inc flu hosp,2026-10-10,quantile,0.8,122
2026-10-10,47,0,wk inc flu hosp,2026-10-10,quantile,0.85,128
2026-10-10,47,0,wk inc flu hosp,2026-10-10,quantile,0.9,135
2026-10-10,47,0,wk inc flu hosp,2026-10-10,quantile,0.95,147
2026-10-10,47,0,wk inc flu hosp,2026-10-10,quantile,0.975,159
2026-10-10,47,0,wk inc flu hosp,2026-10-10,quantile,0.99,174
2026-10-10,47,1,wk inc flu hosp,2026-10-17,quantile,0.01,46
2026-10-10,47,1,wk inc flu hosp,2026-10-17,quantile,0.025,58
2026-10-10,47,1,wk inc flu hosp,2026-10-17,quantile,0.05,68
2026-10-10,47,1,wk inc flu hosp,2026-10-17,quantile,0.1,80
2026-10-10,47,1,wk inc flu hosp,2026-10-17,quantile,0.15,88
2026-10-10,47,1,wk inc flu hosp,2026-10-17,quantile,0.2,95
2026-10-10,47,1,wk inc flu hosp,2026-10-17,quantile,0.25,101
2026-10-10,47,1,wk inc flu hosp,2026-10-17,quantile,0.3,106
2026-10-10,47,1,wk inc flu hosp,2026-10-17,quantile,0.35,111
2026-10-10,47,1,wk inc flu hosp,2026-10-17,quantile,0.4,116
2026-10-10,47,1,wk inc flu hosp,2026-10-17,quantile,0.45,121
2026-10-10,47,1,wk inc flu hosp,2026-10-17,quantile,0.5,126
2026-10-10,47,1,wk inc flu hosp,2026-10-17,quantile,0.55,131
2026-10-10,47,1,wk inc flu hosp,2026-10-17,quantile,0.6,137
2026-10-10,47,1,wk inc flu hosp,2026-10-17,quantile,0.65,143
2026-10-10,47,1,wk inc flu hosp,2026-10-17,quantile,0.7,149
2026-10-10,47,1,wk inc flu hosp,2026-10-17,quantile,0.75,156
2026-10-10,47,1,wk inc flu hosp,2026-10-17,quantile,0.8,164
2026-10-10,47,1,wk inc flu hosp,2026-10-17,quantile,0.85,174
2026-10-10,47,1,wk inc flu hosp,2026-10-17,quantile,0.9,188
2026-10-10,47,1,wk inc flu hosp,2026-10-17,quantile,0.95,212
2026-10-10,47,1,wk inc flu hosp,2026-10-17,quantile,0.975,238
2026-10-10,47,1,wk inc flu hosp,2026-10-17,quantile,0.99,276
2026-10-10,47,2,wk inc flu hosp,2026-10-24,quantile,0.01,42
2026-10-10,47,2,wk inc flu hosp,2026-10-24,quantile,0.025,58
2026-10-10,47,2,wk inc flu hosp,2026-10-24,quantile,0.05,73
2026-10-10,47,2,wk inc flu hosp,2026-10-24,quantile,0.1,91
2026-10-10,47,2,wk inc flu hosp,2026-10-24,quantile,0.15,104
2026-10-10,47,2,wk inc flu hosp,2026-10-24,quantile,0.2,114
2026-10-10,47,2,wk inc flu hosp,2026-10-24,quantile,0.25,122
2026-10-10,47,2,wk inc flu hosp,2026-10-24,quantile,0.3,130
2026-10-10,47,2,wk inc flu hosp,2026-10-24,quantile,0.35,138
2026-10-10,47,2,wk inc flu hosp,2026-10-24,quantile,0.4,146
2026-10-10,47,2,wk inc flu hosp,2026-10-24,quantile,0.45,153
2026-10-10,47,2,wk inc flu hosp,2026-10-24,quantile,0.5,161
2026-10-10,47,2,wk inc flu hosp,2026-10-24,quantile,0.55,169
2026-10-10,47,2,wk inc flu hosp,2026-10-24,quantile,0.6,177
2026-10-10,47,2,wk inc flu hosp,2026-10-24,quantile,0.65,186
2026-10-10,47,2,wk inc flu hosp,2026-10-24,quantile,0.7,196
2026-10-10,47,2,wk inc flu hosp,2026-10-24,quantile,0.75,208
2026-10-10,47,2,wk inc flu hosp,2026-10-24,quantile,0.8,222
2026-10-10,47,2,wk inc flu hosp,2026-10-24,quantile,0.85,239
2026-10-10,47,2,wk inc flu hosp,2026-10-24,quantile,0.9,264
2026-10-10,47,2,wk inc flu hosp,2026-10-24,quantile,0.95,311
2026-10-10,47,2,wk inc flu hosp,2026-10-24,quantile,0.975,366
2026-10-10,47,2,wk inc flu hosp,2026-10-24,quantile,0.99,451
2026-10-10,47,3,wk inc flu hosp,2026-10-31,quantile,0.01,39
2026-10-10,47,3,wk inc flu hosp,2026-10-31,quantile,0.025,59
2026-10-10,47,3,wk inc flu hosp,2026-10-31,quantile,0.05,78
2026-10-10,47,3,wk inc flu hosp,2026-10-31,quantile,0.1,103
2026-10-10,47,3,wk inc flu hosp,2026-10-31,quantile,0.15,121
2026-10-10,47,3,wk inc flu hosp,2026-10-31,quantile,0.2,135
2026-10-10,47,3,wk inc flu hosp,2026-10-31,quantile,0.25,147
2026-10-10,47,3,wk inc flu hosp,2026-10-31,quantile,0.3,159
2026-10-10,47,3,wk inc flu hosp,2026-10-31,quantile,0.35,170
2026-10-10,47,3,wk inc flu hosp,2026-10-31,quantile,0.4,181
2026-10-10,47,3,wk inc flu hosp,2026-10-31,quantile,0.45,192
2026-10-10,47,3,wk inc flu hosp,2026-10-31,quantile,0.5,203
2026-10-10,47,3,wk inc flu hosp,2026-10-31,quantile,0.55,215
2026-10-10,47,3,wk inc flu hosp,2026-10-31,quantile,0.6,228
2026-10-10,47,3,wk inc flu hosp,2026-10-31,quantile,0.65,242
2026-10-10,47,3,wk inc flu hosp,2026-10-31,quantile,0.7,257
2026-10-10,47,3,wk inc flu hosp,2026-10-31,quantile,0.75,275
2026-10-10,47,3,wk inc flu hosp,2026-10-31,quantile,0.8,297
2026-10-10,47,3,wk inc flu hosp,2026-10-31,quantile,0.85,326
2026-10-10,47,3,wk inc flu hosp,2026-10-31,quantile,0.9,369
2026-10-10,47,3,wk inc flu hosp,2026-10-31,quantile,0.95,455
2026-10-10,47,3,wk inc flu hosp,2026-10-31,quantile,0.975,560
2026-10-10,47,3,wk inc flu hosp,2026-10-31,quantile,0.99,730
2026-10-10,48,0,wk inc flu hosp,2026-10-10,quantile,0.01,244
2026-10-10,48,0,wk inc flu hosp,2026-10-10,quantile,0.025,272
2026-10-10,48,0,wk inc flu hosp,2026-10-10,quantile,0.05,296
2026-10-10,48,0,wk inc flu hosp,2026-10-10,quantile,0.1,324
2026-10-10,48,0,wk inc flu hosp,2026-10-10,quantile,0.15,344
2026-10-10,48,0,wk inc flu hosp,2026-10-10,quantile,0.2,359
2026-10-10,48,0,wk inc flu hosp,2026-10-10,quantile,0.25,373
2026-10-10,48,0,wk inc flu hosp,2026-10-10,quantile,0.3,385
2026-10-10,48,0,wk inc flu hosp,2026-10-10,quantile,0.35,397
2026-10-10,48,0,wk inc flu hosp,2026-10-10,quantile,0.4,409
2026-10-10,48,0,wk inc flu hosp,2026-10-10,quantile,0.45,420
2026-10-10,48,0,wk inc flu hosp,2026-10-10,quantile,0.5,431
2026-10-10,48,0,wk inc flu hosp,2026-10-10,quantile,0.55,442
2026-10-10,48,0,wk inc flu hosp,2026-10-10,quantile,0.6,454
2026-10-10,48,0,wk inc flu hosp,2026-10-10,quantile,0.65,467
2026-10-10,48,0,wk inc flu hosp,2026-10-10,quantile,0.7,480
2026-10-10,48,0,wk inc flu hosp,2026-10-10,quantile,0.75,495
2026-10-10,48,0,wk inc flu hosp,2026-10-10,quantile,0.8,512
2026-10-10,48,0,wk inc flu hosp,2026-10-10,quantile,0.85,533
2026-10-10,48,0,wk inc flu hosp,2026-10-10,quantile,0.9,561
2026-10-10,48,0,wk inc flu hosp,2026-10-10,quantile,0.95,605
2026-10-10,48,0,wk inc flu hosp,2026-10-10,quantile,0.975,648
2026-10-10,48,0,wk inc flu hosp,2026-10-10,quantile,0.99,704
2026-10-10,48,1,wk inc flu hosp,2026-10-17,quantile,0.01,247
2026-10-10,48,1,wk inc flu hosp,2026-10-17,quantile,0.025,292
2026-10-10,48,1,wk inc flu hosp,2026-10-17,quantile,0.05,331
2026-10-10,48,1,wk inc flu hosp,2026-10-17,quantile,0.1,377
2026-10-10,48,1,wk inc flu hosp,2026-10-17,quantile,0.15,408
2026-10-10,48,1,wk inc flu hosp,2026-10-17,quantile,0.2,434
2026-10-10,48,1,wk inc flu hosp,2026-10-17,quantile,0.25,456
2026-10-10,48,1,wk inc flu hosp,2026-10-17,quantile,0.3,477
2026-10-10,48,1,wk inc flu hosp,2026-10-17,quantile,0.35,496
2026-10-10,48,1,wk inc flu hosp,2026-10-17,quantile,0.4,515
2026-10-10,48,1,wk inc flu hosp,2026-10-17,quantile,0.45,534
2026-10-10,48,1,wk inc flu hosp,2026-10-17,quantile,0.5,553
2026-10-10,48,1,wk inc flu hosp,2026-10-17,quantile,0.55,572
2026-10-10,48,1,wk inc flu hosp,2026-10-17,quantile,0.6,593
2026-10-10,48,1,wk inc flu hosp,2026-10-17,quantile,0.65,614
2026-10-10,48,1,wk inc flu hosp,2026-10-17,quantile,0.7,638
2026-10-10,48,1,wk inc flu hosp,2026-10-17,quantile,0.75,664
2026-10-10,48,1,wk inc flu hosp,2026-10-17,quantile,0.8,696
2026-10-10,48,1,wk inc flu hosp,2026-10-17,quantile,0.85,734
2026-10-10,48,1,wk inc flu hosp,2026-10-17,quantile,0.9,788
2026-10-10,48,1,wk inc flu hosp,2026-10-17,quantile,0.95,879
2026-10-10,48,1,wk inc flu hosp,2026-10-17,quantile,0.975,972
2026-10-10,48,1,wk inc flu hosp,2026-10-17,quantile,0.99,1099
2026-10-10,48,2,wk inc flu hosp,2026-10-24,quantile,0.01,238
2026-10-10,48,2,wk inc flu hosp,2026-10-24,quantile,0.025,302
2026-10-10,48,2,wk inc flu hosp,2026-10-24,quantile,0.05,361
2026-10-10,48,2,wk inc flu hosp,2026-10-24,quantile,0.1,431
2026-10-10,48,2,wk inc flu hosp,2026-10-24,quantile,0.15,479
2026-10-10,48,2,wk inc flu hosp,2026-10-24,quantile,0.2,518
2026-10-10,48,2,wk inc flu hosp,2026-10-24,quantile,0.25,553
2026-10-10,48,2,wk inc flu hosp,2026-10-24,quantile,0.3,585
2026-10-10,48,2,wk inc flu hosp,2026-10-24,quantile,0.35,616
2026-10-10,48,2,wk inc flu hosp,2026-10-24,quantile,0.4,646
2026-10-10,48,2,wk inc flu hosp,2026-10-24,quantile,0.45,676
2026-10-10,48,2,wk inc flu hosp,2026-10-24,quantile,0.5,707
2026-10-10,48,2,wk inc flu hosp,2026-10-24,quantile,0.55,739
2026-10-10,48,2,wk inc flu hosp,2026-10-24,quantile,0.6,772
2026-10-10,48,2,wk inc flu hosp,2026-10-24,quantile,0.65,808
2026-10-10,48,2,wk inc flu hosp,2026-10-24,quantile,0.7,847
2026-10-10,48,2,wk inc flu hosp,2026-10-24,quantile,0.75,893
2026-10-10,48,2,wk inc flu hosp,2026-10-24,quantile,0.8,947
2026-10-10,48,2,wk inc flu hosp,2026-10-24,quantile,0.85,1017
2026-10-10,48,2,wk inc flu hosp,2026-10-24,quantile,0.9,1116
2026-10-10,48,2,wk inc flu hosp,2026-10-24,quantile,0.95,1292
2026-10-10,48,2,wk inc flu hosp,2026-10-24,quantile,0.975,1479
2026-10-10,48,2,wk inc flu hosp,2026-10-24,quantile,0.99,1745
2026-10-10,48,3,wk inc flu hosp,2026-10-31,quantile,0.01,226
2026-10-10,48,3,wk inc flu hosp,2026-10-31,quantile,0.025,310
2026-10-10,48,3,wk inc flu hosp,2026-10-31,quantile,0.05,390
2026-10-10,48,3,wk inc flu hosp,2026-10-31,quantile,0.1,488
2026-10-10,48,3,wk inc flu hosp,2026-10-31,quantile,0.15,558
2026-10-10,48,3,wk inc flu hosp,2026-10-31,quantile,0.2,615
2026-10-10,48,3,wk inc flu hosp,2026-10-31,quantile,0.25,665
2026-10-10,48,3,wk inc flu hosp,2026-10-31,quantile,0.3,712
2026-10-10,48,3,wk inc flu hosp,2026-10-31,quantile,0.35,759
2026-10-10,48,3,wk inc flu hosp,2026-10-31,quantile,0.4,804
2026-10-10,48,3,wk inc flu hosp,2026-10-31,quantile,0.45,850
2026-10-10,48,3,wk inc flu hosp,2026-10-31,quantile,0.5,898
2026-10-10,48,3,wk inc flu hosp,2026-10-31,quantile,0.55,947
2026-10-10,48,3,wk inc flu hosp,2026-10-31,quantile,0.6,999
2026-10-10,48,3,wk inc flu hosp,2026-10-31,quantile,0.65,1055
2026-10-10,48,3,wk inc flu hosp,2026-10-31,quantile,0.7,1118
2026-10-10,48,3,wk inc flu hosp,2026-10-31,quantile,0.75,1192
2026-10-10,48,3,wk inc flu hosp,2026-10-31,quantile,0.8,1281
2026-10-10,48,3,wk inc flu hosp,2026-10-31,quantile,0.85,1399
2026-10-10,48,3,wk inc flu hosp,2026-10-31,quantile,0.9,1570
2026-10-10,48,3,wk inc flu hosp,2026-10-31,quantile,0.95,1883
2026-10-10,48,3,wk inc flu hosp,2026-10-31,quantile,0.975,2224
2026-10-10,48,3,wk inc flu hosp,2026-10-31,quantile,0.99,2722
2026-10-10,49,0,wk inc flu hosp,2026-10-10,quantile,0.01,11
2026-10-10,49,0,wk inc flu hosp,2026-10-10,quantile,0.025,14
2026-10-10,49,0,wk inc flu hosp,2026-10-10,quantile,0.05,17
2026-10-10,49,0,wk inc flu hosp,2026-10-10,quantile,0.1,20
2026-10-10,49,0,wk inc flu hosp,2026-10-10,quantile,0.15,22
2026-10-10,49,0,wk inc flu hosp,2026-10-10,quantile,0.2,24
2026-10-10,49,0,wk inc flu hosp,2026-10-10,quantile,0.25,26
2026-10-10,49,0,wk inc flu hosp,2026-10-10,quantile,0.3,28
2026-10-10,49,0,wk inc flu hosp,2026-10-10,quantile,0.35,29
2026-10-10,49,0,wk inc flu hosp,2026-10-10,quantile,0.4,31
2026-10-10,49,0,wk inc flu hosp,2026-10-10,quantile,0.45,32
2026-10-10,49,0,wk inc flu hosp,2026-10-10,quantile,0.5,34
2026-10-10,49,0,wk inc flu hosp,2026-10-10,quantile,0.55,36
2026-10-10,49,0,wk inc flu hosp,2026-10-10,quantile,0.6,37
2026-10-10,49,0,wk inc flu hosp,2026-10-10,quantile,0.65,39
2026-10-10,49,0,wk inc flu hosp,2026-10-10,quantile,0.7,41
2026-10-10,49,0,wk inc flu hosp,2026-10-10,quantile,0.75,43
2026-10-10,49,0,wk inc flu hosp,2026-10-10,quantile,0.8,45
2026-10-10,49,0,wk inc flu hosp,2026-10-10,quantile,0.85,48
2026-10-10,49,0,wk inc flu hosp,2026-10-10,quantile,0.9,52
2026-10-10,49,0,wk inc flu hosp,2026-10-10,quantile,0.95,59
2026-10-10,49,0,wk inc flu hosp,2026-10-10,quantile,0.975,65
2026-10-10,49,0,wk inc flu hosp,2026-10-10,quantile,0.99,73
2026-10-10,49,1,wk inc flu hosp,2026-10-17,quantile,0.01,10
2026-10-10,49,1,wk inc flu hosp,2026-10-17,quantile,0.025,14
2026-10-10,49,1,wk inc flu hosp,2026-10-17,quantile,0.05,18
2026-10-10,49,1,wk inc flu hosp,2026-10-17,quantile,0.1,23
2026-10-10,49,1,wk inc flu hosp,2026-10-17,quantile,0.15,26
2026-10-10,49,1,wk inc flu hosp,2026-10-17,quantile,0.2,29
2026-10-10,49,1,wk inc flu hosp,2026-10-17,quantile,0.25,32
2026-10-10,49,1,wk inc flu hosp,2026-10-17,quantile,0.3,34
2026-10-10,49,1,wk inc flu hosp,2026-10-17,quantile,0.35,36
2026-10-10,49,1,wk inc flu hosp,2026-10-17,quantile,0.4,39
2026-10-10,49,1,wk inc flu hosp,2026-10-17,quantile,0.45,41
2026-10-10,49,1,wk inc flu hosp,2026-10-17,quantile,0.5,43
2026-10-10,49,1,wk inc flu hosp,2026-10-17,quantile,0.55,46
2026-10-10,49,1,wk inc flu hosp,2026-10-17,quantile,0.6,48
2026-10-10,49,1,wk inc flu hosp,2026-10-17,quantile,0.65,51
2026-10-10,49,1,wk inc flu hosp,2026-10-17,quantile,0.7,54
2026-10-10,49,1,wk inc flu hosp,2026-10-17,quantile,0.75,57
2026-10-10,49,1,wk inc flu hosp,2026-10-17,quantile,0.8,61
2026-10-10,49,1,wk inc flu hosp,2026-10-17,quantile,0.85,66
2026-10-10,49,1,wk inc flu hosp,2026-10-17,quantile,0.9,73
2026-10-10,49,1,wk inc flu hosp,2026-10-17,quantile,0.95,84
2026-10-10,49,1,wk inc flu hosp,2026-10-17,quantile,0.975,97
2026-10-10,49,1,wk inc flu hosp,2026-10-17,quantile,0.99,115
2026-10-10,49,2,wk inc flu hosp,2026-10-24,quantile,0.01,9
2026-10-10,49,2,wk inc flu hosp,2026-10-24,quantile,0.025,14
2026-10-10,49,2,wk inc flu hosp,2026-10-24,quantile,0.05,19
2026-10-10,49,2,wk inc flu hosp,2026-10-24,quantile,0.1,25
2026-10-10,49,2,wk inc flu hosp,2026-10-24,quantile,0.15,30
2026-10-10,49,2,wk inc flu hosp,2026-10-24,quantile,0.2,34
2026-10-10,49,2,wk inc flu hosp,2026-10-24,quantile,0.25,38
2026-10-10,49,2,wk inc flu hosp,2026-10-24,quantile,0.3,42
2026-10-10,49,2,wk inc flu hosp,2026-10-24,quantile,0.35,45
2026-10-10,49,2,wk inc flu hosp,2026-10-24,quantile,0.4,48
2026-10-10,49,2,wk inc flu hosp,2026-10-24,quantile,0.45,52
2026-10-10,49,2,wk inc flu hosp,2026-10-24,quantile,0.5,55
2026-10-10,49,2,wk inc flu hosp,2026-10-24,quantile,0.55,59
2026-10-10,49,2,wk inc flu hosp,2026-10-24,quantile,0.6,63
2026-10-10,49,2,wk inc flu hosp,2026-10-24,quantile,0.65,67
2026-10-10,49,2,wk inc flu hosp,2026-10-24,quantile,0.7,71
2026-10-10,49,2,wk inc flu hosp,2026-10-24,quantile,0.75,76
2026-10-10,49,2,wk inc flu hosp,2026-10-24,quantile,0.8,83
2026-10-10,49,2,wk inc flu hosp,2026-10-24,quantile,0.85,91
2026-10-10,49,2,wk inc flu hosp,2026-10-24,quantile,0.9,102
2026-10-10,49,2,wk inc flu hosp,2026-10-24,quantile,0.95,124
2026-10-10,49,2,wk inc flu hosp,2026-10-24,quantile,0.975,148
2026-10-10,49,2,wk inc flu hosp,2026-10-24,quantile,0.99,188
2026-10-10,49,3,wk inc flu hosp,2026-10-31,quantile,0.01,8
2026-10-10,49,3,wk inc flu hosp,2026-10-31,quantile,0.025,13
2026-10-10,49,3,wk inc flu hosp,2026-10-31,quantile,0.05,20
2026-10-10,49,3,wk inc flu hosp,2026-10-31,quantile,0.1,28
2026-10-10,49,3,wk inc flu hosp,2026-10-31,quantile,0.15,35
2026-10-10,49,3,wk inc flu hosp,2026-10-31,quantile,0.2,41
2026-10-10,49,3,wk inc flu hosp,2026-10-31,quantile,0.25,46
2026-10-10,49,3,wk inc flu hosp,2026-10-31,quantile,0.3,51
2026-10-10,49,3,wk inc flu hosp,2026-10-31,quantile,0.35,56
2026-10-10,49,3,wk inc flu hosp,2026-10-31,quantile,0.4,60
2026-10-10,49,3,wk inc flu hosp,2026-10-31,quantile,0.45,65
2026-10-10,49,3,wk inc flu hosp,2026-10-31,quantile,0.5,70
2026-10-10,49,3,wk inc flu hosp,2026-10-31,quantile,0.55,75
2026-10-10,49,3,wk inc flu hosp,2026-10-31,quantile,0.6,81
2026-10-10,49,3,wk inc flu hosp,2026-10-31,quantile,0.65,87
2026-10-10,49,3,wk inc flu hosp,2026-10-31,quantile,0.7,94
2026-10-10,49,3,wk inc flu hosp,2026-10-31,quantile,0.75,102
2026-10-10,49,3,wk inc flu hosp,2026-10-31,quantile,0.8,112
2026-10-10,49,3,wk inc flu hosp,2026-10-31,quantile,0.85,125
2026-10-10,49,3,wk inc flu hosp,2026-10-31,quantile,0.9,144
2026-10-10,49,3,wk inc flu hosp,2026-10-31,quantile,0.95,181
2026-10-10,49,3,wk inc flu hosp,2026-10-31,quantile,0.975,225
2026-10-10,49,3,wk inc flu hosp,2026-10-31,quantile,0.99,297
2026-10-10,50,0,wk inc flu hosp,2026-10-10,quantile,0.01,0
2026-10-10,50,0,wk inc flu hosp,2026-10-10,quantile,0.025,0
2026-10-10,50,0,wk inc flu hosp,2026-10-10,quantile,0.05,0
2026-10-10,50,0,wk inc flu hosp,2026-10-10,quantile,0.1,1
2026-10-10,50,0,wk inc flu hosp,2026-10-10,quantile,0.15,1
2026-10-10,50,0,wk inc flu hosp,2026-10-10,quantile,0.2,2
2026-10-10,50,0,wk inc flu hosp,2026-10-10,quantile,0.25,2
2026-10-10,50,0,wk inc flu hosp,2026-10-10,quantile,0.3,2
2026-10-10,50,0,wk inc flu hosp,2026-10-10,quantile,0.35,3
2026-10-10,50,0,wk inc flu hosp,2026-10-10,quantile,0.4,3
2026-10-10,50,0,wk inc flu hosp,2026-10-10,quantile,0.45,4
2026-10-10,50,0,wk inc flu hosp,2026-10-10,quantile,0.5,4
2026-10-10,50,0,wk inc flu hosp,2026-10-10,quantile,0.55,5
2026-10-10,50,0,wk inc flu hosp,2026-10-10,quantile,0.6,5
2026-10-10,50,0,wk inc flu hosp,2026-10-10,quantile,0.65,6
2026-10-10,50,0,wk inc flu hosp,2026-10-10,quantile,0.7,7
2026-10-10,50,0,wk inc flu hosp,2026-10-10,quantile,0.75,7
2026-10-10,50,0,wk inc flu hosp,2026-10-10,quantile,0.8,8
2026-10-10,50,0,wk inc flu hosp,2026-10-10,quantile,0.85,10
2026-10-10,50,0,wk inc flu hosp,2026-10-10,quantile,0.9,11
2026-10-10,50,0,wk inc flu hosp,2026-10-10,quantile,0.95,14
2026-10-10,50,0,wk inc flu hosp,2026-10-10,quantile,0.975,18
2026-10-10,50,0,wk inc flu hosp,2026-10-10,quantile,0.99,22
2026-10-10,50,1,wk inc flu hosp,2026-10-17,quantile,0.01,0
2026-10-10,50,1,wk inc flu hosp,2026-10-17,quantile,0.025,0
2026-10-10,50,1,wk inc flu hosp,2026-10-17,quantile,0.05,0
2026-10-10,50,1,wk inc flu hosp,2026-10-17,quantile,0.1,1
2026-10-10,50,1,wk inc flu hosp,2026-10-17,quantile,0.15,2
2026-10-10,50,1,wk inc flu hosp,2026-10-17,quantile,0.2,2
2026-10-10,50,1,wk inc flu hosp,2026-10-17,quantile,0.25,3
2026-10-10,50,1,wk inc flu hosp,2026-10-17,quantile,0.3,3
2026-10-10,50,1,wk inc flu hosp,2026-10-17,quantile,0.35,4
2026-10-10,50,1,wk inc flu hosp,2026-10-17,quantile,0.4,5
2026-10-10,50,1,wk inc flu hosp,2026-10-17,quantile,0.45,5
2026-10-10,50,1,wk inc flu hosp,2026-10-17,quantile,0.5,6
2026-10-10,50,1,wk inc flu hosp,2026-10-17,quantile,0.55,7
2026-10-10,50,1,wk inc flu hosp,2026-10-17,quantile,0.6,7
2026-10-10,50,1,wk inc flu hosp,2026-10-17,quantile,0.65,8
2026-10-10,50,1,wk inc flu hosp,2026-10-17,quantile,0.7,9
2026-10-10,50,1,wk inc flu hosp,2026-10-17,quantile,0.75,11
2026-10-10,50,1,wk inc flu hosp,2026-10-17,quantile,0.8,12
2026-10-10,50,1,wk inc flu hosp,2026-10-17,quantile,0.85,14
2026-10-10,50,1,wk inc flu hosp,2026-10-17,quantile,0.9,17
2026-10-10,50,1,wk inc flu hosp,2026-10-17,quantile,0.95,22
2026-10-10,50,1,wk inc flu hosp,2026-10-17,quantile,0.975,27
2026-10-10,50,1,wk inc flu hosp,2026-10-17,quantile,0.99,35
2026-10-10,50,2,wk inc flu hosp,2026-10-24,quantile,0.01,0
2026-10-10,50,2,wk inc flu hosp,2026-10-24,quantile,0.025,0
2026-10-10,50,2,wk inc flu hosp,2026-10-24,quantile,0.05,1
2026-10-10,50,2,wk inc flu hosp,2026-10-24,quantile,0.1,2
2026-10-10,50,2,wk inc flu hosp,2026-10-24,quantile,0.15,2
2026-10-10,50,2,wk inc flu hosp,2026-10-24,quantile,0.2,3
2026-10-10,50,2,wk inc flu hosp,2026-10-24,quantile,0.25,4
2026-10-10,50,2,wk inc flu hosp,2026-10-24,quantile,0.3,5
2026-10-10,50,2,wk inc flu hosp,2026-10-24,quantile,0.35,5
2026-10-10,50,2,wk inc flu hosp,2026-10-24,quantile,0.4,6
2026-10-10,50,2,wk inc flu hosp,2026-10-24,quantile,0.45,7
2026-10-10,50,2,wk inc flu hosp,2026-10-24,quantile,0.5,8
2026-10-10,50,2,wk inc flu hosp,2026-10-24,quantile,0.55,9
2026-10-10,50,2,wk inc flu hosp,2026-10-24,quantile,0.6,10
2026-10-10,50,2,wk inc flu hosp,2026-10-24,quantile,0.65,12
2026-10-10,50,2,wk inc flu hosp,2026-10-24,quantile,0.7,13
2026-10-10,50,2,wk inc flu hosp,2026-10-24,quantile,0.75,15
2026-10-10,50,2,wk inc flu hosp,2026-10-24,quantile,0.8,17
2026-10-10,50,2,wk inc flu hosp,2026-10-24,quantile,0.85,21
2026-10-10,50,2,wk inc flu hosp,2026-10-24,quantile,0.9,25
2026-10-10,50,2,wk inc flu hosp,2026-10-24,quantile,0.95,34
2026-10-10,50,2,wk inc flu hosp,2026-10-24,quantile,0.975,43
2026-10-10,50,2,wk inc flu hosp,2026-10-24,quantile,0.99,58
2026-10-10,50,3,wk inc flu hosp,2026-10-31,quantile,0.01,0
2026-10-10,50,3,wk inc flu hosp,2026-10-31,quantile,0.025,0
2026-10-10,50,3,wk inc flu hosp,2026-10-31,quantile,0.05,1
2026-10-10,50,3,wk inc flu hosp,2026-10-31,quantile,0.1,2
2026-10-10,50,3,wk inc flu hosp,2026-10-31,quantile,0.15,3
2026-10-10,50,3,wk inc flu hosp,2026-10-31,quantile,0.2,4
2026-10-10,50,3,wk inc flu hosp,2026-10-31,quantile,0.25,5
2026-10-10,50,3,wk inc flu hosp,2026-10-31,quantile,0.3,6
2026-10-10,50,3,wk inc flu hosp,2026-10-31,quantile,0.35,7
2026-10-10,50,3,wk inc flu hosp,2026-10-31,quantile,0.4,9
2026-10-10,50,3,wk inc flu hosp,2026-10-31,quantile,0.45,10
2026-10-10,50,3,wk inc flu hosp,2026-10-31,quantile,0.5,11
2026-10-10,50,3,wk inc flu hosp,2026-10-31,quantile,0.55,13
2026-10-10,50,3,wk inc flu hosp,2026-10-31,quantile,0.6,14
2026-10-10,50,3,wk inc flu hosp,2026-10-31,quantile,0.65,16
2026-10-10,50,3,wk inc flu hosp,2026-10-31,quantile,0.7,19
2026-10-10,50,3,wk inc flu hosp,2026-10-31,quantile,0.75,21
2026-10-10,50,3,wk inc flu hosp,2026-10-31,quantile,0.8,25
2026-10-10,50,3,wk inc flu hosp,2026-10-31,quantile,0.85,30
2026-10-10,50,3,wk inc flu hosp,2026-10-31,quantile,0.9,37
2026-10-10,50,3,wk inc flu hosp,2026-10-31,quantile,0.95,51
2026-10-10,50,3,wk inc flu hosp,2026-10-31,quantile,0.975,67
2026-10-10,50,3,wk inc flu hosp,2026-10-31,quantile,0.99,93
2026-10-10,51,0,wk inc flu hosp,2026-10-10,quantile,0.01,21
2026-10-10,51,0,wk inc flu hosp,2026-10-10,quantile,0.025,25
2026-10-10,51,0,wk inc flu hosp,2026-10-10,quantile,0.05,28
2026-10-10,51,0,wk inc flu hosp,2026-10-10,quantile,0.1,33
2026-10-10,51,0,wk inc flu hosp,2026-10-10,quantile,0.15,36
2026-10-10,51,0,wk inc flu hosp,2026-10-10,quantile,0.2,39
2026-10-10,51,0,wk inc flu hosp,2026-10-10,quantile,0.25,41
2026-10-10,51,0,wk inc flu hosp,2026-10-10,quantile,0.3,43
2026-10-10,51,0,wk inc flu hosp,2026-10-10,quantile,0.35,46
2026-10-10,51,0,wk inc flu hosp,2026-10-10,quantile,0.4,48
2026-10-10,51,0,wk inc flu hosp,2026-10-10,quantile,0.45,50
2026-10-10,51,0,wk inc flu hosp,2026-10-10,quantile,0.5,52
2026-10-10,51,0,wk inc flu hosp,2026-10-10,quantile,0.55,54
2026-10-10,51,0,wk inc flu hosp,2026-10-10,quantile,0.6,56
2026-10-10,51,0,wk inc flu hosp,2026-10-10,quantile,0.65,58
2026-10-10,51,0,wk inc flu hosp,2026-10-10,quantile,0.7,61
2026-10-10,51,0,wk inc flu hosp,2026-10-10,quantile,0.75,64
2026-10-10,51,0,wk inc flu hosp,2026-10-10,quantile,0.8,67
2026-10-10,51,0,wk inc flu hosp,2026-10-10,quantile,0.85,71
2026-10-10,51,0,wk inc flu hosp,2026-10-10,quantile,0.9,76
2026-10-10,51,0,wk inc flu hosp,2026-10-10,quantile,0.95,85
2026-10-10,51,0,wk inc flu hosp,2026-10-10,quantile,0.975,93
2026-10-10,51,0,wk inc flu hosp,2026-10-10,quantile,0.99,103
2026-10-10,51,1,wk inc flu hosp,2026-10-17,quantile,0.01,20
2026-10-10,51,1,wk inc flu hosp,2026-10-17,quantile,0.025,25
2026-10-10,51,1,wk inc flu hosp,2026-10-17,quantile,0.05,31
2026-10-10,51,1,wk inc flu hosp,2026-10-17,quantile,0.1,37
2026-10-10,51,1,wk inc flu hosp,2026-10-17,quantile,0.15,42
2026-10-10,51,1,wk inc flu hosp,2026-10-17,quantile,0.2,45
2026-10-10,51,1,wk inc flu hosp,2026-10-17,quantile,0.25,49
2026-10-10,51,1,wk inc flu hosp,2026-10-17,quantile,0.3,52
2026-10-10,51,1,wk inc flu hosp,2026-10-17,quantile,0.35,55
2026-10-10,51,1,wk inc flu hosp,2026-10-17,quantile,0.4,58
2026-10-10,51,1,wk inc flu hosp,2026-10-17,quantile,0.45,62
2026-10-10,51,1,wk inc flu hosp,2026-10-17,quantile,0.5,65
2026-10-10,51,1,wk inc flu hosp,2026-10-17,quantile,0.55,68
2026-10-10,51,1,wk inc flu hosp,2026-10-17,quantile,0.6,71
2026-10-10,51,1,wk inc flu hosp,2026-10-17,quantile,0.65,75
2026-10-10,51,1,wk inc flu hosp,2026-10-17,quantile,0.7,79
2026-10-10,51,1,wk inc flu hosp,2026-10-17,quantile,0.75,84
2026-10-10,51,1,wk inc flu hosp,2026-10-17,quantile,0.8,89
2026-10-10,51,1,wk inc flu hosp,2026-10-17,quantile,0.85,96
2026-10-10,51,1,wk inc flu hosp,2026-10-17,quantile,0.9,105
2026-10-10,51,1,wk inc flu hosp,2026-10-17,quantile,0.95,120
2026-10-10,51,1,wk inc flu hosp,2026-10-17,quantile,0.975,135
2026-10-10,51,1,wk inc flu hosp,2026-10-17,quantile,0.99,160
2026-10-10,51,2,wk inc flu hosp,2026-10-24,quantile,0.01,18
2026-10-10,51,2,wk inc flu hosp,2026-10-24,quantile,0.025,25
2026-10-10,51,2,wk inc flu hosp,2026-10-24,quantile,0.05,32
2026-10-10,51,2,wk inc flu hosp,2026-10-24,quantile,0.1,41
2026-10-10,51,2,wk inc flu hosp,2026-10-24,quantile,0.15,47
2026-10-10,51,2,wk inc flu hosp,2026-10-24,quantile,0.2,53
2026-10-10,51,2,wk inc flu hosp,2026-10-24,quantile,0.25,58
2026-10-10,51,2,wk inc flu hosp,2026-10-24,quantile,0.3,62
2026-10-10,51,2,wk inc flu hosp,2026-10-24,quantile,0.35,67
2026-10-10,51,2,wk inc flu hosp,2026-10-24,quantile,0.4,72
2026-10-10,51,2,wk inc flu hosp,2026-10-24,quantile,0.45,76
2026-10-10,51,2,wk inc flu hosp,2026-10-24,quantile,0.5,81
2026-10-10,51,2,wk inc flu hosp,2026-10-24,quantile,0.55,86
2026-10-10,51,2,wk inc flu hosp,2026-10-24,quantile,0.6,91
2026-10-10,51,2,wk inc flu hosp,2026-10-24,quantile,0.65,97
2026-10-10,51,2,wk inc flu hosp,2026-10-24,quantile,0.7,104
2026-10-10,51,2,wk inc flu hosp,2026-10-24,quantile,0.75,111
2026-10-10,51,2,wk inc flu hosp,2026-10-24,quantile,0.8,120
2026-10-10,51,2,wk inc flu hosp,2026-10-24,quantile,0.85,131
2026-10-10,51,2,wk inc flu hosp,2026-10-24,quantile,0.9,146
2026-10-10,51,2,wk inc flu hosp,2026-10-24,quantile,0.95,172
2026-10-10,51,2,wk inc flu hosp,2026-10-24,quantile,0.975,203
2026-10-10,51,2,wk inc flu hosp,2026-10-24,quantile,0.99,266
2026-10-10,51,3,wk inc flu hosp,2026-10-31,quantile,0.01,17
2026-10-10,51,3,wk inc flu hosp,2026-10-31,quantile,0.025,25
2026-10-10,51,3,wk inc flu hosp,2026-10-31,quantile,0.05,34
2026-10-10,51,3,wk inc flu hosp,2026-10-31,quantile,0.1,45
2026-10-10,51,3,wk inc flu hosp,2026-10-31,quantile,0.15,54
2026-10-10,51,3,wk inc flu hosp,2026-10-31,quantile,0.2,61
2026-10-10,51,3,wk inc flu hosp,2026-10-31,quantile,0.25,68
2026-10-10,51,3,wk inc flu hosp,2026-10-31,quantile,0.3,74
2026-10-10,51,3,wk inc flu hosp,2026-10-31,quantile,0.35,81
2026-10-10,51,3,wk inc flu hosp,2026-10-31,quantile,0.4,87
2026-10-10,51,3,wk inc flu hosp,2026-10-31,quantile,0.45,94
2026-10-10,51,3,wk inc flu hosp,2026-10-31,quantile,0.5,101
2026-10-10,51,3,wk inc flu hosp,2026-10-31,quantile,0.55,109
2026-10-10,51,3,wk inc flu hosp,2026-10-31,quantile,0.6,117
2026-10-10,51,3,wk inc flu hosp,2026-10-31,quantile,0.65,125
2026-10-10,51,3,wk inc flu hosp,2026-10-31,quantile,0.7,135
2026-10-10,51,3,wk inc flu hosp,2026-10-31,quantile,0.75,147
2026-10-10,51,3,wk inc flu hosp,2026-10-31,quantile,0.8,161
2026-10-10,51,3,wk inc flu hosp,2026-10-31,quantile,0.85,178
2026-10-10,51,3,wk inc flu hosp,2026-10-31,quantile,0.9,203
2026-10-10,51,3,wk inc flu hosp,2026-10-31,quantile,0.95,249
2026-10-10,51,3,wk inc flu hosp,2026-10-31,quantile,0.975,309
2026-10-10,51,3,wk inc flu hosp,2026-10-31,quantile,0.99,460
2026-10-10,53,0,wk inc flu hosp,2026-10-10,quantile,0.01,104
2026-10-10,53,0,wk inc flu hosp,2026-10-10,quantile,0.025,118
2026-10-10,53,0,wk inc flu hosp,2026-10-10,quantile,0.05,130
2026-10-10,53,0,wk inc flu hosp,2026-10-10,quantile,0.1,144
2026-10-10,53,0,wk inc flu hosp,2026-10-10,quantile,0.15,154
2026-10-10,53,0,wk inc flu hosp,2026-10-10,quantile,0.2,161
2026-10-10,53,0,wk inc flu hosp,2026-10-10,quantile,0.25,168
2026-10-10,53,0,wk inc flu hosp,2026-10-10,quantile,0.3,174
2026-10-10,53,0,wk inc flu hosp,2026-10-10,quantile,0.35,180
2026-10-10,53,0,wk inc flu hosp,2026-10-10,quantile,0.4,186
2026-10-10,53,0,wk inc flu hosp,2026-10-10,quantile,0.45,191
2026-10-10,53,0,wk inc flu hosp,2026-10-10,quantile,0.5,196
2026-10-10,53,0,wk inc flu hosp,2026-10-10,quantile,0.55,202
2026-10-10,53,0,wk inc flu hosp,2026-10-10,quantile,0.6,207
2026-10-10,53,0,wk inc flu hosp,2026-10-10,quantile,0.65,213
2026-10-10,53,0,wk inc flu hosp,2026-10-10,quantile,0.7,220
2026-10-10,53,0,wk inc flu hosp,2026-10-10,quantile,0.75,227
2026-10-10,53,0,wk inc flu hosp,2026-10-10,quantile,0.8,234
2026-10-10,53,0,wk inc flu hosp,2026-10-10,quantile,0.85,244
2026-10-10,53,0,wk inc flu hosp,2026-10-10,quantile,0.9,256
2026-10-10,53,0,wk inc flu hosp,2026-10-10,quantile,0.95,276
2026-10-10,53,0,wk inc flu hosp,2026-10-10,quantile,0.975,294
2026-10-10,53,0,wk inc flu hosp,2026-10-10,quantile,0.99,317
2026-10-10,53,1,wk inc flu hosp,2026-10-17,quantile,0.01,104
2026-10-10,53,1,wk inc flu hosp,2026-10-17,quantile,0.025,128
2026-10-10,53,1,wk inc flu hosp,2026-10-17,quantile,0.05,149
2026-10-10,53,1,wk inc flu hosp,2026-10-17,quantile,0.1,174
2026-10-10,53,1,wk inc flu hosp,2026-10-17,quantile,0.15,191
2026-10-10,53,1,wk inc flu hosp,2026-10-17,quantile,0.2,204
2026-10-10,53,1,wk inc flu hosp,2026-10-17,quantile,0.25,216
2026-10-10,53,1,wk inc flu hosp,2026-10-17,quantile,0.3,226
2026-10-10,53,1,wk inc flu hosp,2026-10-17,quantile,0.35,236
2026-10-10,53,1,wk inc flu hosp,2026-10-17,quantile,0.4,245
2026-10-10,53,1,wk inc flu hosp,2026-10-17,quantile,0.45,255
2026-10-10,53,1,wk inc flu hosp,2026-10-17,quantile,0.5,264
2026-10-10,53,1,wk inc flu hosp,2026-10-17,quantile,0.55,273
2026-10-10,53,1,wk inc flu hosp,2026-10-17,quantile,0.6,282
2026-10-10,53,1,wk inc flu hosp,2026-10-17,quantile,0.65,292
2026-10-10,53,1,wk inc flu hosp,2026-10-17,quantile,0.7,302
2026-10-10,53,1,wk inc flu hosp,2026-10-17,quantile,0.75,314
2026-10-10,53,1,wk inc flu hosp,2026-10-17,quantile,0.8,327
2026-10-10,53,1,wk inc flu hosp,2026-10-17,quantile,0.85,344
2026-10-10,53,1,wk inc flu hosp,2026-10-17,quantile,0.9,365
2026-10-10,53,1,wk inc flu hosp,2026-10-17,quantile,0.95,401
2026-10-10,53,1,wk inc flu hosp,2026-10-17,quantile,0.975,437
2026-10-10,53,1,wk inc flu hosp,2026-10-17,quantile,0.99,488
2026-10-10,53,2,wk inc flu hosp,2026-10-24,quantile,0.01,97
2026-10-10,53,2,wk inc flu hosp,2026-10-24,quantile,0.025,133
2026-10-10,53,2,wk inc flu hosp,2026-10-24,quantile,0.05,166
2026-10-10,53,2,wk inc flu hosp,2026-10-24,quantile,0.1,205
2026-10-10,53,2,wk inc flu hosp,2026-10-24,quantile,0.15,232
2026-10-10,53,2,wk inc flu hosp,2026-10-24,quantile,0.2,254
2026-10-10,53,2,wk inc flu hosp,2026-10-24,quantile,0.25,272
2026-10-10,53,2,wk inc flu hosp,2026-10-24,quantile,0.3,289
2026-10-10,53,2,wk inc flu hosp,2026-10-24,quantile,0.35,305
2026-10-10,53,2,wk inc flu hosp,2026-10-24,quantile,0.4,320
2026-10-10,53,2,wk inc flu hosp,2026-10-24,quantile,0.45,334
2026-10-10,53,2,wk inc flu hosp,2026-10-24,quantile,0.5,348
2026-10-10,53,2,wk inc flu hosp,2026-10-24,quantile,0.55,363
2026-10-10,53,2,wk inc flu hosp,2026-10-24,quantile,0.6,378
2026-10-10,53,2,wk inc flu hosp,2026-10-24,quantile,0.65,393
2026-10-10,53,2,wk inc flu hosp,2026-10-24,quantile,0.7,410
2026-10-10,53,2,wk inc flu hosp,2026-10-24,quantile,0.75,429
2026-10-10,53,2,wk inc flu hosp,2026-10-24,quantile,0.8,450
2026-10-10,53,2,wk inc flu hosp,2026-10-24,quantile,0.85,477
2026-10-10,53,2,wk inc flu hosp,2026-10-24,quantile,0.9,514
2026-10-10,53,2,wk inc flu hosp,2026-10-24,quantile,0.95,578
2026-10-10,53,2,wk inc flu hosp,2026-10-24,quantile,0.975,652
2026-10-10,53,2,wk inc flu hosp,2026-10-24,quantile,0.99,770
2026-10-10,53,3,wk inc flu hosp,2026-10-31,quantile,0.01,90
2026-10-10,53,3,wk inc flu hosp,2026-10-31,quantile,0.025,137
2026-10-10,53,3,wk inc flu hosp,2026-10-31,quantile,0.05,182
2026-10-10,53,3,wk inc flu hosp,2026-10-31,quantile,0.1,237
2026-10-10,53,3,wk inc flu hosp,2026-10-31,quantile,0.15,277
2026-10-10,53,3,wk inc flu hosp,2026-10-31,quantile,0.2,308
2026-10-10,53,3,wk inc flu hosp,2026-10-31,quantile,0.25,336
2026-10-10,53,3,wk inc flu hosp,2026-10-31,quantile,0.3,361
2026-10-10,53,3,wk inc flu hosp,2026-10-31,quantile,0.35,384
2026-10-10,53,3,wk inc flu hosp,2026-10-31,quantile,0.4,406
2026-10-10,53,3,wk inc flu hosp,2026-10-31,quantile,0.45,428
2026-10-10,53,3,wk inc flu hosp,2026-10-31,quantile,0.5,449
2026-10-10,53,3,wk inc flu hosp,2026-10-31,quantile,0.55,470
2026-10-10,53,3,wk inc flu hosp,2026-10-31,quantile,0.6,492
2026-10-10,53,3,wk inc flu hosp,2026-10-31,quantile,0.65,515
2026-10-10,53,3,wk inc flu hosp,2026-10-31,quantile,0.7,540
2026-10-10,53,3,wk inc flu hosp,2026-10-31,quantile,0.75,568
2026-10-10,53,3,wk inc flu hosp,2026-10-31,quantile,0.8,602
2026-10-10,53,3,wk inc flu hosp,2026-10-31,quantile,0.85,643
2026-10-10,53,3,wk inc flu hosp,2026-10-31,quantile,0.9,702
2026-10-10,53,3,wk inc flu hosp,2026-10-31,quantile,0.95,815
2026-10-10,53,3,wk inc flu hosp,2026-10-31,quantile,0.975,955
2026-10-10,53,3,wk inc flu hosp,2026-10-31,quantile,0.99,1182
2026-10-10,54,0,wk inc flu hosp,2026-10-10,quantile,0.01,0
2026-10-10,54,0,wk inc flu hosp,2026-10-10,quantile,0.025,1
2026-10-10,54,0,wk inc flu hosp,2026-10-10,quantile,0.05,2
2026-10-10,54,0,wk inc flu hosp,2026-10-10,quantile,0.1,2
2026-10-10,54,0,wk inc flu hosp,2026-10-10,quantile,0.15,3
2026-10-10,54,0,wk inc flu hosp,2026-10-10,quantile,0.2,4
2026-10-10,54,0,wk inc flu hosp,2026-10-10,quantile,0.25,4
2026-10-10,54,0,wk inc flu hosp,2026-10-10,quantile,0.3,5
2026-10-10,54,0,wk inc flu hosp,2026-10-10,quantile,0.35,5
2026-10-10,54,0,wk inc flu hosp,2026-10-10,quantile,0.4,6
2026-10-10,54,0,wk inc flu hosp,2026-10-10,quantile,0.45,6
2026-10-10,54,0,wk inc flu hosp,2026-10-10,quantile,0.5,7
2026-10-10,54,0,wk inc flu hosp,2026-10-10,quantile,0.55,8
2026-10-10,54,0,wk inc flu hosp,2026-10-10,quantile,0.6,8
2026-10-10,54,0,wk inc flu hosp,2026-10-10,quantile,0.65,9
2026-10-10,54,0,wk inc flu hosp,2026-10-10,quantile,0.7,10
2026-10-10,54,0,wk inc flu hosp,2026-10-10,quantile,0.75,10
2026-10-10,54,0,wk inc flu hosp,2026-10-10,quantile,0.8,11
2026-10-10,54,0,wk inc flu hosp,2026-10-10,quantile,0.85,13
2026-10-10,54,0,wk inc flu hosp,2026-10-10,quantile,0.9,14
2026-10-10,54,0,wk inc flu hosp,2026-10-10,quantile,0.95,17
2026-10-10,54,0,wk inc flu hosp,2026-10-10,quantile,0.975,20
2026-10-10,54,0,wk inc flu hosp,2026-10-10,quantile,0.99,23
2026-10-10,54,1,wk inc flu hosp,2026-10-17,quantile,0.01,0
2026-10-10,54,1,wk inc flu hosp,2026-10-17,quantile,0.025,1
2026-10-10,54,1,wk inc flu hosp,2026-10-17,quantile,0.05,2
2026-10-10,54,1,wk inc flu hosp,2026-10-17,quantile,0.1,3
2026-10-10,54,1,wk inc flu hosp,2026-10-17,quantile,0.15,4
2026-10-10,54,1,wk inc flu hosp,2026-10-17,quantile,0.2,5
2026-10-10,54,1,wk inc flu hosp,2026-10-17,quantile,0.25,5
2026-10-10,54,1,wk inc flu hosp,2026-10-17,quantile,0.3,6
2026-10-10,54,1,wk inc flu hosp,2026-10-17,quantile,0.35,7
2026-10-10,54,1,wk inc flu hosp,2026-10-17,quantile,0.4,8
2026-10-10,54,1,wk inc flu hosp,2026-10-17,quantile,0.45,8
2026-10-10,54,1,wk inc flu hosp,2026-10-17,quantile,0.5,9
2026-10-10,54,1,wk inc flu hosp,2026-10-17,quantile,0.55,10
2026-10-10,54,1,wk inc flu hosp,2026-10-17,quantile,0.6,11
2026-10-10,54,1,wk inc flu hosp,2026-10-17,quantile,0.65,12
2026-10-10,54,1,wk inc flu hosp,2026-10-17,quantile,0.7,13
2026-10-10,54,1,wk inc flu hosp,2026-10-17,quantile,0.75,14
2026-10-10,54,1,wk inc flu hosp,2026-10-17,quantile,0.8,16
2026-10-10,54,1,wk inc flu hosp,2026-10-17,quantile,0.85,17
2026-10-10,54,1,wk inc flu hosp,2026-10-17,quantile,0.9,20
2026-10-10,54,1,wk inc flu hosp,2026-10-17,quantile,0.95,24
2026-10-10,54,1,wk inc flu hosp,2026-10-17,quantile,0.975,29
2026-10-10,54,1,wk inc flu hosp,2026-10-17,quantile,0.99,35
2026-10-10,54,2,wk inc flu hosp,2026-10-24,quantile,0.01,0
2026-10-10,54,2,wk inc flu hosp,2026-10-24,quantile,0.025,1
2026-10-10,54,2,wk inc flu hosp,2026-10-24,quantile,0.05,2
2026-10-10,54,2,wk inc flu hosp,2026-10-24,quantile,0.1,4
2026-10-10,54,2,wk inc flu hosp,2026-10-24,quantile,0.15,5
2026-10-10,54,2,wk inc flu hosp,2026-10-24,quantile,0.2,6
2026-10-10,54,2,wk inc flu hosp,2026-10-24,quantile,0.25,7
2026-10-10,54,2,wk inc flu hosp,2026-10-24,quantile,0.3,8
2026-10-10,54,2,wk inc flu hosp,2026-10-24,quantile,0.35,9
2026-10-10,54,2,wk inc flu hosp,2026-10-24,quantile,0.4,10
2026-10-10,54,2,wk inc flu hosp,2026-10-24,quantile,0.45,11
2026-10-10,54,2,wk inc flu hosp,2026-10-24,quantile,0.5,12
2026-10-10,54,2,wk inc flu hosp,2026-10-24,quantile,0.55,13
2026-10-10,54,2,wk inc flu hosp,2026-10-24,quantile,0.6,14
2026-10-10,54,2,wk inc flu hosp,2026-10-24,quantile,0.65,16
2026-10-10,54,2,wk inc flu hosp,2026-10-24,quantile,0.7,17
2026-10-10,54,2,wk inc flu hosp,2026-10-24,quantile,0.75,19
2026-10-10,54,2,wk inc flu hosp,2026-10-24,quantile,0.8,21
2026-10-10,54,2,wk inc flu hosp,2026-10-24,quantile,0.85,24
2026-10-10,54,2,wk inc flu hosp,2026-10-24,quantile,0.9,28
2026-10-10,54,2,wk inc flu hosp,2026-10-24,quantile,0.95,36
2026-10-10,54,2,wk inc flu hosp,2026-10-24,quantile,0.975,44
2026-10-10,54,2,wk inc flu hosp,2026-10-24,quantile,0.99,55
2026-10-10,54,3,wk inc flu hosp,2026-10-31,quantile,0.01,1
2026-10-10,54,3,wk inc flu hosp,2026-10-31,quantile,0.025,1
2026-10-10,54,3,wk inc flu hosp,2026-10-31,quantile,0.05,3
2026-10-10,54,3,wk inc flu hosp,2026-10-31,quantile,0.1,4
2026-10-10,54,3,wk inc flu hosp,2026-10-31,quantile,0.15,6
2026-10-10,54,3,wk inc flu hosp,2026-10-31,quantile,0.2,7
2026-10-10,54,3,wk inc flu hosp,2026-10-31,quantile,0.25,8
2026-10-10,54,3,wk inc flu hosp,2026-10-31,quantile,0.3,10
2026-10-10,54,3,wk inc flu hosp,2026-10-31,quantile,0.35,11
2026-10-10,54,3,wk inc flu hosp,2026-10-31,quantile,0.4,13
2026-10-10,54,3,wk inc flu hosp,2026-10-31,quantile,0.45,14
2026-10-10,54,3,wk inc flu hosp,2026-10-31,quantile,0.5,16
2026-10-10,54,3,wk inc flu hosp,2026-10-31,quantile,0.55,17
2026-10-10,54,3,wk inc flu hosp,2026-10-31,quantile,0.6,19
2026-10-10,54,3,wk inc flu hosp,2026-10-31,quantile,0.65,21
2026-10-10,54,3,wk inc flu hosp,2026-10-31,quantile,0.7,23
2026-10-10,54,3,wk inc flu hosp,2026-10-31,quantile,0.75,26
2026-10-10,54,3,wk inc flu hosp,2026-10-31,quantile,0.8,30
2026-10-10,54,3,wk inc flu hosp,2026-10-31,quantile,0.85,34
2026-10-10,54,3,wk inc flu hosp,2026-10-31,quantile,0.9,41
2026-10-10,54,3,wk inc flu hosp,2026-10-31,quantile,0.95,53
2026-10-10,54,3,wk inc flu hosp,2026-10-31,quantile,0.975,67
2026-10-10,54,3,wk inc flu hosp,2026-10-31,quantile,0.99,89
2026-10-10,55,0,wk inc flu hosp,2026-10-10,quantile,0.01,18
2026-10-10,55,0,wk inc flu hosp,2026-10-10,quantile,0.025,23
2026-10-10,55,0,wk inc flu hosp,2026-10-10,quantile,0.05,27
2026-10-10,55,0,wk inc flu hosp,2026-10-10,quantile,0.1,33
2026-10-10,55,0,wk inc flu hosp,2026-10-10,quantile,0.15,37
2026-10-10,55,0,wk inc flu hosp,2026-10-10,quantile,0.2,40
2026-10-10,55,0,wk inc flu hosp,2026-10-10,quantile,0.25,43
2026-10-10,55,0,wk inc flu hosp,2026-10-10,quantile,0.3,46
2026-10-10,55,0,wk inc flu hosp,2026-10-10,quantile,0.35,48
2026-10-10,55,0,wk inc flu hosp,2026-10-10,quantile,0.4,51
2026-10-10,55,0,wk inc flu hosp,2026-10-10,quantile,0.45,53
2026-10-10,55,0,wk inc flu hosp,2026-10-10,quantile,0.5,55
2026-10-10,55,0,wk inc flu hosp,2026-10-10,quantile,0.55,58
2026-10-10,55,0,wk inc flu hosp,2026-10-10,quantile,0.6,60
2026-10-10,55,0,wk inc flu hosp,2026-10-10,quantile,0.65,63
2026-10-10,55,0,wk inc flu hosp,2026-10-10,quantile,0.7,66
2026-10-10,55,0,wk inc flu hosp,2026-10-10,quantile,0.75,69
2026-10-10,55,0,wk inc flu hosp,2026-10-10,quantile,0.8,73
2026-10-10,55,0,wk inc flu hosp,2026-10-10,quantile,0.85,77
2026-10-10,55,0,wk inc flu hosp,2026-10-10,quantile,0.9,83
2026-10-10,55,0,wk inc flu hosp,2026-10-10,quantile,0.95,92
2026-10-10,55,0,wk inc flu hosp,2026-10-10,quantile,0.975,101
2026-10-10,55,0,wk inc flu hosp,2026-10-10,quantile,0.99,113
2026-10-10,55,1,wk inc flu hosp,2026-10-17,quantile,0.01,16
2026-10-10,55,1,wk inc flu hosp,2026-10-17,quantile,0.025,22
2026-10-10,55,1,wk inc flu hosp,2026-10-17,quantile,0.05,28
2026-10-10,55,1,wk inc flu hosp,2026-10-17,quantile,0.1,36
2026-10-10,55,1,wk inc flu hosp,2026-10-17,quantile,0.15,42
2026-10-10,55,1,wk inc flu hosp,2026-10-17,quantile,0.2,47
2026-10-10,55,1,wk inc flu hosp,2026-10-17,quantile,0.25,51
2026-10-10,55,1,wk inc flu hosp,2026-10-17,quantile,0.3,55
2026-10-10,55,1,wk inc flu hosp,2026-10-17,quantile,0.35,58
2026-10-10,55,1,wk inc flu hosp,2026-10-17,quantile,0.4,62
2026-10-10,55,1,wk inc flu hosp,2026-10-17,quantile,0.45,65
2026-10-10,55,1,wk inc flu hosp,2026-10-17,quantile,0.5,69
2026-10-10,55,1,wk inc flu hosp,2026-10-17,quantile,0.55,72
2026-10-10,55,1,wk inc flu hosp,2026-10-17,quantile,0.6,76
2026-10-10,55,1,wk inc flu hosp,2026-10-17,quantile,0.65,80
2026-10-10,55,1,wk inc flu hosp,2026-10-17,quantile,0.7,85
2026-10-10,55,1,wk inc flu hosp,2026-10-17,quantile,0.75,90
2026-10-10,55,1,wk inc flu hosp,2026-10-17,quantile,0.8,95
2026-10-10,55,1,wk inc flu hosp,2026-10-17,quantile,0.85,103
2026-10-10,55,1,wk inc flu hosp,2026-10-17,quantile,0.9,112
2026-10-10,55,1,wk inc flu hosp,2026-10-17,quantile,0.95,129
2026-10-10,55,1,wk inc flu hosp,2026-10-17,quantile,0.975,146
2026-10-10,55,1,wk inc flu hosp,2026-10-17,quantile,0.99,171
2026-10-10,55,2,wk inc flu hosp,2026-10-24,quantile,0.01,13
2026-10-10,55,2,wk inc flu hosp,2026-10-24,quantile,0.025,21
2026-10-10,55,2,wk inc flu hosp,2026-10-24,quantile,0.05,29
2026-10-10,55,2,wk inc flu hosp,2026-10-24,quantile,0.1,40
2026-10-10,55,2,wk inc flu hosp,2026-10-24,quantile,0.15,48
2026-10-10,55,2,wk inc flu hosp,2026-10-24,quantile,0.2,55
2026-10-10,55,2,wk inc flu hosp,2026-10-24,quantile,0.25,60
2026-10-10,55,2,wk inc flu hosp,2026-10-24,quantile,0.3,66
2026-10-10,55,2,wk inc flu hosp,2026-10-24,quantile,0.35,71
2026-10-10,55,2,wk inc flu hosp,2026-10-24,quantile,0.4,76
2026-10-10,55,2,wk inc flu hosp,2026-10-24,quantile,0.45,81
2026-10-10,55,2,wk inc flu hosp,2026-10-24,quantile,0.5,86
2026-10-10,55,2,wk inc flu hosp,2026-10-24,quantile,0.55,91
2026-10-10,55,2,wk inc flu hosp,2026-10-24,quantile,0.6,97
2026-10-10,55,2,wk inc flu hosp,2026-10-24,quantile,0.65,103
2026-10-10,55,2,wk inc flu hosp,2026-10-24,quantile,0.7,110
2026-10-10,55,2,wk inc flu hosp,2026-10-24,quantile,0.75,117
2026-10-10,55,2,wk inc flu hosp,2026-10-24,quantile,0.8,126
2026-10-10,55,2,wk inc flu hosp,2026-10-24,quantile,0.85,138
2026-10-10,55,2,wk inc flu hosp,2026-10-24,quantile,0.9,155
2026-10-10,55,2,wk inc flu hosp,2026-10-24,quantile,0.95,185
2026-10-10,55,2,wk inc flu hosp,2026-10-24,quantile,0.975,220
2026-10-10,55,2,wk inc flu hosp,2026-10-24,quantile,0.99,276
2026-10-10,55,3,wk inc flu hosp,2026-10-31,quantile,0.01,11
2026-10-10,55,3,wk inc flu hosp,2026-10-31,quantile,0.025,20
2026-10-10,55,3,wk inc flu hosp,2026-10-31,quantile,0.05,30
2026-10-10,55,3,wk inc flu hosp,2026-10-31,quantile,0.1,44
2026-10-10,55,3,wk inc flu hosp,2026-10-31,quantile,0.15,55
2026-10-10,55,3,wk inc flu hosp,2026-10-31,quantile,0.2,64
2026-10-10,55,3,wk inc flu hosp,2026-10-31,quantile,0.25,72
2026-10-10,55,3,wk inc flu hosp,2026-10-31,quantile,0.3,79
2026-10-10,55,3,wk inc flu hosp,2026-10-31,quantile,0.35,86
2026-10-10,55,3,wk inc flu hosp,2026-10-31,quantile,0.4,93
2026-10-10,55,3,wk inc flu hosp,2026-10-31,quantile,0.45,100
2026-10-10,55,3,wk inc flu hosp,2026-10-31,quantile,0.5,107
2026-10-10,55,3,wk inc flu hosp,2026-10-31,quantile,0.55,114
2026-10-10,55,3,wk inc flu hosp,2026-10-31,quantile,0.6,123
2026-10-10,55,3,wk inc flu hosp,2026-10-31,quantile,0.65,132
2026-10-10,55,3,wk inc flu hosp,2026-10-31,quantile,0.7,142
2026-10-10,55,3,wk inc flu hosp,2026-10-31,quantile,0.75,153
2026-10-10,55,3,wk inc flu hosp,2026-10-31,quantile,0.8,168
2026-10-10,55,3,wk inc flu hosp,2026-10-31,quantile,0.85,186
2026-10-10,55,3,wk inc flu hosp,2026-10-31,quantile,0.9,214
2026-10-10,55,3,wk inc flu hosp,2026-10-31,quantile,0.95,269
2026-10-10,55,3,wk inc flu hosp,2026-10-31,quantile,0.975,337
2026-10-10,55,3,wk inc flu hosp,2026-10-31,quantile,0.99,452
2026-10-10,56,0,wk inc flu hosp,2026-10-10,quantile,0.01,0
2026-10-10,56,0,wk inc flu hosp,2026-10-10,quantile,0.025,1
2026-10-10,56,0,wk inc flu hosp,2026-10-10,quantile,0.05,1
2026-10-10,56,0,wk inc flu hosp,2026-10-10,quantile,0.1,2
2026-10-10,56,0,wk inc flu hosp,2026-10-10,quantile,0.15,3
2026-10-10,56,0,wk inc flu hosp,2026-10-10,quantile,0.2,3
2026-10-10,56,0,wk inc flu hosp,2026-10-10,quantile,0.25,4
2026-10-10,56,0,wk inc flu hosp,2026-10-10,quantile,0.3,4
2026-10-10,56,0,wk inc flu hosp,2026-10-10,quantile,0.35,5
2026-10-10,56,0,wk inc flu hosp,2026-10-10,quantile,0.4,5
2026-10-10,56,0,wk inc flu hosp,2026-10-10,quantile,0.45,6
2026-10-10,56,0,wk inc flu hosp,2026-10-10,quantile,0.5,6
2026-10-10,56,0,wk inc flu hosp,2026-10-10,quantile,0.55,7
2026-10-10,56,0,wk inc flu hosp,2026-10-10,quantile,0.6,7
2026-10-10,56,0,wk inc flu hosp,2026-10-10,quantile,0.65,8
2026-10-10,56,0,wk inc flu hosp,2026-10-10,quantile,0.7,9
2026-10-10,56,0,wk inc flu hosp,2026-10-10,quantile,0.75,10
2026-10-10,56,0,wk inc flu hosp,2026-10-10,quantile,0.8,11
2026-10-10,56,0,wk inc flu hosp,2026-10-10,quantile,0.85,12
2026-10-10,56,0,wk inc flu hosp,2026-10-10,quantile,0.9,14
2026-10-10,56,0,wk inc flu hosp,2026-10-10,quantile,0.95,17
2026-10-10,56,0,wk inc flu hosp,2026-10-10,quantile,0.975,20
2026-10-10,56,0,wk inc flu hosp,2026-10-10,quantile,0.99,24
2026-10-10,56,1,wk inc flu hosp,2026-10-17,quantile,0.01,0
2026-10-10,56,1,wk inc flu hosp,2026-10-17,quantile,0.025,1
2026-10-10,56,1,wk inc flu hosp,2026-10-17,quantile,0.05,2
2026-10-10,56,1,wk inc flu hosp,2026-10-17,quantile,0.1,3
2026-10-10,56,1,wk inc flu hosp,2026-10-17,quantile,0.15,3
2026-10-10,56,1,wk inc flu hosp,2026-10-17,quantile,0.2,4
2026-10-10,56,1,wk inc flu hosp,2026-10-17,quantile,0.25,5
2026-10-10,56,1,wk inc flu hosp,2026-10-17,quantile,0.3,6
2026-10-10,56,1,wk inc flu hosp,2026-10-17,quantile,0.35,6
2026-10-10,56,1,wk inc flu hosp,2026-10-17,quantile,0.4,7
2026-10-10,56,1,wk inc flu hosp,2026-10-17,quantile,0.45,8
2026-10-10,56,1,wk inc flu hosp,2026-10-17,quantile,0.5,9
2026-10-10,56,1,wk inc flu hosp,2026-10-17,quantile,0.55,10
2026-10-10,56,1,wk inc flu hosp,2026-10-17,quantile,0.6,10
2026-10-10,56,1,wk inc flu hosp,2026-10-17,quantile,0.65,11
2026-10-10,56,1,wk inc flu hosp,2026-10-17,quantile,0.7,13
2026-10-10,56,1,wk inc flu hosp,2026-10-17,quantile,0.75,14
2026-10-10,56,1,wk inc flu hosp,2026-10-17,quantile,0.8,15
2026-10-10,56,1,wk inc flu hosp,2026-10-17,quantile,0.85,17
2026-10-10,56,1,wk inc flu hosp,2026-10-17,quantile,0.9,20
2026-10-10,56,1,wk inc flu hosp,2026-10-17,quantile,0.95,25
2026-10-10,56,1,wk inc flu hosp,2026-10-17,quantile,0.975,31
2026-10-10,56,1,wk inc flu hosp,2026-10-17,quantile,0.99,38
2026-10-10,56,2,wk inc flu hosp,2026-10-24,quantile,0.01,0
2026-10-10,56,2,wk inc flu hosp,2026-10-24,quantile,0.025,1
2026-10-10,56,2,wk inc flu hosp,2026-10-24,quantile,0.05,2
2026-10-10,56,2,wk inc flu hosp,2026-10-24,quantile,0.1,3
2026-10-10,56,2,wk inc flu hosp,2026-10-24,quantile,0.15,5
2026-10-10,56,2,wk inc flu hosp,2026-10-24,quantile,0.2,6
2026-10-10,56,2,wk inc flu hosp,2026-10-24,quantile,0.25,7
2026-10-10,56,2,wk inc flu hosp,2026-10-24,quantile,0.3,8
2026-10-10,56,2,wk inc flu hosp,2026-10-24,quantile,0.35,9
2026-10-10,56,2,wk inc flu hosp,2026-10-24,quantile,0.4,10
2026-10-10,56,2,wk inc flu hosp,2026-10-24,quantile,0.45,11
2026-10-10,56,2,wk inc flu hosp,2026-10-24,quantile,0.5,12
2026-10-10,56,2,wk inc flu hosp,2026-10-24,quantile,0.55,13
2026-10-10,56,2,wk inc flu hosp,2026-10-24,quantile,0.6,14
2026-10-10,56,2,wk inc flu hosp,2026-10-24,quantile,0.65,16
2026-10-10,56,2,wk inc flu hosp,2026-10-24,quantile,0.7,18
2026-10-10,56,2,wk inc flu hosp,2026-10-24,quantile,0.75,20
2026-10-10,56,2,wk inc flu hosp,2026-10-24,quantile,0.8,22
2026-10-10,56,2,wk inc flu hosp,2026-10-24,quantile,0.85,25
2026-10-10,56,2,wk inc flu hosp,2026-10-24,quantile,0.9,30
2026-10-10,56,2,wk inc flu hosp,2026-10-24,quantile,0.95,39
2026-10-10,56,2,wk inc flu hosp,2026-10-24,quantile,0.975,47
2026-10-10,56,2,wk inc flu hosp,2026-10-24,quantile,0.99,60
2026-10-10,56,3,wk inc flu hosp,2026-10-31,quantile,0.01,0
2026-10-10,56,3,wk inc flu hosp,2026-10-31,quantile,0.025,1
2026-10-10,56,3,wk inc flu hosp,2026-10-31,quantile,0.05,2
2026-10-10,56,3,wk inc flu hosp,2026-10-31,quantile,0.1,4
2026-10-10,56,3,wk inc flu hosp,2026-10-31,quantile,0.15,6
2026-10-10,56,3,wk inc flu hosp,2026-10-31,quantile,0.2,7
2026-10-10,56,3,wk inc flu hosp,2026-10-31,quantile,0.25,9
2026-10-10,56,3,wk inc flu hosp,2026-10-31,quantile,0.3,10
2026-10-10,56,3,wk inc flu hosp,2026-10-31,quantile,0.35,12
2026-10-10,56,3,wk inc flu hosp,2026-10-31,quantile,0.4,13
2026-10-10,56,3,wk inc flu hosp,2026-10-31,quantile,0.45,15
2026-10-10,56,3,wk inc flu hosp,2026-10-31,quantile,0.5,16
2026-10-10,56,3,wk inc flu hosp,2026-10-31,quantile,0.55,18
2026-10-10,56,3,wk inc flu hosp,2026-10-31,quantile,0.6,20
2026-10-10,56,3,wk inc flu hosp,2026-10-31,quantile,0.65,22
2026-10-10,56,3,wk inc flu hosp,2026-10-31,quantile,0.7,24
2026-10-10,56,3,wk inc flu hosp,2026-10-31,quantile,0.75,27
2026-10-10,56,3,wk inc flu hosp,2026-10-31,quantile,0.8,31
2026-10-10,56,3,wk inc flu hosp,2026-10-31,quantile,0.85,36
2026-10-10,56,3,wk inc flu hosp,2026-10-31,quantile,0.9,43
2026-10-10,56,3,wk inc flu hosp,2026-10-31,quantile,0.95,56
2026-10-10,56,3,wk inc flu hosp,2026-10-31,quantile,0.975,71
2026-10-10,56,3,wk inc flu hosp,2026-10-31,quantile,0.99,91
2026-10-10,72,0,wk inc flu hosp,2026-10-10,quantile,0.01,47
2026-10-10,72,0,wk inc flu hosp,2026-10-10,quantile,0.025,59
2026-10-10,72,0,wk inc flu hosp,2026-10-10,quantile,0.05,70
2026-10-10,72,0,wk inc flu hosp,2026-10-10,quantile,0.1,85
2026-10-10,72,0,wk inc flu hosp,2026-10-10,quantile,0.15,95
2026-10-10,72,0,wk inc flu hosp,2026-10-10,quantile,0.2,103
2026-10-10,72,0,wk inc flu hosp,2026-10-10,quantile,0.25,111
2026-10-10,72,0,wk inc flu hosp,2026-10-10,quantile,0.3,118
2026-10-10,72,0,wk inc flu hosp,2026-10-10,quantile,0.35,125
2026-10-10,72,0,wk inc flu hosp,2026-10-10,quantile,0.4,131
2026-10-10,72,0,wk inc flu hosp,2026-10-10,quantile,0.45,137
2026-10-10,72,0,wk inc flu hosp,2026-10-10,quantile,0.5,144
2026-10-10,72,0,wk inc flu hosp,2026-10-10,quantile,0.55,150
2026-10-10,72,0,wk inc flu hosp,2026-10-10,quantile,0.6,157
2026-10-10,72,0,wk inc flu hosp,2026-10-10,quantile,0.65,164
2026-10-10,72,0,wk inc flu hosp,2026-10-10,quantile,0.7,172
2026-10-10,72,0,wk inc flu hosp,2026-10-10,quantile,0.75,181
2026-10-10,72,0,wk inc flu hosp,2026-10-10,quantile,0.8,191
2026-10-10,72,0,wk inc flu hosp,2026-10-10,quantile,0.85,203
2026-10-10,72,0,wk inc flu hosp,2026-10-10,quantile,0.9,219
2026-10-10,72,0,wk inc flu hosp,2026-10-10,quantile,0.95,245
2026-10-10,72,0,wk inc flu hosp,2026-10-10,quantile,0.975,269
2026-10-10,72,0,wk inc flu hosp,2026-10-10,quantile,0.99,300
2026-10-10,72,1,wk inc flu hosp,2026-10-17,quantile,0.01,36
2026-10-10,72,1,wk inc flu hosp,2026-10-17,quantile,0.025,52
2026-10-10,72,1,wk inc flu hosp,2026-10-17,quantile,0.05,68
2026-10-10,72,1,wk inc flu hosp,2026-10-17,quantile,0.1,89
2026-10-10,72,1,wk inc flu hosp,2026-10-17,quantile,0.15,104
2026-10-10,72,1,wk inc flu hosp,2026-10-17,quantile,0.2,117
2026-10-10,72,1,wk inc flu hosp,2026-10-17,quantile,0.25,129
2026-10-10,72,1,wk inc flu hosp,2026-10-17,quantile,0.3,139
2026-10-10,72,1,wk inc flu hosp,2026-10-17,quantile,0.35,150
2026-10-10,72,1,wk inc flu hosp,2026-10-17,quantile,0.4,160
2026-10-10,72,1,wk inc flu hosp,2026-10-17,quantile,0.45,169
2026-10-10,72,1,wk inc flu hosp,2026-10-17,quantile,0.5,180
2026-10-10,72,1,wk inc flu hosp,2026-10-17,quantile,0.55,190
2026-10-10,72,1,wk inc flu hosp,2026-10-17,quantile,0.6,201
2026-10-10,72,1,wk inc flu hosp,2026-10-17,quantile,0.65,213
2026-10-10,72,1,wk inc flu hosp,2026-10-17,quantile,0.7,226
2026-10-10,72,1,wk inc flu hosp,2026-10-17,quantile,0.75,241
2026-10-10,72,1,wk inc flu hosp,2026-10-17,quantile,0.8,258
2026-10-10,72,1,wk inc flu hosp,2026-10-17,quantile,0.85,279
2026-10-10,72,1,wk inc flu hosp,2026-10-17,quantile,0.9,308
2026-10-10,72,1,wk inc flu hosp,2026-10-17,quantile,0.95,358
2026-10-10,72,1,wk inc flu hosp,2026-10-17,quantile,0.975,407
2026-10-10,72,1,wk inc flu hosp,2026-10-17,quantile,0.99,477
2026-10-10,72,2,wk inc flu hosp,2026-10-24,quantile,0.01,27
2026-10-10,72,2,wk inc flu hosp,2026-10-24,quantile,0.025,45
2026-10-10,72,2,wk inc flu hosp,2026-10-24,quantile,0.05,65
2026-10-10,72,2,wk inc flu hosp,2026-10-24,quantile,0.1,93
2026-10-10,72,2,wk inc flu hosp,2026-10-24,quantile,0.15,115
2026-10-10,72,2,wk inc flu hosp,2026-10-24,quantile,0.2,133
2026-10-10,72,2,wk inc flu hosp,2026-10-24,quantile,0.25,150
2026-10-10,72,2,wk inc flu hosp,2026-10-24,quantile,0.3,165
2026-10-10,72,2,wk inc flu hosp,2026-10-24,quantile,0.35,180
2026-10-10,72,2,wk inc flu hosp,2026-10-24,quantile,0.4,195
2026-10-10,72,2,wk inc flu hosp,2026-10-24,quantile,0.45,210
2026-10-10,72,2,wk inc flu hosp,2026-10-24,quantile,0.5,225
2026-10-10,72,2,wk inc flu hosp,2026-10-24,quantile,0.55,242
2026-10-10,72,2,wk inc flu hosp,2026-10-24,quantile,0.6,259
2026-10-10,72,2,wk inc flu hosp,2026-10-24,quantile,0.65,278
2026-10-10,72,2,wk inc flu hosp,2026-10-24,quantile,0.7,299
2026-10-10,72,2,wk inc flu hosp,2026-10-24,quantile,0.75,323
2026-10-10,72,2,wk inc flu hosp,2026-10-24,quantile,0.8,352
2026-10-10,72,2,wk inc flu hosp,2026-10-24,quantile,0.85,390
2026-10-10,72,2,wk inc flu hosp,2026-10-24,quantile,0.9,442
2026-10-10,72,2,wk inc flu hosp,2026-10-24,quantile,0.95,536
2026-10-10,72,2,wk inc flu hosp,2026-10-24,quantile,0.975,639
2026-10-10,72,2,wk inc flu hosp,2026-10-24,quantile,0.99,791
2026-10-10,72,3,wk inc flu hosp,2026-10-31,quantile,0.01,22
2026-10-10,72,3,wk inc flu hosp,2026-10-31,quantile,0.025,41
2026-10-10,72,3,wk inc flu hosp,2026-10-31,quantile,0.05,64
2026-10-10,72,3,wk inc flu hosp,2026-10-31,quantile,0.1,99
2026-10-10,72,3,wk inc flu hosp,2026-10-31,quantile,0.15,128
2026-10-10,72,3,wk inc flu hosp,2026-10-31,quantile,0.2,152
2026-10-10,72,3,wk inc flu hosp,2026-10-31,quantile,0.25,175
2026-10-10,72,3,wk inc flu hosp,2026-10-31,quantile,0.3,196
2026-10-10,72,3,wk inc flu hosp,2026-10-31,quantile,0.35,217
2026-10-10,72,3,wk inc flu hosp,2026-10-31,quantile,0.4,238
2026-10-10,72,3,wk inc flu hosp,2026-10-31,quantile,0.45,259
2026-10-10,72,3,wk inc flu hosp,2026-10-31,quantile,0.5,282
2026-10-10,72,3,wk inc flu hosp,2026-10-31,quantile,0.55,306
2026-10-10,72,3,wk inc flu hosp,2026-10-31,quantile,0.6,331
2026-10-10,72,3,wk inc flu hosp,2026-10-31,quantile,0.65,360
2026-10-10,72,3,wk inc flu hosp,2026-10-31,quantile,0.7,393
2026-10-10,72,3,wk inc flu hosp,2026-10-31,quantile,0.75,431
2026-10-10,72,3,wk inc flu hosp,2026-10-31,quantile,0.8,478
2026-10-10,72,3,wk inc flu hosp,2026-10-31,quantile,0.85,539
2026-10-10,72,3,wk inc flu hosp,2026-10-31,quantile,0.9,629
2026-10-10,72,3,wk inc flu hosp,2026-10-31,quantile,0.95,795
2026-10-10,72,3,wk inc flu hosp,2026-10-31,quantile,0.975,984
2026-10-10,72,3,wk inc flu hosp,2026-10-31,quantile,0.99,1278
